destination_id,destination,district,best_season,tags,main_category,activities,difficulty_level,accessibility,latitude,longitude,province,description,transportation,attraction_total_reviews,attraction_sample_reviews,destination_image_path,ratings,popularity,crowd_level
1,mount everest (sagarmatha national park),solukhumbu,"Mar-May, Sep-Nov","Mountain, Trekking, Adventure, UNESCO",Trekking & Adventure,"Trek to Base Camp, Mountain Climbing, Sherpa Culture, Photography",Hard,Flight + Multi-day Trek,27.9881,86.925,1,"Rising to 8,848 meters, Mount Everest is the crown jewel of Sagarmatha National Park, a UNESCO World Heritage Site. The park is home to dramatic Himalayan peaks, glaciers, and valleys, as well as the Sherpa people whose culture and monasteries enrich the region. Trekkers flock here for the Everest Base Camp trail, while climbers attempt the summit, making it both a natural wonder and a cultural landmark.","From Kathmandu, travel by flight to Lukla and then trek through Namche Bazaar to reach Sagarmatha National Park near Everest.",8450,A breathtaking UNESCO site offering the ultimate Himalayan adventure.,mount everest (sagarmatha national park)\Mount Everest (Sagarmatha National Park) 1.1.jpeg; mount everest (sagarmatha national park)\Mount Everest (Sagarmatha National Park)1.2.jpeg; mount everest (sagarmatha national park)\Mount Everest (Sagarmatha National Park)1.3.jpeg,4.9,95.7,Moderate
2,dantakali temple,dhankuta,Oct–Mar,Temple; Pilgrimage; Viewpoint,Natural Attractions,Worship; Sunrise/Sunset Viewing; Photography; Cultural Tour,Easy,Road Accessible + Short Hike,26.983,87.2835,1,"Situated in Dharan, the Dantakali Temple is a revered Hindu shrine dedicated to Goddess Dantakali, believed to mark the spot where Goddess Sati’s tooth fell. As one of Nepal’s Shakti Peethas, it draws thousands of devotees during festivals like Dashain and Navaratri. The temple’s pagoda-style architecture and peaceful hillside setting make it both spiritually significant and visually captivating.","From Kathmandu, drive or take a bus to Dharan in Sunsari District and then continue a short ride uphill to Dantakali Temple.",890,A sacred Shakti Peeth revered for its spiritual peace and panoramic Dharan views.,Dantakali Temple\Dantakali Temple 1.1.jpeg; Dantakali Temple\Dantakali Temple1.2.png; Dantakali Temple\Dantakali Temple1.3.jpeg,4.2,65.9,High
3,koshi tappu wildlife reserve,saptari,Oct–Mar,Wildlife; Birdwatching; Nature,Natural Attractions,Wildlife Safari; Birdwatching; Photography; Nature Walks,Easy,Road Accessible,26.6667,87,1,"Established in 1976, Koshi Tappu is Nepal’s smallest wildlife reserve but one of its most important wetlands. Recognized as a Ramsar site, it shelters the rare wild water buffalo (Arna) and over 400 bird species, including migratory waterfowl. Its marshes, mudflats, and reed beds create a paradise for birdwatchers and nature lovers.","From Kathmandu, drive or fly to Biratnagar and continue by road to Koshi Tappu Wildlife Reserve in Sunsari District.",2109,A birdwatcher’s paradise filled with exotic migratory species and wetlands.,Koshi Tappu Wildlife Reserve\Koshi Tappu Wildlife Reserve1.1.jpeg; Koshi Tappu Wildlife Reserve\Koshi Tappu Wildlife Reserve1.2.jpeg; Koshi Tappu Wildlife Reserve\Koshi Tappu Wildlife Reserve1.3.jpeg,4.7,93.6,Very High
4,ilām tea gardens,ilam,Oct–Mar,Tea Garden; Nature; Village,Natural Attractions,Photography; Tea Garden Tours; Walks; Local Experience,Easy,Road Accessible,26.92,88.01,1,"The rolling tea gardens of Ilām stretch across misty hills, producing some of Nepal’s finest tea. Visitors can stroll through lush plantations, learn about tea processing, and enjoy panoramic views of green landscapes dotted with small villages. The gardens are a symbol of Ilām’s identity and a serene escape for travelers.","From Kathmandu, drive or fly to Bhadrapur and continue by road to Ilam where you can explore the scenic tea gardens.",763,Serene green hills blanketed with tea plantations and misty mountain views.,ilām tea gardens\Ilām Tea Gardens1.1.jpeg; ilām tea gardens\Ilām Tea Gardens1.2.jpeg; ilām tea gardens\Ilām Tea Gardens1.3.jpeg; ilām tea gardens\Indrasarovar Lake 1.1.jpeg,4.4,61.1,High
5,bhedetar,dhankuta,Oct–Mar,Hill Town; Nature; Viewpoint,Natural Attractions,Sightseeing; Photography; Picnic; Short Hike,Easy,Road Accessible,26.997,87.285,1,"Just above Dharan, Bhedetar is a hill station known for its cool climate and misty atmosphere. It serves as a gateway to eastern Nepal’s scenic routes and offers panoramic views of the plains and hills. Its unpredictable weather — shifting from sunshine to fog within minutes — adds to its charm.","From Kathmandu, drive to Dharan and continue uphill to reach the hill station of Bhedetar.From Kathmandu, drive to Dharan and continue uphill to the hill station of Bhedetar.",700,A peaceful hill station famous for its cool breeze and scenic Dharan valley overlook. A breezy hilltop town popular for its foggy charm and Dharan views.,Bhedetar\Bhedetar1.1.jpeg; Bhedetar\Bhedetar1.2.jpeg; Bhedetar\Bhedetar1.3.jpeg,4.1,83.9,High
6,limbu villages,tehrathum,Mar–May; Sep–Nov,Cultural Village; Limbu,Cultural & Religious Sites,Cultural Tours; Trekking; Photography,Moderate,Road + Trekking,27.2,87.45,1,"Traditional Limbu settlements in eastern Nepal showcase rich culture, unique architecture, and warm hospitality. Visitors can experience local festivals, taste traditional dishes like tongba (millet beer), and learn about the Limbu people’s deep connection to their land and heritage","From Kathmandu, travel to Ilam or Taplejung by road and visit the traditional Limbu Villages in the region.From Kathmandu, travel toward Taplejung or Panchthar and visit the traditional Limbu Villages.",100,"Authentic Limbu culture and warm rural hospitality amidst lush hills. Rich in Limbu traditions, dances, and authentic highland culture.",Limbu Villages\Limbu Villages1.1.jpeg; Limbu Villages\Limbu Villages1.2.jpeg; Limbu Villages\Limbu Villages1.3.jpeg,4.5,25.4,Low
7,hile,dhankuta,Oct–Mar,Hill Town; Local Market; Trekking Start,Natural Attractions,Market Tour; Local Experience; Photography; Short Treks,Easy,Road Accessible,26.987,87.29,1,"A bustling town in Dhankuta district, Hile is a popular stopover for travelers heading into the hills. Known for its cool weather and lively bazaar, it offers a glimpse into everyday life in eastern Nepal while serving as a hub for trade and culture.","From Kathmandu, drive to Dharan and continue toward Dhankuta to reach Hile.",980,"A charming hill town known for its cool climate, views, and traditional Newari culture.",Chhapahile\download (1).jpeg; Chhapahile\download (2).jpeg; Chhapahile\download (3).jpeg; Chhapahile\download (4).jpeg; Chhapahile\download.jpeg,4,67.7,High
8,rhododendron bloom spots,tehrathum/ilam,Mar–May,Trekking; Nature; Rhododendron,Natural Attractions,Trekking; Rhododendron Viewing; Photography; Camping,Moderate,Road + Trekking,27.21,87.45,1,"In spring, the hills of eastern Nepal burst into color with rhododendrons, Nepal’s national flower. These bloom spots transform forests into vibrant landscapes, attracting trekkers and photographers eager to witness the natural spectacle.","From Kathmandu, travel to Tinjure, Milke, or Jaljale region in Tehrathum to witness rhododendron bloom spots.",112,Hillsides come alive with vibrant red and pink blooms each spring.,Rhododendron Bloom Spots\Rhododendron Bloom Spots 1.1.jpeg; Rhododendron Bloom Spots\Rhododendron Bloom Spots 1.10.jpeg; Rhododendron Bloom Spots\Rhododendron Bloom Spots 1.2.jpeg; Rhododendron Bloom Spots\Rhododendron Bloom Spots 1.3.jpeg; Rhododendron Bloom Spots\Rhododendron Bloom Spots 1.4.jpeg; Rhododendron Bloom Spots\Rhododendron Bloom Spots 1.5.jpeg; Rhododendron Bloom Spots\Rhododendron Bloom Spots 1.7.jpeg; Rhododendron Bloom Spots\Rhododendron Bloom Spots 1.8.jpeg; Rhododendron Bloom Spots\Rhododendron Bloom Spots 1.9.jpeg,4.7,28.1,Low
9,didi-baini waterfall,ilam,Mar–May,Waterfall; Nature; Picnic Spot,Natural Attractions,Sightseeing; Photography; Picnic,Easy,Road Accessible,26.9833,87.9833,1,"Located near Dharan, this twin waterfall is a refreshing retreat surrounded by greenery. Its name, meaning “elder and younger sisters,” reflects the paired cascades that tumble side by side, creating a tranquil and picturesque setting.","From Kathmandu, drive to Dhankuta and continue to the local Didi-Baini Waterfall area.",500,A hidden natural gem surrounded by dense greenery and tranquility.,Didi-Baini Waterfall\Didi-Baini Waterfall 1.1.jpeg; Didi-Baini Waterfall\Didi-Baini Waterfall 1.10.jpeg; Didi-Baini Waterfall\Didi-Baini Waterfall 1.2.jpeg; Didi-Baini Waterfall\Didi-Baini Waterfall 1.3.jpeg; Didi-Baini Waterfall\Didi-Baini Waterfall 1.4.jpeg; Didi-Baini Waterfall\Didi-Baini Waterfall 1.5.jpeg; Didi-Baini Waterfall\Didi-Baini Waterfall 1.6.jpeg; Didi-Baini Waterfall\Didi-Baini Waterfall 1.7.jpeg; Didi-Baini Waterfall\Didi-Baini Waterfall 1.8.jpeg; Didi-Baini Waterfall\Didi-Baini Waterfall 1.9.jpeg,4.4,41.3,Moderate
10,barun valley,sankhuwasabha,Mar–May; Sep–Nov,Hidden Valley; Trekking; Nature,Natural Attractions,Trekking; Camping; Photography,Hard,Flight + Trekking,27.8667,87.2833,1,"Nestled below Mount Makalu, Barun Valley is a pristine wilderness of alpine meadows, waterfalls, and rare flora and fauna. Its untouched beauty makes it a paradise for trekkers seeking solitude and connection with nature.","From Kathmandu, fly to Tumlingtar in Sankhuwasabha and trek through the Makalu region to reach Barun Valley.",81,A pristine valley offering untouched wilderness below majestic Makalu.,Barun Valley\Barun Valley 1.1.jpeg; Barun Valley\Barun Valley 1.10.jpeg; Barun Valley\Barun Valley 1.2.jpeg; Barun Valley\Barun Valley 1.3.jpeg; Barun Valley\Barun Valley 1.4.jpeg; Barun Valley\Barun Valley 1.5.jpeg; Barun Valley\Barun Valley 1.6.jpeg; Barun Valley\Barun Valley 1.7.jpeg; Barun Valley\Barun Valley 1.8.jpeg; Barun Valley\Barun Valley 1.9.jpeg,4.8,20.4,Low
11,makalu barun national park,sankhuwasabha,Mar–May; Sep–Nov,Remote Trekking; Wilderness; Biodiversity,Trekking & Adventure,Trekking; Wildlife Spotting; Camping; Photography,Hard,Flight + Trekking,27.8833,87.2333,1,"Covering diverse landscapes from subtropical forests to snow-covered peaks, this park protects Mount Makalu and an incredible range of wildlife. It is one of the few places where tropical and alpine ecosystems coexist, offering unique biodiversity","From Kathmandu, fly to Tumlingtar and trek to reach Makalu Barun National Park in Sankhuwasabha.",369,A haven of biodiversity and rugged Himalayan landscapes.,Makalu Barun National Park\Makalu Barun National Park 1.1.jpeg; Makalu Barun National Park\Makalu Barun National Park 1.2.jpeg; Makalu Barun National Park\Makalu Barun National Park 1.3.jpeg; Makalu Barun National Park\Makalu Barun National Park 1.4.jpeg; Makalu Barun National Park\Makalu Barun National Park 1.5.jpeg; Makalu Barun National Park\Makalu Barun National Park 1.6.jpeg; Makalu Barun National Park\Makalu Barun National Park 1.7.jpeg; Makalu Barun National Park\Makalu Barun National Park 1.8.jpeg,4.5,53.9,Moderate
12,triveni dham,nawalparasi,Oct–Mar,"Pilgrimage Site, Religious Tourism, River Confluence, Hindu Temple",Natural Attractions,"Holy Bathing, Temple Visit, Religious Fair, Boating, Sightseeing",Easy,Road Accessible,27.45,83.93,1,"A sacred Hindu pilgrimage site at the confluence of three rivers, Triveni Dham is revered for its spiritual significance. Pilgrims gather here for rituals and fairs, making it a vibrant center of devotion and culture.","From Kathmandu, drive to Nawalpur via Narayanghat and continue toward the Triveni Dham pilgrimage site.",700,A sacred confluence where devotees gather for peace and purification.,,4.4,82.3,High
13,thamserku viewpoint,solukhumbu,"Mar–May, Sep–Nov","Mountain, Trekking, Viewpoint",Natural Attractions,"Trekking, Sunrise/Sunset Photography, Mountain Viewing",Hard,Trekking from Namche Bazaar,27.75,86.7,1,"This viewpoint offers breathtaking vistas of Thamserku peak, a striking mountain in the Everest region. It is a favorite stop for trekkers, providing a chance to admire the grandeur of the Himalayas.","From Kathmandu, fly to Lukla and trek through Namche Bazaar toward the Thamserku Viewpoint.From Kathmandu, fly to Lukla and trek via Namche Bazaar toward the Thamserku Viewpoint area.",14,A spectacular spot to witness the grandeur of Thamserku peak. Offers stunning close-up views of Thamserku peak and Everest range.,Thamserku Viewpoint\download (1).jpeg; Thamserku Viewpoint\download (2).jpeg; Thamserku Viewpoint\download (3).jpeg; Thamserku Viewpoint\download (5).jpeg; Thamserku Viewpoint\download.jpeg,4.8,11.8,Very Low
14,taplejung micro temple,taplejung,Oct–Mar,Temple; Local; Offbeat,Cultural & Religious Sites,Worship; Photography; Short Walk,Easy,Road + Short Walk,27.3,87.6,1,"A small but culturally important shrine in Taplejung, the temple reflects local traditions and spiritual devotion. Despite its size, it holds deep meaning for the community.","From Kathmandu, drive or fly to Taplejung and visit the local micro temple sites in the town.From Kathmandu, travel to Taplejung and visit the local micro temples within the town area.",1104,A small yet spiritually rich temple nestled in a remote mountain setting. A small local temple that adds charm to the mountain setting.,Taplejung\Taplejung 1.1.jpeg; Taplejung\Taplejung 1.10.jpeg; Taplejung\Taplejung 1.2.jpeg; Taplejung\Taplejung 1.3.jpeg; Taplejung\Taplejung 1.4.jpeg; Taplejung\Taplejung 1.5.jpeg; Taplejung\Taplejung 1.6.jpeg; Taplejung\Taplejung 1.7.jpeg; Taplejung\Taplejung 1.8.jpeg; Taplejung\Taplejung 1.9.jpeg,4.1,83.7,High
15,hile tiny viewpoint,dhankuta,Oct–Mar,Viewpoint; Nature; Offbeat,Natural Attractions,Photography; Short Walk; Nature Observation,Easy,Road + Short Walk,26.99,87.29,1,"A modest lookout near Hile, this viewpoint rewards visitors with sweeping views of surrounding hills and valleys, perfect for a quiet moment of reflection.","From Kathmandu, drive to Dhankuta and then to Hile where you can reach the tiny viewpoint nearby.From Kathmandu, drive toward Dharan and continue to Hile where you can reach the small viewpoint nearby.",866,Offers panoramic views of eastern hills and tea-clad slopes. Offers wide views of green hills and tea-clad landscapes.,Hile\hile 1.1.jpeg; Hile\hile 1.10.jpeg; Hile\hile 1.2.jpeg; Hile\hile 1.3.jpeg; Hile\hile 1.4.jpeg; Hile\hile 1.5.jpeg; Hile\hile 1.6.jpeg; Hile\hile 1.7.jpeg; Hile\hile 1.8.jpeg; Hile\hile 1.9.jpeg,4.3,72.2,High
16,sankhuwasabha micro waterfall,sankhuwasabha,Oct–Mar,Waterfall; Nature; Offbeat,Natural Attractions,Photography; Short Trek; Nature Walk,Moderate,Road + Short Trek,27.91,87.11,1,"Hidden in the rural landscapes of Sankhuwasabha, this small waterfall adds charm and serenity to the region, offering a peaceful stop for travelers.","From Kathmandu, fly or drive to Khandbari in Sankhuwasabha and continue toward local micro waterfall sites.",82,A refreshing mini waterfall ideal for quick nature escapes.,Sankhu\Sankhu 1.1.jpeg; Sankhu\Sankhu 1.10.jpeg; Sankhu\Sankhu 1.2.jpeg; Sankhu\Sankhu 1.3.jpeg; Sankhu\Sankhu 1.4.jpeg; Sankhu\Sankhu 1.5.jpeg; Sankhu\Sankhu 1.6.jpeg; Sankhu\Sankhu 1.7.jpeg; Sankhu\Sankhu 1.8.jpeg; Sankhu\Sankhu 1.9.jpeg,4.8,20.5,Low
17,kanchenjunga base camp viewpoint,taplejung,Mar–May; Sep–Nov,Viewpoint; Mountain; Scenic,Natural Attractions,Photography; Trekking; Camping; Sunrise/Sunset,Hard,Trek Access,27.7,87.7,1,"From this vantage point, trekkers can admire Kanchenjunga, the world’s third-highest mountain. The viewpoint offers awe-inspiring panoramas of snow peaks and rugged terrain.","From Kathmandu, fly or drive to Taplejung and trek toward Kanchenjunga Base Camp for the viewpoint.From Kathmandu, fly or drive to Taplejung and trek toward the Kanchenjunga Base Camp Viewpoint.",103,Panoramic views of the world’s third-highest mountain. Panoramic viewpoint offering majestic close-up mountain vistas.,Kanchenjunga Base Camp Viewpoint\Kanchenjunga Base Camp Viewpoint 1.1.jpeg; Kanchenjunga Base Camp Viewpoint\Kanchenjunga Base Camp Viewpoint 1.10.jpeg; Kanchenjunga Base Camp Viewpoint\Kanchenjunga Base Camp Viewpoint 1.2.jpeg; Kanchenjunga Base Camp Viewpoint\Kanchenjunga Base Camp Viewpoint 1.3.jpeg; Kanchenjunga Base Camp Viewpoint\Kanchenjunga Base Camp Viewpoint 1.4.jpeg; Kanchenjunga Base Camp Viewpoint\Kanchenjunga Base Camp Viewpoint 1.5.jpeg; Kanchenjunga Base Camp Viewpoint\Kanchenjunga Base Camp Viewpoint 1.6.jpeg; Kanchenjunga Base Camp Viewpoint\Kanchenjunga Base Camp Viewpoint 1.7.jpeg; Kanchenjunga Base Camp Viewpoint\Kanchenjunga Base Camp Viewpoint 1.8.jpeg; Kanchenjunga Base Camp Viewpoint\Kanchenjunga Base Camp Viewpoint 1.9.jpeg,4.6,25.9,Low
18,ilaka bazaar homestays,ilam,Oct–Mar,Village; Cultural; Offbeat,Cultural & Religious Sites,Homestay; Photography; Tea Garden Visit,Easy,Road Accessible,26.92,88.02,1,"In Ilaka Bazaar, homestays provide authentic hospitality, allowing visitors to experience local life, cuisine, and traditions firsthand. Staying with families offers cultural immersion and genuine warmth","From Kathmandu, travel to Bhojpur by road or flight and continue to Ilaka Bazaar for homestay experiences.",110,Experience authentic village life and warm hospitality in Bhojpur.,,4.6,27.7,Low
19,thulung dudhkoshi trek,sankhuwasabha,Mar–May; Sep–Nov,Trekking; Sherpa Village; Nature,Natural Attractions,Trekking; Village Exploration; Camping; Photography,Hard,Flight + Trekking,27.9,87.1,1,"This trek follows the Dudhkoshi River through Thulung villages, blending Himalayan scenery with rich cultural traditions. Travelers encounter terraced fields, suspension bridges, and warm hospitality, making it both a scenic and cultural journey.","From Kathmandu, drive or fly to Phaplu in Solukhumbu and start the Thulung Dudhkoshi Trek from there.",123,A scenic offbeat trail following the pristine Dudh Koshi River.,Thulung Dudhkoshi Trek\Thulung Dudhkoshi Trek 1.1.jpeg; Thulung Dudhkoshi Trek\Thulung Dudhkoshi Trek 1.10.jpeg; Thulung Dudhkoshi Trek\Thulung Dudhkoshi Trek 1.2.jpeg; Thulung Dudhkoshi Trek\Thulung Dudhkoshi Trek 1.3.jpeg; Thulung Dudhkoshi Trek\Thulung Dudhkoshi Trek 1.4.jpeg; Thulung Dudhkoshi Trek\Thulung Dudhkoshi Trek 1.5.jpeg; Thulung Dudhkoshi Trek\Thulung Dudhkoshi Trek 1.6.jpeg; Thulung Dudhkoshi Trek\Thulung Dudhkoshi Trek 1.7.jpeg; Thulung Dudhkoshi Trek\Thulung Dudhkoshi Trek 1.8.jpeg; Thulung Dudhkoshi Trek\Thulung Dudhkoshi Trek 1.9.jpeg,4.7,19.2,Low
20,himalayan hot springs,taplejung,Oct–Mar,Hot Springs; Nature; Relaxation,Natural Attractions,Relaxation; Photography; Nature Walks,Easy,Road Accessible,27.7,87.75,1,"Nestled in remote valleys, these natural hot springs provide a soothing retreat for trekkers. Surrounded by mountains, they are believed to have healing properties and offer relaxation after long days of hiking.","From Kathmandu, travel to Sankhuwasabha or Taplejung by air or road and visit the Himalayan hot springs nearby.",258,Natural thermal baths with healing properties in tranquil settings.,Himalayan hot spring\Himalayan Hot Springs 1.1.jpeg; Himalayan hot spring\Himalayan Hot Springs 1.10.jpeg; Himalayan hot spring\Himalayan Hot Springs 1.2.jpeg; Himalayan hot spring\Himalayan Hot Springs 1.3.jpeg; Himalayan hot spring\Himalayan Hot Springs 1.4.jpeg; Himalayan hot spring\Himalayan Hot Springs 1.5.jpeg; Himalayan hot spring\Himalayan Hot Springs 1.6.jpeg; Himalayan hot spring\Himalayan Hot Springs 1.7.jpeg; Himalayan hot spring\Himalayan Hot Springs 1.8.jpeg; Himalayan hot spring\Himalayan Hot Springs 1.9.jpeg,4,22.1,Low
21,makalu viewpoint,sankhuwasabha,"Apr–May, Oct–Nov","Mountain, Trekking, Viewpoint",Trekking & Adventure,"Trekking, Photography, Camping",Hard,Flight + Trekking,27.9,87.15,1,"A vantage spot to admire Mount Makalu, the fifth-highest peak in the world. The viewpoint offers sweeping panoramas of rugged ridges, glaciers, and valleys, making it a highlight for adventurers in the Makalu-Barun region.","From Kathmandu, fly to Tumlingtar and trek to Makalu Base area for the Makalu Viewpoint.",159,Offers stunning views of Mount Makalu and surrounding peaks.,Makalu Viewpoint\Makalu Viewpoint 1.1.jpeg; Makalu Viewpoint\Makalu Viewpoint 1.10.jpeg; Makalu Viewpoint\Makalu Viewpoint 1.2.jpeg; Makalu Viewpoint\Makalu Viewpoint 1.3.jpeg; Makalu Viewpoint\Makalu Viewpoint 1.4.jpeg; Makalu Viewpoint\Makalu Viewpoint 1.5.jpeg; Makalu Viewpoint\Makalu Viewpoint 1.6.jpeg; Makalu Viewpoint\Makalu Viewpoint 1.7.jpeg; Makalu Viewpoint\Makalu Viewpoint 1.8.jpeg; Makalu Viewpoint\Makalu Viewpoint 1.9.jpeg,4.5,36.7,Moderate
22,sabhapokhari,sankhuwasabha,Apr to Oct,Rural mountain municipality; natural pond (Pokhari); scenic views; religious / spiritual significance; local community culture; mountain landscapes.,Natural Attractions,Visiting ponds; sightseeing & nature walks; local culture & community interaction; observing mountain and valley landscapes; possibly pilgrimage to local religious sites,Moderate,"Road Accessible, possibly walking trails in remote wards",27.45,87.3,1,"A sacred high-altitude lake in Sankhuwasabha, Sabhapokhari is surrounded by alpine meadows and revered by locals for its spiritual significance. Pilgrims visit during festivals, while trekkers enjoy its serene beauty.","From Kathmandu, fly to Tumlingtar and trek toward Sabhapokhari in Sankhuwasabha District.",357,A peaceful lake surrounded by legends and high-altitude beauty.,Sabhapokhari\download (1).jpeg; Sabhapokhari\download (10).jpeg; Sabhapokhari\download (2).jpeg; Sabhapokhari\download (3).jpeg; Sabhapokhari\download (4).jpeg; Sabhapokhari\download (5).jpeg; Sabhapokhari\download (6).jpeg; Sabhapokhari\download (7).jpeg; Sabhapokhari\download (8).jpeg; Sabhapokhari\download (9).jpeg; Sabhapokhari\download.jpeg,4.2,19.8,Low
23,"rhododendron trail (tinjure, milke, jaljale)",tehrathum,Mar–May,"Trekking, Rhododendron, Nature",Natural Attractions,"Trekking, Rhododendron Viewing, Photography",Moderate,Road + Trekking,27.2,87.45,1,"Famous for Nepal’s national flower, this trail bursts into color each spring with rhododendron blooms. Stretching across ridges and forests, it’s a paradise for nature lovers and photographers.","From Kathmandu, drive to Dhankuta and then continue to Tehrathum region to explore the rhododendron trail.",61,A colorful trail famed for rhododendron forests and vistas.,,4.7,15.4,Low
24,local mountain viewpoints (tehrathum/panchthar),tehrathum/panchthar,Oct–Mar,Viewpoint; Mountain; Nature,Natural Attractions,Photography; Sightseeing; Short Hikes,Easy,Road + Short Hike,27.2,87.45,1,"These viewpoints offer stunning vistas of snow peaks, rolling hills, and terraced landscapes. They showcase the grandeur of eastern Nepal’s Himalayan backdrop while remaining accessible to local communities.","From Kathmandu, travel to Tehrathum or Panchthar by road and visit the nearby mountain viewpoints.",321,Panoramic hilltops perfect for sunrise and photography.,Local Mountain Viewpoint\Local Mountain Viewpoints  1.1.jpeg; Local Mountain Viewpoint\Local Mountain Viewpoints 1.2.jpeg; Local Mountain Viewpoint\Local Mountain Viewpoints 1.3.jpeg; Local Mountain Viewpoint\Local Mountain Viewpoints 1.4.jpeg; Local Mountain Viewpoint\Local Mountain Viewpoints 1.5.jpeg; Local Mountain Viewpoint\Local Mountain Viewpoints 1.6.jpeg; Local Mountain Viewpoint\Local Mountain Viewpoints1.7.jpeg,4.2,18.7,Low
25,bantawa village,tehrathum,Mar–May; Sep–Nov,Cultural Village; Limbu,Cultural & Religious Sites,Cultural Tours; Local Experiences; Photography,Easy,Road Accessible,27.2,87.45,1,"A traditional Bantawa Rai settlement, known for its cultural heritage, folk songs, and warm hospitality. Visitors can experience authentic village life and learn about Rai customs and traditions.","From Kathmandu, drive to Dhankuta and visit Bantawa Village known for its ethnic culture.",987,A traditional Rai settlement rich in culture and community spirit.,Bantawa Village\Bantawa Village 1.1.jpeg; Bantawa Village\Bantawa Village 1.10.jpeg; Bantawa Village\Bantawa Village 1.2.jpeg; Bantawa Village\Bantawa Village 1.3.jpeg; Bantawa Village\Bantawa Village 1.4.jpeg; Bantawa Village\Bantawa Village 1.5.jpeg; Bantawa Village\Bantawa Village 1.6.jpeg; Bantawa Village\Bantawa Village 1.7.jpeg; Bantawa Village\Bantawa Village 1.8.jpeg; Bantawa Village\Bantawa Village 1.9.jpeg,4,35.9,Moderate
26,seasonal waterfalls (ilam taplejung),ilam/taplejung,Mar–May,Waterfall; Nature; Scenic,Natural Attractions,Sightseeing; Photography; Picnic,Easy,Road + Short Hike,26.95,87.95,1,"During the monsoon, countless waterfalls cascade down the hills of Ilam and Taplejung, turning the landscape into a dramatic display of natural beauty. These seasonal flows add charm to the lush terrain.","From Kathmandu, take a bus or flight to Bhadrapur or Suketar, then use local 4WD jeeps to reach the waterfalls along the Ilam-Taplejung highway.",120,A beautiful pristine offbeat spot hidden away from standard tourist tracks.,Seasonal Waterfall\Seasonal Waterfalls  1.1.jpeg; Seasonal Waterfall\Seasonal Waterfalls 1.2.jpeg; Seasonal Waterfall\Seasonal Waterfalls 1.3.jpeg; Seasonal Waterfall\Seasonal Waterfalls 1.4.jpeg; Seasonal Waterfall\Seasonal Waterfalls 1.5.jpeg; Seasonal Waterfall\Seasonal Waterfalls 1.6.jpeg; Seasonal Waterfall\Seasonal Waterfalls 1.7.jpeg; Seasonal Waterfall\Seasonal Waterfalls 1.8.jpeg; Seasonal Waterfall\Seasonal Waterfalls1.9.jpeg,3.9,20.7,Low
27,himalayan viewpoint,taplejung,"Mar–May, Sep–Nov","Mountain, Trekking",Trekking & Adventure,"Trekking, Photography, Local Culture Exploration",Moderate,Road + Short Trek,27.7,87.75,1,"Scattered across eastern Nepal, Himalayan viewpoints provide breathtaking panoramas of Everest, Makalu, Kanchenjunga, and other peaks. They are perfect spots for sunrise and sunset photography.","From Kathmandu, reach eastern hill districts such as Taplejung or Sankhuwasabha to see Himalayan viewpoints.",125,Stunning wide-angle views of snow-capped peaks and valleys.,Himalayan Viewpoint-Dhampus Ridge\Himalayan Viewpoint – Dhampus Ridge 1.1.jpeg; Himalayan Viewpoint-Dhampus Ridge\Himalayan Viewpoint – Dhampus Ridge 1.10.jpeg; Himalayan Viewpoint-Dhampus Ridge\Himalayan Viewpoint – Dhampus Ridge 1.2.jpeg; Himalayan Viewpoint-Dhampus Ridge\Himalayan Viewpoint – Dhampus Ridge 1.3.jpeg; Himalayan Viewpoint-Dhampus Ridge\Himalayan Viewpoint – Dhampus Ridge 1.4.jpeg; Himalayan Viewpoint-Dhampus Ridge\Himalayan Viewpoint – Dhampus Ridge 1.5.jpeg; Himalayan Viewpoint-Dhampus Ridge\Himalayan Viewpoint – Dhampus Ridge 1.6.jpeg; Himalayan Viewpoint-Dhampus Ridge\Himalayan Viewpoint – Dhampus Ridge 1.7.jpeg; Himalayan Viewpoint-Dhampus Ridge\Himalayan Viewpoint – Dhampus Ridge 1.8.jpeg; Himalayan Viewpoint-Dhampus Ridge\Himalayan Viewpoint – Dhampus Ridge 1.9.jpeg,4.5,37.5,Moderate
28,phakumba,taplejung,Apr to Oct,Rural community; Mountain hamlet; Indigenous culture (Rai ethnic majority); Moderate elevation; Scenic landscapes; Agriculture; Off-beat locale,Natural Attractions,Nature walks; Cultural immersion / visiting Rai community; Exploring rural/mountain scenery; Possibly trekking or routes to nearby hills; Bird and natural observation; Local agriculture life observation,Moderate,Road accessible,27.37738,87.54431,1,"A remote village in Taplejung district, Phakumba is known for its cultural richness and proximity to trekking routes. It offers a glimpse into traditional lifestyles amidst stunning mountain scenery.","From Kathmandu, fly or drive to Taplejung and continue to Phakumba village area.",136,A remote village offering serene landscapes and authentic Limbu heritage.,Phakumba\download (1).jpeg; Phakumba\download (11).jpeg; Phakumba\download (2).jpeg; Phakumba\download (3).jpeg; Phakumba\download (4).jpeg; Phakumba\download (5).jpeg; Phakumba\download (6).jpeg; Phakumba\download (7).jpeg; Phakumba\download.jpeg; Phakumba\images.jpeg,4.2,27.5,Low
29,biratnagar,morang,Oct–Feb,"City, Cultural",Cultural & Religious Sites,Sightseeing,Easy,Road accessible,26.4525,87.2718,1,"One of Nepal’s largest cities, Biratnagar is a bustling industrial hub and gateway to eastern Nepal. It blends modern commerce with cultural vibrancy, serving as a starting point for many journeys into the hills.","From Kathmandu, fly or drive directly to Biratnagar, the major city of eastern Nepal.",652,A vibrant industrial city with a growing touch of modern Nepalese culture.,Birat\download (1).jpeg; Birat\download (2).jpeg; Birat\download (3).jpeg; Birat\download (4).jpeg; Birat\download.jpeg,3.9,72.2,High
30,taplejung,taplejung,Oct–Nov,"Scenic, Trekking",Trekking & Adventure,"Sightseeing, Trekking",Moderate,Road + Trek,27.691,87.677,1,"A mountainous district in far eastern Nepal, Taplejung is home to Kanchenjunga and rich cultural diversity. Its villages, monasteries, and trekking routes make it a destination for both adventure and heritage.","From Kathmandu, drive via Dharan and Dhankuta or take a flight to Taplejung.From Kathmandu, drive via Dharan and Dhankuta or take a direct flight to Taplejung town.",954,A gateway to Kanchenjunga with untouched natural beauty and local warmth. A remote yet vibrant Himalayan town known for its natural wonders.,Limbu Village(Panchthar-Taplejung)\Limbu Villages (Panchthar–Taplejung) 1.1.jpeg; Limbu Village(Panchthar-Taplejung)\Limbu Villages (Panchthar–Taplejung) 1.10.png; Limbu Village(Panchthar-Taplejung)\Limbu Villages (Panchthar–Taplejung) 1.2.jpeg; Limbu Village(Panchthar-Taplejung)\Limbu Villages (Panchthar–Taplejung) 1.3.jpeg; Limbu Village(Panchthar-Taplejung)\Limbu Villages (Panchthar–Taplejung) 1.4.jpeg; Limbu Village(Panchthar-Taplejung)\Limbu Villages (Panchthar–Taplejung) 1.5.jpeg; Limbu Village(Panchthar-Taplejung)\Limbu Villages (Panchthar–Taplejung) 1.6.jpeg; Limbu Village(Panchthar-Taplejung)\Limbu Villages (Panchthar–Taplejung) 1.7.jpeg; Limbu Village(Panchthar-Taplejung)\Limbu Villages (Panchthar–Taplejung) 1.8.jpeg; Limbu Village(Panchthar-Taplejung)\Limbu Villages (Panchthar–Taplejung) 1.9.jpeg,4.6,41.7,Moderate
31,ilam,ilam,Sep–Nov,"Tea Gardens, Scenic",Natural Attractions,"Tea Tours, Walking",Easy,Road accessible,26.908,87.925,1,"Famous for its tea gardens, Ilam is a hill district of rolling green landscapes, misty mornings, and cultural charm. It’s a peaceful retreat where visitors can enjoy tea tasting, village walks, and panoramic views.","From Kathmandu, drive or fly to Bhadrapur and then reach Ilam by road.",94,"Known as the “Queen of Hills,” famed for its tea gardens and rolling greenery.",Ilaka Bazaar Homestay Ilam\Ilaka Bazaar Homestays ilam 1.1.jpeg; Ilaka Bazaar Homestay Ilam\Ilaka Bazaar Homestays ilam 1.10.jpeg; Ilaka Bazaar Homestay Ilam\Ilaka Bazaar Homestays ilam 1.2.jpeg; Ilaka Bazaar Homestay Ilam\Ilaka Bazaar Homestays ilam 1.3.jpeg; Ilaka Bazaar Homestay Ilam\Ilaka Bazaar Homestays ilam 1.4.jpeg; Ilaka Bazaar Homestay Ilam\Ilaka Bazaar Homestays ilam 1.5.jpeg; Ilaka Bazaar Homestay Ilam\Ilaka Bazaar Homestays ilam 1.6.jpeg; Ilaka Bazaar Homestay Ilam\Ilaka Bazaar Homestays ilam 1.7.jpeg; Ilaka Bazaar Homestay Ilam\Ilaka Bazaar Homestays ilam 1.8.jpeg; Ilaka Bazaar Homestay Ilam\Ilaka Bazaar Homestays ilam 1.9.jpeg,4.4,23.7,Low
32,dhankuta,dhankuta,Oct–Feb,"Scenic, Culture",Natural Attractions,"Village Walks, Sightseeing",Easy,Road accessible,26.983,87.283,1,"A hill town in eastern Nepal, Dhankuta is known for its cool climate, lively bazaars, and cultural diversity. It serves as a gateway to scenic trekking routes and offers panoramic views of the surrounding hills and valleys","From Kathmandu, drive toward Dharan and continue uphill to reach Dhankuta town.",758,A historical hill town surrounded by orchards and scenic mountain views. A historical hill town rich in tradition and scenic mountain vistas.,,4.1,70.8,High
33,sankhuwasabha,sankhuwasabha,Oct–Nov,"Mountains, Trekking",Trekking & Adventure,"Trekking, Photography",Hard,Trek route,27.616,87.25,1,"Home to Makalu-Barun National Park, Sankhuwasabha is a district of dramatic landscapes ranging from subtropical forests to snow peaks. It is rich in biodiversity and culture, with sacred lakes and traditional villages dotting its terrain.","From Kathmandu, fly to Tumlingtar or drive via Dharan and continue to Sankhuwasabha.From Kathmandu, fly to Tumlingtar or drive via Dharan and continue uphill to reach Sankhuwasabha District.",420,"A land of rivers, caves, and Himalayan peaks rich in ethnic diversity. A gateway to the Himalayas rich in natural and cultural diversity.",Sankhu\Sankhu 1.1.jpeg; Sankhu\Sankhu 1.10.jpeg; Sankhu\Sankhu 1.2.jpeg; Sankhu\Sankhu 1.3.jpeg; Sankhu\Sankhu 1.4.jpeg; Sankhu\Sankhu 1.5.jpeg; Sankhu\Sankhu 1.6.jpeg; Sankhu\Sankhu 1.7.jpeg; Sankhu\Sankhu 1.8.jpeg; Sankhu\Sankhu 1.9.jpeg,4.7,42,Moderate
34,ilaka bazaar & homestays (bhojpur),bhojpur,Mar–May,"Cultural, Rural, Scenic",Natural Attractions,"Cultural Tours, Homestays, Photography",Easy,Road accessible,27,87.5,1,"Ilaka Bazaar is a bustling market town in Bhojpur, where homestays provide authentic hospitality. Staying with local families allows visitors to experience traditional cuisine, customs, and everyday life in rural Nepal.","From Kathmandu, travel to Bhojpur by road or short flight and continue to Ilaka Bazaar for local homestays.",300,Experience local lifestyle and traditional food in peaceful homestays.,,4.6,29.9,Low
35,khoping pokhari,tehrathum,"Mar–May, Sep–Nov","Rhododendron ridge, alpine pond, scenic viewpoint, pilgrimage/holy pond (local significance), nature tourism",Natural Attractions,"Hiking / ridge-trekking, photography (Himalaya views & reflections in ponds), rhododendron-watching, bird / nature watching, local cultural visits",Moderate,"Trek route, Seasonal roads/paths",27.22,87.71,1,"A serene high-altitude lake surrounded by hills and forests, Khoping Pokhari is a peaceful retreat for pilgrims and trekkers alike. Its calm waters and natural setting make it a hidden gem.","From Kathmandu, fly or drive to Sankhuwasabha and continue toward Khoping Pokhari.",358,A serene pond offering reflection views and a calm natural setting.,Khoping Pokhari\download (1).jpeg; Khoping Pokhari\download (2).jpeg; Khoping Pokhari\download (3).jpeg; Khoping Pokhari\download (4).jpeg; Khoping Pokhari\download (5).jpeg; Khoping Pokhari\download.jpeg; Khoping Pokhari\images (1).jpeg; Khoping Pokhari\images (2).jpeg; Khoping Pokhari\images (3).jpeg; Khoping Pokhari\images.jpeg,4.5,22.8,Low
36,himalayan hot springs (taplejung sankhuwasabha),taplejung/sankhuwasabha,Mar–May,"Nature, Adventure, Wellness",Natural Attractions,"Hot Springs, Trekking, Photography",Moderate,Trek route,27,87.5,1,"These natural hot springs, tucked into remote valleys, are popular among trekkers for relaxation and healing. Surrounded by Himalayan scenery, they provide a soothing break from rugged trails.","From Kathmandu, fly to Suketar or Tumlingtar, then hire a local 4WD jeep and trek toward the remote riverside hot springs.",120,A beautiful pristine offbeat spot hidden away from standard tourist tracks.,Himalayan hot spring\Himalayan Hot Springs 1.1.jpeg; Himalayan hot spring\Himalayan Hot Springs 1.10.jpeg; Himalayan hot spring\Himalayan Hot Springs 1.2.jpeg; Himalayan hot spring\Himalayan Hot Springs 1.3.jpeg; Himalayan hot spring\Himalayan Hot Springs 1.4.jpeg; Himalayan hot spring\Himalayan Hot Springs 1.5.jpeg; Himalayan hot spring\Himalayan Hot Springs 1.6.jpeg; Himalayan hot spring\Himalayan Hot Springs 1.7.jpeg; Himalayan hot spring\Himalayan Hot Springs 1.8.jpeg; Himalayan hot spring\Himalayan Hot Springs 1.9.jpeg,4.7,28.4,Low
37,jhyau pokhari,ilam,Mar–Nov,"Alpine pond, Scenic viewpoint, Rural mountain, Nature tourism",Natural Attractions,"Nature walks, photography, bird watching, local culture visits",Moderate,"Road accessible, trekking paths",27.03418,87.9036,1,"A small but picturesque pond, Jhyau Pokhari is valued for its tranquil setting and local significance. It is often visited by villagers and travelers seeking quiet reflection.","From Kathmandu, fly or drive to Sankhuwasabha and continue toward Jhyau Pokhari area.From Kathmandu, travel again to Sankhuwasabha region to reach Jhyau Pokhari.",90,"A quiet lake surrounded by lush greenery, ideal for picnics and meditation. A quaint rural area offering scenic trails and cultural simplicity.",Jhyau pokhari\download (1).jpeg; Jhyau pokhari\download (2).jpeg; Jhyau pokhari\download (3).jpeg; Jhyau pokhari\download (4).jpeg; Jhyau pokhari\download (5).jpeg; Jhyau pokhari\download (6).jpeg; Jhyau pokhari\download (7).jpeg; Jhyau pokhari\download (8).jpeg; Jhyau pokhari\download (9).jpeg; Jhyau pokhari\download.jpeg,4.7,22.5,Low
38,nundhaki,sankhuwasabha,Mar–Nov,"Mountain village, Rural community, Scenic landscapes, Nature tourism",Natural Attractions,"Hiking, Nature walks, Cultural visits, Photography",Moderate,"Trek route,Road accessible",27.45,87.65,1,"A traditional settlement in Sankhuwasabha, Nundhaki is known for its cultural heritage and scenic surroundings. It offers a glimpse into rural life and the harmony between people and nature.","From Kathmandu, fly to Tumlingtar and drive to Nundhaki in Sankhuwasabha.",125,A peaceful highland village with authentic local charm and stunning views.,Nundhaki\download (1).jpeg; Nundhaki\download (2).jpeg; Nundhaki\download (3).jpeg; Nundhaki\download (4).jpeg; Nundhaki\download (5).jpeg; Nundhaki\download (6).jpeg; Nundhaki\download (7).jpeg; Nundhaki\download (8).jpeg; Nundhaki\download (9).jpeg; Nundhaki\download.jpeg,4.5,31.4,Low
39,mawadin,sankhuwasabha,"March–May, Sept–Nov","Village, Trekking Base, Nature",Natural Attractions,"Hiking, Cultural Exploration",Moderate,Road accessible,27.286,87.423,1,"A village area with cultural richness, Mawadin reflects the traditions of eastern Nepal’s communities. Its landscapes and hospitality make it a welcoming stop for travelers","From Kathmandu, travel toward Sankhuwasabha and reach Mawadin village by local transport.From Kathmandu, reach Diktel (Khotang) by road or flight to Lamidanda, then take local transport to Mawadin.",100,A glacial river known for its milky flow and suspension bridges. A scenic village set among hills and vibrant rural life.,Mawadin\download (1).jpeg; Mawadin\download (10).jpeg; Mawadin\download (2).jpeg; Mawadin\download (3).jpeg; Mawadin\download.jpeg; Mawadin\images (1).jpeg; Mawadin\images (2).jpeg; Mawadin\images (3).jpeg; Mawadin\images (4).jpeg; Mawadin\images.jpeg,3.9,25.2,Low
40,dudh koshi river (solukhumbu),solukhumbu,Mar–Jun,"River, Adventure, Nature",Natural Attractions,"Rafting, Fishing, Photography",Moderate,Road + Trek,27.874,86.591,1,"Flowing through the Everest region, the Dudh Koshi (“Milk River”) is famed for its milky white waters fed by Himalayan glaciers. Trekkers cross its suspension bridges en route to Everest Base Camp, making it iconic in Nepal’s trekking culture","From Kathmandu, fly to Lukla and trek along the Dudh Koshi River valley.",12,A serene Buddhist site symbolizing compassion and peace.,Dudh Koshi River (Solukhumbu)\Dudh Koshi River (Solukhumbu) 1.1.jpeg; Dudh Koshi River (Solukhumbu)\Dudh Koshi River (Solukhumbu) 1.10.jpeg; Dudh Koshi River (Solukhumbu)\Dudh Koshi River (Solukhumbu) 1.2.jpeg; Dudh Koshi River (Solukhumbu)\Dudh Koshi River (Solukhumbu) 1.3.jpeg; Dudh Koshi River (Solukhumbu)\Dudh Koshi River (Solukhumbu) 1.4.jpeg; Dudh Koshi River (Solukhumbu)\Dudh Koshi River (Solukhumbu) 1.5.jpeg; Dudh Koshi River (Solukhumbu)\Dudh Koshi River (Solukhumbu) 1.6.jpeg; Dudh Koshi River (Solukhumbu)\Dudh Koshi River (Solukhumbu) 1.7.jpeg; Dudh Koshi River (Solukhumbu)\Dudh Koshi River (Solukhumbu) 1.8.jpeg; Dudh Koshi River (Solukhumbu)\Dudh Koshi River (Solukhumbu) 1.9.jpeg,4.8,10.6,Very Low
41,namobuddha monastery (bhojpurkhotang),bhojpur/khotang,Sep–Nov,"Spiritual, Culture, History",Cultural & Religious Sites,"Meditation, Cultural Tours, Photography",Easy,Road accessible,27.7071,85.3884,1,"A serene Buddhist monastery located on a scenic hilltop area between Bhojpur and Khotang, serving as an important pilgrimage site for local devotees.","From Kathmandu, travel by bus or jeep along the Mid-Hill Highway via Hile towards the Bhojpur-Khotang border area.",918,A deeply spiritual hilltop monastery with calm vibes and lovely monks.,,4.2,69,High
42,bantawa village (dhankuta),dhankuta,Mar–May,"Cultural, Rural, Scenic",Natural Attractions,"Cultural Tours, Photography, Village Walks",Easy,Road accessible,26.9833,87.2,1,"A traditional Bantawa Rai settlement, this village showcases Rai culture through folk songs, dances, and warm hospitality. Visitors can immerse themselves in authentic rural life and customs.","From Kathmandu, drive to Dhankuta and continue to Bantawa Village area.",956,Famous for Sherpa hospitality and Everest-region traditions.,Bantawa Village\Bantawa Village 1.1.jpeg; Bantawa Village\Bantawa Village 1.10.jpeg; Bantawa Village\Bantawa Village 1.2.jpeg; Bantawa Village\Bantawa Village 1.3.jpeg; Bantawa Village\Bantawa Village 1.4.jpeg; Bantawa Village\Bantawa Village 1.5.jpeg; Bantawa Village\Bantawa Village 1.6.jpeg; Bantawa Village\Bantawa Village 1.7.jpeg; Bantawa Village\Bantawa Village 1.8.jpeg; Bantawa Village\Bantawa Village 1.9.jpeg,4.3,62.1,High
43,sherpa villages (solukhumbu),solukhumbu,Mar–May,"Cultural, Trekking, Heritage",Trekking & Adventure,"Cultural Tours, Trekking, Photography",Moderate,Trek route,27.7,86.7,1,"Scattered across the Everest region, Sherpa villages are renowned for their hospitality, monasteries, and mountaineering heritage. They form the cultural heart of the Khumbu, blending Buddhist traditions with Himalayan resilience.","From Kathmandu, fly to Lukla and trek through Namche and Khumjung to explore Sherpa Villages.From Kathmandu, fly to Lukla and trek through Namche, Khumjung, and Phortse to explore Sherpa Villages.",111,"Rich in culture, heritage, and traditional craftsmanship. Heart of Sherpa culture with breathtaking Himalayan scenery.",,4.5,27.9,Low
44,limbu villages (panchthar–taplejung),panchthar–taplejung,Mar–May,"Cultural, Rural, Scenic",Natural Attractions,"Cultural Tours, Photography, Village Walks",Easy,Road accessible,27,87.5,1,"These villages highlight the rich traditions of the Limbu people, including unique architecture, festivals, and local delicacies like tongba (millet beer). They are cultural treasures of eastern Nepal.","From Kathmandu, travel to Panchthar or Taplejung by road and visit Limbu Villages.",369,A blend of natural beauty and Buddhist culture.,Limbu Villages\Limbu Villages1.1.jpeg; Limbu Villages\Limbu Villages1.2.jpeg; Limbu Villages\Limbu Villages1.3.jpeg,4.5,42.5,Moderate
45,tempu–helambu trek (sindhupalchok/solukhumbu border),sindhupalchok/solukhumbu border,Mar–May,"Trekking, Nature, Culture",Trekking & Adventure,"Trekking, Cultural Tours, Photography",Moderate,Trek route,27.5,86.5,1,"This trek traverses diverse landscapes, from lush valleys to high ridges, connecting Sindhupalchok and Solukhumbu. It offers cultural encounters with Sherpa and Tamang communities, alongside stunning Himalayan views.","From Kathmandu, drive to Melamchi and start the Tempu–Helambu Trek toward the Solukhumbu border.",125,A revered temple offering spiritual solace and panoramic views.,Helambu\download (1).jpeg; Helambu\download (2).jpeg; Helambu\download (3).jpeg; Helambu\download (4).jpeg; Helambu\download.jpeg,4.7,31.1,Low
46,"dantakali temple (sunsari, dharan)",sunsari,Sep–Nov,"Spiritual, Culture, History",Cultural & Religious Sites,"Temple Visits, Photography, Cultural Tours",Easy,Road accessible,26.8033,87.2767,1,"Located in Bijayapur hills of Dharan, Dantakali Temple is a revered Shakti Peeth where devotees believe Sati Devi’s tooth fell. It is one of the most important temples in eastern Nepal, drawing thousands of pilgrims during Dashain and Navaratri festivals.","From Kathmandu, drive or take a bus to Dharan and visit Dantakali Temple in Sunsari District.",972,"A cozy hillside town perfect for tea, views, and quiet escapes.",Dantakali Temple\Dantakali Temple 1.1.jpeg; Dantakali Temple\Dantakali Temple1.2.png; Dantakali Temple\Dantakali Temple1.3.jpeg,4.5,80.4,High
47,hile (dhankuta),dhankuta,Mar–May,"Nature, Scenic, Village",Natural Attractions,"Photography, Village Walks, Nature Walks",Easy,Road accessible,26.9833,87.2,1,"Hile is a picturesque hill town situated at 1,948 meters, north of Dhankuta Bazaar. Historically, it served as a trade hub between Tibet and India. Today, it is known for its cool climate, scenic views, and the traditional millet-based drink, Tongba.","From Kathmandu, drive toward Dharan and continue to Hile in Dhankuta.",600,"A mix of Rai, Limbu, and Sherpa cultures preserving ancient traditions.",Hile\hile 1.1.jpeg; Hile\hile 1.10.jpeg; Hile\hile 1.2.jpeg; Hile\hile 1.3.jpeg; Hile\hile 1.4.jpeg; Hile\hile 1.5.jpeg; Hile\hile 1.6.jpeg; Hile\hile 1.7.jpeg; Hile\hile 1.8.jpeg; Hile\hile 1.9.jpeg,4.3,70.6,High
48,ethnic villages (sankhuwasabha/bhojpur),sankhuwasabha/bhojpur,Oct–Mar,Village; Cultural; Homestay,Cultural & Religious Sites,Cultural Tour; Homestay Experience; Local Food,Easy,Road + Walking,27.2,87.2,1,"The villages of Sankhuwasabha and Bhojpur are home to Rai, Limbu, and other Kirati communities. These villages preserve rich traditions, including festivals like Ubhauli and Udhauli, and showcase unique dances, music, and rituals that reflect their heritage.","From Kathmandu, travel to Sankhuwasabha or Bhojpur to visit the ethnic village settlements.",250,Discover diverse Himalayan cultures preserved through generations.,Ethnic Villages\Ethnic Villages 1.1.jpeg; Ethnic Villages\Ethnic Villages 1.10.jpeg; Ethnic Villages\Ethnic Villages 1.2.jpeg; Ethnic Villages\Ethnic Villages 1.3.jpeg; Ethnic Villages\Ethnic Villages 1.4.jpeg; Ethnic Villages\Ethnic Villages 1.5.jpeg; Ethnic Villages\Ethnic Villages 1.6.jpeg; Ethnic Villages\Ethnic Villages 1.7.jpeg; Ethnic Villages\Ethnic Villages 1.8.jpeg; Ethnic Villages\Ethnic Villages 1.9.jpeg,4.3,35,Moderate
49,gokyo lakes,solukhumbu,"Apr-May, Oct-Nov","Lakes, Trekking, High Altitude",Trekking & Adventure,"Trekking, Photography, High Altitude Exploration, Camping",Moderate,Long Trek (multi-day),27.9526,86.6966,1,"Situated in Sagarmatha National Park, Gokyo Lakes form the world’s highest freshwater lake system at altitudes between 4,700–5,000 meters. The turquoise glacial lakes, including Thonak Cho, offer breathtaking views of Everest, Cho Oyu, and Makalu, and are recognized as a Ramsar site.","From Kathmandu, fly to Lukla and trek through Dole and Machhermo to reach the Gokyo Lakes.",600,Crystal-clear turquoise lakes set amidst Everest’s majestic peaks.,Gokyo Lake\Gokyo Lakes 1.1.jpeg; Gokyo Lake\Gokyo Lakes 1.1o.jpeg; Gokyo Lake\Gokyo Lakes 1.2.jpeg; Gokyo Lake\Gokyo Lakes 1.3.jpeg; Gokyo Lake\Gokyo Lakes 1.4.jpeg; Gokyo Lake\Gokyo Lakes 1.5.jpeg; Gokyo Lake\Gokyo Lakes 1.6.jpeg; Gokyo Lake\Gokyo Lakes 1.7.jpeg; Gokyo Lake\Gokyo Lakes 1.8.jpeg; Gokyo Lake\Gokyo Lakes 1.9.jpeg,4.8,45.1,Moderate
50,namche bazaar,solukhumbu,"Mar-May, Sep-Nov","Sherpa Culture, Trekking Hub, Market",Trekking & Adventure,"Trekking Hub, Sherpa Culture Tour, Shopping, Photography",Moderate,Long Trek (multi-day),27.8053,86.712,1,"Namche Bazaar, at 3,440 meters, is the bustling Sherpa capital of Solukhumbu. It serves as the gateway to Everest treks and is famous for its amphitheater-like layout, yak cheese, Tibetan artifacts, and vibrant Sherpa culture.","From Kathmandu, fly to Lukla and trek upward to Namche Bazaar, the gateway to Everest.",108,The vibrant Sherpa capital and gateway to Everest Base Camp.,Namche Bazaar\Namche Bazaar 1.1.jpeg; Namche Bazaar\Namche Bazaar 1.10.jpeg; Namche Bazaar\Namche Bazaar 1.2.jpeg; Namche Bazaar\Namche Bazaar 1.3.jpeg; Namche Bazaar\Namche Bazaar 1.4.jpeg; Namche Bazaar\Namche Bazaar 1.5.jpeg; Namche Bazaar\Namche Bazaar 1.6.jpeg; Namche Bazaar\Namche Bazaar 1.7.jpeg; Namche Bazaar\Namche Bazaar 1.8.jpeg; Namche Bazaar\Namche Bazaar 1.9.jpeg,4.7,27.2,Low
51,kanyam tea garden,ilam,"Spring, Autumn","Tea Garden, Hill Station",Natural Attractions,"Sightseeing, Photography",Easy,Road,26.8833,88.0833,1,"Known as the “Queen of Eastern Nepal,” Kanyam Tea Garden is a lush expanse of rolling tea estates. It is a popular picnic and honeymoon destination, with a view tower overlooking the scenic tea hills. The tea produced here is exported worldwide.","From Kathmandu, drive or fly to Bhadrapur and continue to Kanyam in Ilam to explore tea gardens.",109,Rolling green hills with stunning views and refreshing mountain air.,Kanyam Tea Garden\Kanyam Tea Garden 1.1.jpeg; Kanyam Tea Garden\Kanyam Tea Garden 1.10.jpeg; Kanyam Tea Garden\Kanyam Tea Garden 1.2.jpeg; Kanyam Tea Garden\Kanyam Tea Garden 1.3.jpeg; Kanyam Tea Garden\Kanyam Tea Garden 1.4.jpeg; Kanyam Tea Garden\Kanyam Tea Garden 1.5.jpeg; Kanyam Tea Garden\Kanyam Tea Garden 1.6.jpeg; Kanyam Tea Garden\Kanyam Tea Garden 1.7.jpeg; Kanyam Tea Garden\Kanyam Tea Garden 1.8.jpeg; Kanyam Tea Garden\Kanyam Tea Garden 1.9.jpeg,4.1,27.4,Low
52,sherpa villages,solukhumbu,Mar–May; Sep–Nov,Cultural Village; Sherpa,Cultural & Religious Sites,Trekking; Cultural Tours; Photography,Moderate,Flight to Lukla + Trekking,27.8,86.7,1,"Sherpa villages in Solukhumbu are characterized by stone houses, monasteries, prayer flags, and yak pastures. The Sherpa people are renowned for their mountaineering skills and Buddhist traditions, making these villages culturally rich and spiritually significant","From Kathmandu, fly to Lukla and trek toward Namche and Khumjung to explore Sherpa Villages.",63,Heartwarming mountain communities rich in Buddhist culture.,Sherpa Villages(Solukhumbu)\Sherpa Villages (Solukhumbu) 1.1.jpeg; Sherpa Villages(Solukhumbu)\Sherpa Villages (Solukhumbu) 1.10.jpeg; Sherpa Villages(Solukhumbu)\Sherpa Villages (Solukhumbu) 1.2.jpeg; Sherpa Villages(Solukhumbu)\Sherpa Villages (Solukhumbu) 1.3.jpeg; Sherpa Villages(Solukhumbu)\Sherpa Villages (Solukhumbu) 1.4.jpeg; Sherpa Villages(Solukhumbu)\Sherpa Villages (Solukhumbu) 1.5.jpeg; Sherpa Villages(Solukhumbu)\Sherpa Villages (Solukhumbu) 1.6.jpeg; Sherpa Villages(Solukhumbu)\Sherpa Villages (Solukhumbu) 1.7.jpeg; Sherpa Villages(Solukhumbu)\Sherpa Villages (Solukhumbu) 1.8.jpeg; Sherpa Villages(Solukhumbu)\Sherpa Villages (Solukhumbu) 1.9.jpeg,4.5,15.9,Low
53,sangu,taplejung,"March–May, Sept–Nov","Village, Nature, Trekking",Natural Attractions,"Hiking, Cultural Exploration",Moderate,Road Accessible,27.286,87.423,1,"Sangu is a rural settlement in Taplejung district, representing the Himalayan lifestyle of eastern Nepal. It is home to diverse communities and offers insights into traditional farming and local culture in the remote hills.","From Kathmandu, drive to Taplejung region and continue to the Sangu area.",500,A peaceful rural escape surrounded by hills and traditional life.,Sangu\download (1).jpeg; Sangu\download (2).jpeg; Sangu\download (3).jpeg; Sangu\download (4).jpeg; Sangu\download (5).jpeg; Sangu\download (6).jpeg; Sangu\download (7).jpeg; Sangu\download (8).jpeg; Sangu\download (9).jpeg; Sangu\download.jpeg,4.3,17.5,Low
54,dudh koshi river rafting,solukhumbu/sankhuwasabha,Sep–Nov,"Adventure, River, Water Sports",Natural Attractions,"White-water Rafting, Adventure Sports",Moderate,Road to rafting start point,27.7,86.7,1,"Originating from Everest’s glaciers, the Dudh Koshi River is known as the “River of Milk.” It offers thrilling white-water rafting experiences with rapids like “Roller Coaster,” alongside scenic views of Sherpa villages and terraced fields","From Kathmandu, drive or fly to Solukhumbu and start rafting on the Dudh Koshi River.",137,Thrilling whitewater adventure through the scenic Solukhumbu valley.,,4.3,34.4,Low
55,antu danda,ilam,"Oct-Dec, Mar-May","Sunrise Viewpoint, Hills, Tea Gardens",Natural Attractions,"Sunrise Viewing, Photography, Tea Garden Tour, Homestay",Easy,Road / Vehicle Accessible (<=1 km walk),26.9228,88.0078,1,"Antu Danda, at 1,977 meters, is a famous sunrise viewpoint in Ilam. Visitors can enjoy panoramic views of Kanchenjunga and Darjeeling hills, surrounded by tea gardens and homestays that highlight Lepcha culture.","From Kathmandu, travel to Ilam by road or flight and visit Antu Danda for sunrise views.",543,Famous for sunrise views over Kanchenjunga and charming tea estates.,Antu Danda\Antu Danda 1.1.jpeg; Antu Danda\Antu Danda 1.10.jpeg; Antu Danda\Antu Danda 1.2.jpeg; Antu Danda\Antu Danda 1.3.jpeg; Antu Danda\Antu Danda 1.4.jpeg; Antu Danda\Antu Danda 1.5.jpeg; Antu Danda\Antu Danda 1.6.jpeg; Antu Danda\Antu Danda 1.7.jpeg; Antu Danda\Antu Danda 1.8.jpeg; Antu Danda\Antu Danda 1.9.jpeg,4,43.8,Moderate
56,maipokhari,ilam,"Sep-Nov, Mar-May","Wetland, Pilgrimage, Nature",Natural Attractions,"Pilgrimage, Birdwatching, Nature Walks, Meditation",Easy-Moderate,Road + Short Hike (<=2 hrs),27.0016,87.9336,1,Maipokhari is a Ramsar wetland site recognized in 2008. This emerald pond is sacred to both Hindus and Buddhists and is surrounded by lush forests. It also features a botanical garden with orchids and rock gardens.,"From Kathmandu, drive or fly to Ilam and visit the Maipokhari sacred wetland.",110,A tranquil wetland and pilgrimage site nestled in Ilam’s greenery.,Maipokhari\Maipokhari 1.1.jpeg; Maipokhari\Maipokhari 1.10.jpeg; Maipokhari\Maipokhari 1.2.jpeg; Maipokhari\Maipokhari 1.3.jpeg; Maipokhari\Maipokhari 1.4.jpeg; Maipokhari\Maipokhari 1.5.jpeg; Maipokhari\Maipokhari 1.6.jpeg; Maipokhari\Maipokhari 1.7.jpeg; Maipokhari\Maipokhari 1.8.jpeg; Maipokhari\Maipokhari 1.9.jpeg,3.9,27.5,Low
57,kanchenjunga conservation area,taplejung,"Apr-May, Oct-Nov","Mountain, Trekking, Conservation, Adventure",Trekking & Adventure,"Trekking, Wildlife Viewing, Camping, Photography",Moderate,Long Trek (multi-day),27.7025,88.1475,1,"Established in 1997, the Kanchenjunga Conservation Area spans 2,035 sq km in Taplejung. It includes Mt. Kanchenjunga, the world’s third-highest peak, and is rich in biodiversity. The area is envisioned as part of a tri-national peace park with Tibet and India.","From Kathmandu, fly or drive to Taplejung and continue trekking within the Kanchenjunga Conservation Area.",1256,A pristine region protecting rare wildlife and towering peaks.,Kanchenjunga Conservation Area\Kanchenjunga Conservation Area 1.1.jpeg; Kanchenjunga Conservation Area\Kanchenjunga Conservation Area 1.10.jpeg; Kanchenjunga Conservation Area\Kanchenjunga Conservation Area 1.2.jpeg; Kanchenjunga Conservation Area\Kanchenjunga Conservation Area 1.3.jpeg; Kanchenjunga Conservation Area\Kanchenjunga Conservation Area 1.4.jpeg; Kanchenjunga Conservation Area\Kanchenjunga Conservation Area 1.5.jpeg; Kanchenjunga Conservation Area\Kanchenjunga Conservation Area 1.6.jpeg; Kanchenjunga Conservation Area\Kanchenjunga Conservation Area 1.7.jpeg; Kanchenjunga Conservation Area\Kanchenjunga Conservation Area 1.8.jpeg; Kanchenjunga Conservation Area\Kanchenjunga Conservation Area 1.9.jpeg,4.9,36.3,Moderate
58,sandakpur,ilam,"Oct-Dec, Mar-May","Viewpoint, Trekking, Sunrise",Trekking & Adventure,"Trekking, Sunrise Viewing, Photography, Camping",Moderate,Long Trek (multi-day),27.1006,88.1112,1,"Sandakpur, at 3,636 meters, is the highest peak in Ilam district. It offers panoramic views of Everest, Kanchenjunga, Makalu, and Lhotse. Located along the Singalila Ridge, it borders India’s Darjeeling region.","From Kathmandu, travel by road or flight to Ilam and continue uphill to Sandakpur, the eastern viewpoint on the Nepal–India border.",121,Offers breathtaking sunrise views of Everest and Kanchenjunga ranges.,Sandakpur\Sandakpur 1.1.jpeg; Sandakpur\Sandakpur 1.10.jpeg; Sandakpur\Sandakpur 1.2.jpeg; Sandakpur\Sandakpur 1.3.jpeg; Sandakpur\Sandakpur 1.4.jpeg; Sandakpur\Sandakpur 1.5.jpeg; Sandakpur\Sandakpur 1.6.jpeg; Sandakpur\Sandakpur 1.7.jpeg; Sandakpur\Sandakpur 1.8.jpeg; Sandakpur\Sandakpur 1.9.jpeg,4.6,30.4,Low
59,"tmj ridge (tinjure, milke, jaljale)",tehrathum,Mar-May (Rhododendron Bloom),"Trekking, Rhododendron, Hills",Trekking & Adventure,"Trekking, Rhododendron Viewing, Camping, Photography",Moderate,Long Trek (multi-day),27.2,87.45,1,"The TMJ Ridge is known as Nepal’s Rhododendron capital, hosting 28 of the country’s 31 rhododendron species. Spanning 558 sq km across Terhathum, Sankhuwasabha, and Taplejung, it is a paradise for nature lovers.","From Kathmandu, drive toward Dhankuta and continue to Tehrathum to trek along the Tinjure, Milke, Jaljale ridge.",978,A colorful ridge famed for rhododendron blooms and panoramic trails.,,4.6,44.3,Moderate
60,halesi mahadev temple,khotang,"All year, best Oct-Apr","Pilgrimage, Cave, Hindu, Buddhist",Natural Attractions,"Pilgrimage, Cave Exploration, Worship, Cultural Experience",Easy,Road / Vehicle Accessible (<=1 km walk),27.2,86.7167,1,"Halesi Mahadev Temple, located in the Halesi-Maratika caves, is revered by Hindus, Buddhists, and Kiratis. Known as the “Pashupatinath of the East,” it is linked to Lord Shiva and Padmasambhava, with its cave entrance shaped like a half-moon.","From Kathmandu, drive or take a flight to Diktel in Khotang District and continue by road to the sacred Halesi Mahadev Cave Temple.From Kathmandu, travel again toward Khotang District and reach Halesi Mahadev Temple.",876,A sacred cave temple revered by both Hindus and Buddhists. Sacred cave shrine symbolizing divine power and faith.,Halesi Mahadev Temple\Halesi Mahadev Temple 1.1.jpeg; Halesi Mahadev Temple\Halesi Mahadev Temple 1.10.jpeg; Halesi Mahadev Temple\Halesi Mahadev Temple 1.2.jpeg; Halesi Mahadev Temple\Halesi Mahadev Temple 1.3.jpeg; Halesi Mahadev Temple\Halesi Mahadev Temple 1.4.jpeg; Halesi Mahadev Temple\Halesi Mahadev Temple 1.5.jpeg; Halesi Mahadev Temple\Halesi Mahadev Temple 1.6.jpeg; Halesi Mahadev Temple\Halesi Mahadev Temple 1.7.jpeg; Halesi Mahadev Temple\Halesi Mahadev Temple 1.8.jpeg; Halesi Mahadev Temple\Halesi Mahadev Temple 1.9.jpeg,3.9,64.6,High
61,dharan (budhasubba & pindeshwor),sunsari,"All year, best Oct-Mar","City, Pilgrimage, Culture",Cultural & Religious Sites,"Pilgrimage, City Tour, Cultural Events, Food Exploration",Easy,Road / Vehicle Accessible (<=1 km walk),26.812,87.283,1,"Budhasubba Temple in Dharan is believed to be the tomb of the last Limbu king and is famous for fulfilling wishes. Pindeshwor Temple, dedicated to Lord Shiva, is especially crowded during Maha Shivaratri, making Dharan a spiritual hub.","From Kathmandu, drive toward Sunsari District to reach Dharan, where Budhasubba and Pindeshwor temples are located.",962,"A spiritual hub blending temples, hills, and youthful city vibes.",,3.9,70.3,High
62,pathibhara devi temple,taplejung,"Mar-May, Sep-Nov","Pilgrimage, Temple, Hiking",Cultural & Religious Sites,"Pilgrimage, Hiking, Worship, Cultural Experience",Easy-Moderate,Road / Vehicle Accessible (<=1 km walk),27.5023,87.7436,1,"Pathibhara Devi Temple, at 3,794 meters, is a major Shakti Peeth. Pilgrims believe their wishes are fulfilled here, and animal sacrifices are common. It is sacred to both Hindus and Limbus, attracting visitors from across Nepal and India.","From Kathmandu, fly or drive to Taplejung and trek or drive uphill to the famous Pathibhara Devi Temple.",764,A powerful pilgrimage site perched high above the clouds.,,4.3,66.9,High
63,barahachhetra,sunsari,"All year, esp. Jan","Pilgrimage, Temple, River Confluence",Natural Attractions,"Pilgrimage, Religious Rituals, River Bathing, Cultural Events",Easy,Road / Vehicle Accessible (<=1 km walk),26.8667,87.1667,1,"Barahachhetra, located at the confluence of the Koshi and Koka rivers in Sunsari district, is one of Nepal’s most sacred Hindu pilgrimage sites. It is believed to be the place where Lord Vishnu took the form of Baraha (boar) to rescue the earth, making it a major destination during festivals like Maghe Sankranti.","From Kathmandu, drive to Dharan and continue to Barahachhetra near the confluence of the Sapta Koshi River.",432,One of Nepal’s holiest confluences dedicated to Lord Vishnu.,Barahachhetra\Barahachhetra 1.1.jpeg; Barahachhetra\Barahachhetra 1.10.jpeg; Barahachhetra\Barahachhetra 1.2.jpeg; Barahachhetra\Barahachhetra 1.3.jpeg; Barahachhetra\Barahachhetra 1.4.jpeg; Barahachhetra\Barahachhetra 1.5.jpeg; Barahachhetra\Barahachhetra 1.6.jpeg; Barahachhetra\Barahachhetra 1.7.jpeg; Barahachhetra\Barahachhetra 1.8.jpeg; Barahachhetra\Barahachhetra 1.9.jpeg,3.9,35.2,Moderate
64,ilaka bazaar & village homestays,ilam,Oct–Mar,Village; Cultural; Tea Garden,Cultural & Religious Sites,Cultural Tour; Homestay Experience; Tea Garden Visits; Photography,Easy,Road Accessible,26.92,88.02,1,"Ilaka Bazaar is a lively market hub in eastern hills, surrounded by traditional villages. The area is increasingly popular for village homestays, where visitors can experience authentic Kirati and Rai lifestyles, local cuisine, and cultural hospitality.","From Kathmandu, fly or drive to Bhojpur and continue to Ilaka Bazaar for local village homestays.",351,Experience authentic local life and hospitality in Bhojpur hills.,,4.3,32.8,Low
65,gorja,taplejung,"March–May, Sept–Nov","Village, Nature, Trekking",Natural Attractions,"Hiking, Cultural Exploration",Moderate,Road / Vehicle Accessible (<=1 km walk),27.35263,87.60211,1,Gorja is a rural settlement known for its serene environment and traditional farming practices. It reflects the simple Himalayan lifestyle and offers scenic views of terraced fields and surrounding hills,"From Kathmandu, travel toward Tehrathum District by road and continue locally to reach the village of Gorja.",423,A quiet mountain village known for its simplicity and scenic backdrop.,Gorja\download (1).jpeg; Gorja\download (10).jpeg; Gorja\download (2).jpeg; Gorja\download.jpeg; Gorja\images (1).jpeg; Gorja\images (2).jpeg; Gorja\images (3).jpeg; Gorja\images (4).jpeg; Gorja\images (5).jpeg; Gorja\images (6).jpeg; Gorja\images.jpeg,4.1,35.7,Moderate
66,chhankhola waterfall,sankhuwasabha,"March–May, Sept–Nov","Waterfall, Nature, Scenic Spot",Natural Attractions,"Hiking, Sightseeing",Moderate,"Road Accessible,Short hike from nearest roadhead",27.286,87.423,1,"Chhankhola Waterfall is a hidden gem in the eastern hills, cascading beautifully amidst lush greenery. It is a popular spot for short hikes and picnics, offering refreshing natural scenery and cool waters.","From Kathmandu, drive to Dhankuta District and continue to Chhankhola village to visit the waterfall.",78,A hidden cascade offering refreshing natural beauty and calm.,,4.4,19.6,Low
67,mehele,taplejung,"March–May, Sept–Nov","Village, Nature, Trekking",Trekking & Adventure,"Hiking, Cultural Exploration",Moderate,Road accessible,27.286,87.423,1,"Mehele is a traditional village in the eastern region, home to Kirati communities. It is known for its cultural heritage, festivals, and agricultural practices that sustain the local population.","From Kathmandu, travel by road to Panchthar District and continue toward Mehele village.",587,A small hillside settlement rich in traditional Limbu heritage.,Mehele\download (1).jpeg; Mehele\download (2).jpeg; Mehele\download (3).jpeg; Mehele\download (4).jpeg; Mehele\download (5).jpeg; Mehele\download (6).jpeg; Mehele\download (7).jpeg; Mehele\download (8).jpeg; Mehele\download (9).jpeg; Mehele\download.jpeg,4.7,38.2,Moderate
68,okhre,sankhuwasabha,"March–May, Sept–Nov","Village, Nature, Trekking",Trekking & Adventure,"Hiking, Sightseeing, Waterfalls",Moderate,"Road / Vehicle Accessible (<=1 km walk),short hike",27.57974,86.22138,1,Okhre is a hillside settlement with panoramic views of valleys and mountains. It is often visited for its peaceful environment and traditional village culture.,"From Kathmandu, drive toward Dhankuta and continue along the local route to Okhre village.",623,A tranquil rural spot surrounded by lush terraced farms.,Okhre\download (1).jpeg; Okhre\download (10).jpeg; Okhre\download (2).jpeg; Okhre\download (3).jpeg; Okhre\download (4).jpeg; Okhre\download (5).jpeg; Okhre\download (6).jpeg; Okhre\download (7).jpeg; Okhre\download (8).jpeg; Okhre\download.jpeg,4.5,46.9,Moderate
69,gairi pangma,sankhuwasabha,"March–May, Sept–Nov","Village, Nature, Trekking",Trekking & Adventure,"Hiking, Cultural Exploration",Moderate,Accessible via road and short hike,27.286,87.423,1,"Gairi Pangma is a Limbu village in Sankhuwasabha district, rich in Yakthung (Limbu) traditions. It is known for its cultural dances, rituals, and warm hospitality.","From Kathmandu, fly or drive to Sankhuwasabha and continue by local transport to Gairi Pangma.",458,A picturesque hamlet offering views of Makalu and surrounding valleys.,Gairi Pangma\download (1).jpeg; Gairi Pangma\download (2).jpeg; Gairi Pangma\download (3).jpeg; Gairi Pangma\download (4).jpeg; Gairi Pangma\download (5).jpeg; Gairi Pangma\download (6).jpeg; Gairi Pangma\download (7).jpeg; Gairi Pangma\download (8).jpeg; Gairi Pangma\download (9).jpeg; Gairi Pangma\download.jpeg,4.4,49.2,Moderate
70,nesum,sankhuwasabha,"March–May, Sept–Nov","Village, Nature, Trekking",Natural Attractions,"Hiking, Cultural Exploration",Moderate,"Road accessible,short hike from nearest roadhead",27.286,87.423,1,"Nesum is a rural village settlement in Taplejung district, reflecting traditional Himalayan lifestyles. It is surrounded by terraced fields and forests, making it a peaceful retreat","From Kathmandu, fly or drive to Taplejung and continue toward the rural village of Nesum.",417,A peaceful mountain village untouched by modern life.,Nesum\download (1).jpeg; Nesum\download (10).jpeg; Nesum\download (2).jpeg; Nesum\download (3).jpeg; Nesum\download (4).jpeg; Nesum\download (5).jpeg; Nesum\download (6).jpeg; Nesum\download (7).jpeg; Nesum\download (8).jpeg; Nesum\download (9).jpeg; Nesum\download.jpeg,4.1,16.8,Low
71,change hiti,sankhuwasabha,"March–May, Sept–Nov","Village, Nature, Trekking",Natural Attractions,"Hiking, Sightseeing, Cultural Exploration",Moderate,Road Accessible + Short Hike,26.983,87.2835,1,"Change Hiti is a historic stone water spout, representing traditional Nepali architecture and community water systems. Such hiti structures are culturally significant as they provided drinking water for centuries.","From Kathmandu, travel by road toward Ilam and visit the natural spring area known as Change Hiti.",382,An ancient stone spout reflecting traditional Newari craftsmanship.,Change Hiti\download (1).jpeg; Change Hiti\download (11).jpeg; Change Hiti\download (2).jpeg; Change Hiti\download (3).jpeg; Change Hiti\download (4).jpeg; Change Hiti\download (5).jpeg; Change Hiti\download (6).jpeg; Change Hiti\download (7).jpeg; Change Hiti\download (8).jpeg; Change Hiti\download.jpeg,4.5,43.6,Moderate
72,banjhogara,taplejung,"March–May, Sep–Nov","Offbeat, Nature, Rural",Natural Attractions,"Village walks, Cultural immersion, Photography",Easy–Moderate,Road accessible,27.35658,87.68172,1,"Banjhogara is a small settlement in the eastern hills, known for its agricultural fields and traditional homes. It reflects the rural charm of Nepal’s hill communities","From Kathmandu, drive toward Dhankuta District and continue locally to Banjhogara village.",131,A hidden gem of rural beauty and cultural authenticity.,Banjhogara\download (1).jpeg; Banjhogara\download (10).jpeg; Banjhogara\download (2).jpeg; Banjhogara\download (3).jpeg; Banjhogara\download (4).jpeg; Banjhogara\download (5).jpeg; Banjhogara\download (6).jpeg; Banjhogara\download (7).jpeg; Banjhogara\download (8).jpeg; Banjhogara\download (9).jpeg; Banjhogara\download.jpeg,4.3,32.9,Low
73,panchami danda,taplejung,"March–May, Sep–Nov","Offbeat, Nature, Rural",Natural Attractions,"Hilltop walks, Photography, Cultural immersion",Easy–Moderate,Road / Vehicle Accessible (<=1 km walk),27.35658,87.68172,1,Panchami Danda is a hilltop viewpoint offering panoramic views of surrounding valleys and mountains. It is often visited during festivals and local gatherings.,"From Kathmandu, travel toward Dhankuta District and continue locally to Panchami Danda viewpoint.",81,Offers wide panoramas of rolling hills and Himalayan ranges.,Panchami Danda\download (1).jpeg; Panchami Danda\download (11).jpeg; Panchami Danda\download (2).jpeg; Panchami Danda\download (3).jpeg; Panchami Danda\download (4).jpeg; Panchami Danda\download (5).jpeg; Panchami Danda\download (6).jpeg; Panchami Danda\download (7).jpeg; Panchami Danda\download (8).jpeg; Panchami Danda\download.jpeg,4,20.3,Low
74,yakthung civilization,"limbuwan region (east nepal, sikkim, darjeeling)","March–May, Sep–Nov","Indigenous, Kirat, Limbu, Yakthung, Mundhum",Village & Rural Tourism,"Limbu language, Mundhum scriptures, Sirijunga script, Yuma Sammang worship, Thibong Yakthung, Kipat land system",Moderate,"Accessible via regional roads from Phungling, Ilam, and Sikkim",27.35658,87.68172,1,"Yakthung civilization refers to the Limbu people and their rich cultural heritage in eastern Nepal. Known for their Mundhum (oral scriptures), traditional dances, and rituals, the Yakthung community has preserved its identity for centuries.","From Kathmandu, travel to Panchthar or Taplejung to explore sites related to the ancient Yakthung (Limbu) civilization.",385,The living legacy of the Limbu people’s ancient culture.,Yakthung civilization\download (1).jpeg; Yakthung civilization\download (2).jpeg; Yakthung civilization\download (3).jpeg; Yakthung civilization\download (4).jpeg; Yakthung civilization\download (5).jpeg; Yakthung civilization\download (6).jpeg; Yakthung civilization\download (7).jpeg; Yakthung civilization\download (8).jpeg; Yakthung civilization\download (9).jpeg; Yakthung civilization\download.jpeg,4.5,38.5,Moderate
75,santhakra,taplejung,"March–May, Sep–Nov","Rural, Nature, Limbu",Natural Attractions,"Village walks, Cultural immersion, Photography",Easy–Moderate,Road access,27.38335,87.61093,1,"Santhakra is a rural settlement in the eastern hills, reflecting traditional farming and Kirati culture. It is surrounded by scenic landscapes and forests.","From Kathmandu, drive to Tehrathum District and continue to the local village of Santhakra.",734,A serene upland village surrounded by green fields and ridges.,Santhakra\download (1).jpeg; Santhakra\download (10).jpeg; Santhakra\download (2).jpeg; Santhakra\download (3).jpeg; Santhakra\download.jpeg; Santhakra\download.png,4.2,42.1,Moderate
76,gurase pokhari,taplejung,"March–May, Sep–Nov","Offbeat, Nature, Limbu",Natural Attractions,"Trekking, Photography, Cultural immersion",Moderate,Road access,27.38335,87.61093,1,"Gurase Pokhari is a beautiful pond located in Terhathum district, surrounded by rhododendron forests. It is a popular trekking stop and offers tranquil natural scenery","From Kathmandu, drive toward Dhankuta and continue uphill to Gurase Pokhari along the Tinjure ridge area.",65,A highland lake famous for rhododendron forests and calm reflection views.,Gurase Pokhari\download (1).jpeg; Gurase Pokhari\download (2).jpeg; Gurase Pokhari\download (3).jpeg; Gurase Pokhari\download (4).jpeg; Gurase Pokhari\download (5).jpeg; Gurase Pokhari\download (6).jpeg; Gurase Pokhari\download (7).jpeg; Gurase Pokhari\download (8).jpeg; Gurase Pokhari\download.jpeg; Gurase Pokhari\images.jpeg,4,16.3,Low
77,lingtep,taplejung,"March–May, Sep–Nov","Limbu, Culture, Nature",Natural Attractions,"Trekking, Cultural immersion, Photography",Moderate,Road access,27.38335,87.61093,1,"Lingtep is a village in Terhathum district, known for its cultural diversity and agricultural practices. It is a peaceful settlement with scenic views of hills and valleys.","From Kathmandu, travel toward Taplejung District and continue to Lingtep village region.",447,A peaceful hillside village known for tea and traditional Limbu homes.,Lingtep\download (1).jpeg; Lingtep\download (2).jpeg; Lingtep\download (3).jpeg; Lingtep\download (4).jpeg; Lingtep\download (5).jpeg; Lingtep\download (6).jpeg; Lingtep\download (7).jpeg; Lingtep\download (8).jpeg; Lingtep\download (9).jpeg; Lingtep\download.jpeg,4.2,41.4,Moderate
78,thukima,taplejung,"March–May, Sep–Nov","Limbu, Culture, Nature",Natural Attractions,"Trekking, Cultural immersion, Photography",Moderate,Road access,27.4439,87.6114,1,"Thukima is a rural village in Taplejung district, reflecting traditional Himalayan lifestyles. It is surrounded by terraced fields and forests, offering a glimpse into local culture","From Kathmandu, fly or drive to Taplejung and continue locally to Thukima village.",903,A scenic settlement offering close encounters with nature and culture.,Thukima\download (1).jpeg; Thukima\download (10).jpeg; Thukima\download (2).jpeg; Thukima\download (3).jpeg; Thukima\download.jpeg,4.2,41.4,Moderate
79,kipa chyoling gumba,taplejung,"March–May, Sep–Nov","Buddhist, Monastery, Cultural",Cultural & Religious Sites,"Pilgrimage, Photography, Cultural study",Easy–Moderate,Road Accessible,27.2735,87.9532,1,"Kipa Chyoling Gumba is a Buddhist monastery in eastern Nepal, serving as a spiritual center for local communities. It reflects Tibetan Buddhist architecture and practices","From Kathmandu, travel toward Bhojpur District and visit the Buddhist monastery of Kipa Chyoling Gumba.",1098,A serene monastery promoting peace amid lush surroundings.,Kipa Chyoling Gumba\download (1).jpeg; Kipa Chyoling Gumba\download (2).jpeg; Kipa Chyoling Gumba\download (3).jpeg; Kipa Chyoling Gumba\download (4).jpeg; Kipa Chyoling Gumba\download.jpeg,4.1,74.1,High
80,nalbu,taplejung,"March–May, Sep–Nov","Rural, Limbu, Nature",Natural Attractions,"Village walks, Cultural immersion, Photography",Easy,Road accessible,27.4719,87.609,1,"Nalbu is a rural settlement in Taplejung district, surrounded by hills and forests. It represents traditional Himalayan village life and agriculture.","From Kathmandu, drive toward Sankhuwasabha and continue by local transport to Nalbu village.",393,A small rural community set among terraced fields and rolling hills.,Nalbu\download (1).jpeg; Nalbu\download (2).jpeg; Nalbu\download (3).jpeg; Nalbu\download (5).jpeg; Nalbu\download.jpeg,4.2,39.3,Moderate
81,tapethok,taplejung,"March–May, Sep–Nov","Limbu, Culture, Nature",Natural Attractions,"Trekking, Cultural immersion, Photography",Moderate,Road Accessible,27.49235,87.8037,1,"Tapethok is a village in Taplejung district, serving as a gateway to Kanchenjunga trekking routes. It is known for its cultural diversity and scenic landscapes.","From Kathmandu, fly or drive to Taplejung and travel toward Tapethok village area.Travel by flight from Kathmandu to Suketar, then drive to Tapethok village in Taplejung District.",136,A charming stopover village on the Kanchenjunga trekking route. A riverside village on the Kanchenjunga trekking trail.,Tapethok\download (1).jpeg; Tapethok\download (2).jpeg; Tapethok\download (3).jpeg; Tapethok\download (4).jpeg; Tapethok\download.jpeg,4.5,34.2,Low
82,yamfudin,taplejung,"March–May, Sep–Nov","Limbu, Sherpa, Rai, Trekking, Nature",Natural Attractions,"Kanchenjunga Circuit Trek, Cultural immersion, Photography",Moderate,Road Accessible,27.462,87.9454,1,"Yamfudin is a remote village in Taplejung, often visited by trekkers heading towards Kanchenjunga. It is surrounded by forests and rivers, offering a peaceful retreat","From Kathmandu, travel toward Taplejung and continue trekking to the remote settlement of Yamfudin.",542,A remote hamlet welcoming trekkers with warmth and simplicity.,Yamfudin\download (1).jpeg; Yamfudin\download (2).jpeg; Yamfudin\download (3).jpeg; Yamfudin\download (5).jpeg; Yamfudin\download.jpeg,4.3,37.3,Moderate
83,lelep,taplejung,"March–May, Sep–Nov","Limbu, Sherpa, Rai, Trekking, Nature",Natural Attractions,"Kanchenjunga Circuit Trek, Cultural immersion, Photography",Moderate,Road + Short Trek,27.52721,87.8012,1,"Lelep is a village in Taplejung district, serving as an entry point to the Kanchenjunga Conservation Area. It is known for its cultural richness and natural beauty.","From Kathmandu, travel toward Taplejung and continue to Lelep village near the Kanchenjunga region.",367,The gateway village to Kanchenjunga Conservation Area with scenic views.,Lelep\download (1).jpeg; Lelep\download (2).jpeg; Lelep\download (3).jpeg; Lelep\download (4).jpeg; Lelep\download.jpeg,4.7,27.5,Low
84,kumbhakarna,taplejung,"March–May, Sep–Nov","Mountain, Trekking, Nature",Natural Attractions,"Trekking, Mountaineering, Photography",Very Difficult,Trekking Trails,27.6825,87.9525,1,"Kumbhakarna, also known as Jannu, is a majestic peak in the Kanchenjunga region, standing at 7,710 meters. It is revered by locals and admired by climbers for its dramatic shape and spiritual significance","From Kathmandu, fly or drive to Taplejung and trek toward the Kumbhakarna (Jannu) Mountain viewpoint.",17,A majestic mountain peak known for its spiritual and natural grandeur.,Kumbhakarna\download (1).jpeg; Kumbhakarna\download (2).jpeg; Kumbhakarna\download (3).jpeg; Kumbhakarna\download (5).jpeg; Kumbhakarna\download.jpeg,4.8,14.6,Very Low
85,ekamba,sunsari,Year-round,"Urban, Agriculture",Village & Rural Tourism,"Urban exploration, Agriculture, Local culture",Easy,Road accessible,26.65,87.2833,1,"Ekamba is a settlement in Sunsari district, known for its agricultural fields and traditional village life. It reflects the rural charm of eastern Nepal, with farming communities sustaining themselves through rice and maize cultivation.","From Kathmandu, travel toward Sunsari District and continue to the local area of Ekamba near Inaruwa.",258,A peaceful countryside area with traditional village lifestyle.,Ekamba\download (1).jpeg; Ekamba\download (2).jpeg; Ekamba\download (3).jpeg; Ekamba\download (4).jpeg; Ekamba\download.jpeg,4.3,47.2,Moderate
86,bhurkee,sunsari,Year-round,"Urban, Agriculture",Village & Rural Tourism,"Urban exploration, Agriculture, Local culture",Easy,Road Accessible,26.65,87.2833,1,"Bhurkee is a small village in the eastern hills, surrounded by terraced fields and forests. It is representative of the Kirati lifestyle, where traditional practices and community bonds remain strong.","From Kathmandu, travel toward Ilam District and continue locally to Bhurkee village.",100,A small hillside village surrounded by pristine natural beauty.,Bhurkee\download (1).jpeg; Bhurkee\download (2).jpeg; Bhurkee\download (3).jpeg; Bhurkee\download (5).jpeg; Bhurkee\download.jpeg,4.3,25,Low
87,bahuni,taplejung,"March–May, Sep–Nov","Mountain, Trekking, Nature",Natural Attractions,"Trekking, Mountaineering, Photography",Very Difficult,Trekking from Taplejung via Yamphudin and Ramche,27.682,87.9525,1,"Bahuni lies in Morang district and is a culturally diverse settlement. It is known for its fertile land and farming practices, with communities engaged in agriculture and local trade.","From Kathmandu, drive toward Morang District and continue to Bahuni area near Biratnagar.",348,A lively village community known for its greenery and simplicity.,Bahuni\download (1).jpeg; Bahuni\download (2).jpeg; Bahuni\download (3).jpeg; Bahuni\download (4).jpeg; Bahuni\download.jpeg,4.6,23.6,Low
88,keroun,morang,Year-round,"Rural, Agriculture",Village & Rural Tourism,"Rural exploration, Agriculture, Local culture",Easy,Road accessible,26.5917,87.4917,1,"Keroun is a rural settlement in Morang district, famous for its agricultural productivity. It is a hub for local farmers and reflects the traditional eastern Terai lifestyle","From Kathmandu, drive toward Morang District and continue toward Keroun village.",1478,A flatland area blending rural charm with growing modern touch.,Keroun\download (1).jpeg; Keroun\download (2).jpeg; Keroun\download (3).jpeg; Keroun\download (5).jpeg; Keroun\download.jpeg,4.4,45.9,Moderate
89,daulatpur,taplejung,"March–May, Sep–Nov","Mountain, Trekking, Nature",Natural Attractions,"Trekking, Mountaineering, Photography",Very Difficult,Trekking from Taplejung via Yamphudin and Ramche,27.6825,87.9525,1,"Daulatpur is a village in Sunsari district, known for its farming communities and cultural diversity. It is surrounded by fertile plains and serves as a local trading center.","From Kathmandu, travel toward Sunsari or Morang District and reach Daulatpur village.",104,A quiet settlement offering serene rural scenery.,Daulatpur\download (1).jpeg; Daulatpur\download (2).jpeg; Daulatpur\download (3).jpeg; Daulatpur\download (4).jpeg; Daulatpur\download.jpeg,4.9,26.2,Low
90,dalelee bazaar,morang,Year-round,"Rural, Agriculture",Village & Rural Tourism,"Rural exploration, Agriculture, Local culture",Easy,Road accessible,26.5917,87.4917,1,"Dalelee Bazaar is a lively market hub in the eastern hills, where villagers gather for trade and social interaction. It is a cultural meeting point, offering local goods and traditional food.","From Kathmandu, drive toward Tehrathum District and continue to Dalelee Bazaar.",109,A local trade hub alive with market energy and mountain views.,Dalelee Bazaar\download (1).jpeg; Dalelee Bazaar\download (2).jpeg; Dalelee Bazaar\download (3).jpeg; Dalelee Bazaar\download (5).jpeg; Dalelee Bazaar\download.jpeg,4.6,27.4,Low
91,maharaaj thaan,morang,Year-round,"Rural, Agriculture",Village & Rural Tourism,"Rural exploration, Local culture, Agriculture",Easy,Road Accessible,26.625,87.3,1,"Maharaaj Thaan is a sacred religious site in Sunsari district. It is revered by locals as a place of worship and pilgrimage, often visited during festivals and rituals.","From Kathmandu, drive toward Sunsari District and visit Maharaaj Thaan religious site.",743,A spiritual site of devotion surrounded by peaceful greenery.,Maharaaj Thaan\download (1).jpeg; Maharaaj Thaan\download (2).jpeg; Maharaaj Thaan\download (3).jpeg; Maharaaj Thaan\download (4).jpeg; Maharaaj Thaan\download.jpeg,4.5,50,Moderate
92,dohamna bazaar,morang,Year-round,"Rural, Market, Agriculture",Village & Rural Tourism,"Local trade, Rural exploration, Agriculture",Easy,Road access,26.62,87.29,1,"Dohamna Bazaar is a traditional market town in the eastern hills, serving as a hub for trade and cultural exchange. It is known for its vibrant atmosphere and local produce.","From Kathmandu, travel toward Tehrathum District and continue to Dohamna Bazaar.",593,A small local market connecting nearby rural communities.,Dohamna Bazaar\download (1).jpeg; Dohamna Bazaar\download (2).jpeg; Dohamna Bazaar\download (3).jpeg; Dohamna Bazaar\download (5).jpeg; Dohamna Bazaar\download.jpeg,4.4,37.1,Moderate
93,hoklabari,morang,Year-round,"Rural, Agriculture",Village & Rural Tourism,"Rural exploration, Local culture, Agriculture",Easy,Road access,26.6205,87.2925,1,"Hoklabari is a rural settlement in Sunsari district, surrounded by fertile plains. It is primarily an agricultural community, with rice and wheat as major crops.","From Kathmandu, drive toward Morang District and continue to Hoklabari village.",430,A peaceful rural village surrounded by farmlands and warm local hospitality.,Hoklabari\download (1).jpeg; Hoklabari\download (2).jpeg; Hoklabari\download (3).jpeg; Hoklabari\download (4).jpeg; Hoklabari\download.jpeg,4.3,49.8,Moderate
94,koshi tappu wetland (extension into province 2),sunsari,Oct–Mar,Wetland; Wildlife; Nature; Birdwatching,Natural Attractions,Birdwatching; Photography; Nature Walks; Safari,Easy,Road Accessible,26.6667,87,1,"Koshi Tappu Wetland is a Ramsar site and Nepal’s largest bird sanctuary, extending into Province 2. It is home to rare species like the wild water buffalo (Arna) and over 500 bird species, making it a paradise for birdwatchers.","From Kathmandu, drive or fly to Biratnagar and continue toward the Koshi Tappu Wetland area extending into Province 2.",245,A biodiverse paradise home to rare birds and aquatic life.,koshi tappu wetland (extension into province 2)\Koshi Tappu Wetland (extension into Province 2) 1.1.jpeg; koshi tappu wetland (extension into province 2)\Koshi Tappu Wetland (extension into Province 2) 1.10.jpeg; koshi tappu wetland (extension into province 2)\Koshi Tappu Wetland (extension into Province 2) 1.2.jpeg; koshi tappu wetland (extension into province 2)\Koshi Tappu Wetland (extension into Province 2) 1.3.jpeg; koshi tappu wetland (extension into province 2)\Koshi Tappu Wetland (extension into Province 2) 1.4.jpeg; koshi tappu wetland (extension into province 2)\Koshi Tappu Wetland (extension into Province 2) 1.5.jpeg; koshi tappu wetland (extension into province 2)\Koshi Tappu Wetland (extension into Province 2) 1.6.jpeg; koshi tappu wetland (extension into province 2)\Koshi Tappu Wetland (extension into Province 2) 1.7.jpeg; koshi tappu wetland (extension into province 2)\Koshi Tappu Wetland (extension into Province 2) 1.8.jpeg; koshi tappu wetland (extension into province 2)\Koshi Tappu Wetland (extension into Province 2) 1.9.jpeg,4.2,20.6,Low
95,jholunge pul chisang,morang,Year-round,"Suspension Bridge, Rural, Scenic",Natural Attractions,"Trekking, Sightseeing, Photography",Easy,"Road Accessible,walking",26.615,87.295,1,"Jholunge Pul in Chisang is a suspension bridge crossing the Koshi River. It is both a functional crossing and a scenic spot, offering views of the river and surrounding landscapes.","From Kathmandu, travel toward Taplejung and continue to the hanging bridge area of Jholunge Pul near Chisang.",312,A scenic suspension bridge offering thrilling river views.,Jholunge Pul Chisang\download (1).jpeg; Jholunge Pul Chisang\download (2).jpeg; Jholunge Pul Chisang\download (3).jpeg; Jholunge Pul Chisang\download (5).jpeg; Jholunge Pul Chisang\download.jpeg,3.9,26.7,Low
96,dipu chowk (shiva mandir),morang,Year-round,"Religious, Temple, Cultural",Cultural & Religious Sites,"Pilgrimage, Worship, Photography",Easy,Road accessible,26.6155,87.298,1,"Dipu Chowk is a bustling junction in Sunsari, notable for its Shiva Mandir. The temple is a spiritual center where devotees gather for worship, especially during Shivaratri.","From Kathmandu, drive toward Itahari in Sunsari and continue to Dipu Chowk where Shiva Mandir is located.",97,A serene spiritual site popular among local devotees.,Dipu chowk (Shiva Mandir)\download (4).jpeg; Dipu chowk (Shiva Mandir)\images (1).jpeg; Dipu chowk (Shiva Mandir)\images (2).jpeg; Dipu chowk (Shiva Mandir)\images (3).jpeg; Dipu chowk (Shiva Mandir)\images.jpeg,4,24.3,Low
97,borabandh,morang,Year-round,"Rural, Agriculture",Village & Rural Tourism,"Rural exploration, Local culture, Agriculture",Easy,Road accessible,26.617,87.293,1,"Borabandh is a rural settlement surrounded by forests and fields. It reflects the simple lifestyle of eastern hill communities, with agriculture as the main livelihood.","From Kathmandu, travel toward Morang District and continue locally to Borabandh area.",416,A tranquil spot perfect for nature walks and countryside relaxation.,Borabandh\download.jpeg; Borabandh\images (1).jpeg; Borabandh\images (2).jpeg; Borabandh\images (3).jpeg; Borabandh\images.jpeg,4.3,41.6,Moderate
98,chulachuli,ilam,"March–May, Sep–Nov","Tea gardens, Hills, Nature",Natural Attractions,"Trekking, Tea garden visits, Photography",Moderate,Road + Short Hike (<=2 hrs),26.915,87.923,1,"Chulachuli in Ilam district is known for its tea gardens and scenic landscapes. It is a culturally diverse area, with Rai, Limbu, and other communities living harmoniously.","From Kathmandu, travel toward Ilam District and continue to the Chulachuli community region.",80,"A green, hilly area known for tea gardens and peaceful scenery.",Chulachuli\download (1).jpeg; Chulachuli\download (2).jpeg; Chulachuli\download (3).jpeg; Chulachuli\download (4).jpeg; Chulachuli\download.jpeg,4.1,20,Low
99,mahamai,ilam,Mar–May; Sep–Nov,"Hills, Nature, Rural",Natural Attractions,"Trekking, Rural exploration, Photography",Moderate,Road access via Ilam Bazaar and local trails,26.92,87.93,1,"Mahamai is a settlement in eastern Nepal, known for its agricultural practices and traditional village culture. It is surrounded by fertile land and forests.","From Kathmandu, travel toward Ilam District and continue to Mahamai village area.",76,A small settlement known for its simplicity and traditional rural charm.,Mahamai\download (1).jpeg; Mahamai\download (2).jpeg; Mahamai\download (3).jpeg; Mahamai\download (5).jpeg; Mahamai\download.jpeg,4.4,19.2,Low
100,danabari,ilam,"March–May, Sep–Nov","Hills, Nature, Rural",Natural Attractions,"Trekking, Rural exploration, Tea garden visits, Photography",Moderate,Road access via Ilam Bazaar and local trails,26.925,87.935,1,"Danabari in Ilam district is famous for its tea estates and lush greenery. It is a scenic destination, offering visitors a chance to experience tea culture and panoramic views","From Kathmandu, travel toward Ilam District and continue to Danabari village.",409,A lush tea-growing region with refreshing views and calm atmosphere.,Danabari\download (1).jpeg; Danabari\download (2).jpeg; Danabari\download (3).jpeg; Danabari\download (4).jpeg; Danabari\download.jpeg,4.5,40.9,Moderate
101,laxmipura,ilam,"March–May, Sep–Nov","Hills, Nature, Rural",Natural Attractions,"Trekking, Rural exploration, Photography",Moderate,Road access via Ilam Bazaar and local trails,26.93,87.94,1,"Laxmipura is a rural settlement in Sunsari district, reflecting the agricultural lifestyle of the Terai. It is known for its fertile land and strong community traditions.","From Kathmandu, drive toward Morang District and continue to the local village of Laxmipura.",98,A quiet community area surrounded by fields and greenery.,Laxmipura\download (1).jpeg; Laxmipura\download (2).jpeg; Laxmipura\download (3).jpeg; Laxmipura\download (5).jpeg; Laxmipura\download.jpeg,4.2,24.5,Low
102,maghe,ilam,"March–May, Sep–Nov","Hills, Nature, Rural",Natural Attractions,"Trekking, Rural exploration, Photography",Moderate,Road access via Ilam Bazaar and local trails,26.935,87.945,1,"Maghe is a culturally significant time and place in Nepal, often associated with the Maghe Sankranti festival. In eastern Nepal, villages celebrate this occasion with fairs, rituals, and traditional feasts, marking the transition of the sun into Capricorn.","From Kathmandu, travel toward Ilam or Panchthar District and continue to Maghe village region.",117,A peaceful village offering insight into local life and rural harmony.,Maghe\download (1).jpeg; Maghe\download (2).jpeg; Maghe\download (3).jpeg; Maghe\download (4).jpeg; Maghe\download.jpeg,4.5,29.3,Low
103,bhawanitole,ilam,"March–May, Sep–Nov","Hills, Rural, Nature",Natural Attractions,"Trekking, Rural exploration, Photography",Moderate,Road access via Ilam Bazaar and local trails,26.94,87.95,1,"Bhawanitole is a settlement in eastern Nepal known for its agricultural lifestyle and community traditions. It reflects the rural charm of the region, with terraced fields and simple village culture.","From Kathmandu, travel toward Morang or Sunsari District and continue to Bhawanitole settlement.",115,A friendly locality blending traditional homes with scenic backdrops.,Bhawanitole\download (1).jpeg; Bhawanitole\download (2).jpeg; Bhawanitole\download (3).jpeg; Bhawanitole\download (5).jpeg; Bhawanitole\download.jpeg,4.4,28.9,Low
104,panchkanya,ilam,"March–May, Sep–Nov","Hills, Nature, Rural",Natural Attractions,"Trekking, Rural exploration, Tea garden visits, Photography",Moderate,Road access via Ilam Bazaar and local trails,26.945,87.955,1,"Panchkanya is a locality named after the five goddesses (Kanyas) in Hindu tradition. It is often associated with temples and religious gatherings, serving as a spiritual hub for nearby communities.","From Kathmandu, travel by road toward Dhankuta District and continue locally to reach Panchkanya village.",405,A culturally significant area named after the five goddesses of Hindu mythology.,Panchkanya\download (1).jpeg; Panchkanya\download (2).jpeg; Panchkanya\download (3).jpeg; Panchkanya\download (4).jpeg; Panchkanya\download.jpeg,4,40.5,Moderate
105,premejung,ilam,"March–May, Sep–Nov","Hills, Nature, Rural",Natural Attractions,"Trekking, Rural exploration, Tea garden visits, Photography",Moderate,Road access via Ilam Bazaar and local trails,26.95,87.96,1,"Premejung is a village in Taplejung district, surrounded by hills and forests. It represents the traditional Himalayan lifestyle, with farming and cultural practices rooted in Kirati heritage.","From Kathmandu, drive or fly to Taplejung and continue by local route to Premejung village area.",428,A hidden hillside village with pristine landscapes and warm locals.,Premejung\download (1).jpeg; Premejung\download (2).jpeg; Premejung\download (3).jpeg; Premejung\download (5).jpeg; Premejung\download.jpeg,4.2,42.8,Moderate
106,shree antu,ilam,"Mar-May, Sep-Nov","Hills, Sunrise View, Tea Gardens",Natural Attractions,"Trekking, Sunrise Photography, Tea garden visits",Moderate,Road access via Ilam Bazaar and local trails,26.911,87.921,1,"Shree Antu in Ilam is a famous sunrise viewpoint at 1,977 meters. It offers panoramic views of Kanchenjunga and Darjeeling hills, surrounded by tea gardens and homestays that highlight Lepcha culture.","From Kathmandu, drive or fly to Bhadrapur and continue uphill toward Ilam to reach Shree Antu, famous for sunrise views.",125,Famous for stunning sunrise views and endless tea gardens.,,4.4,31.4,Low
107,samalbung,ilam,"March–May, Sep–Nov","Hills, Nature, Rural",Natural Attractions,"Trekking, Rural exploration, Tea garden visits, Photography",Moderate,Road access via Ilam Bazaar and local trails,26.955,87.965,1,"Samalbung is a rural settlement in Ilam district, known for its tea gardens and cultural diversity. It is a peaceful village reflecting the harmony of Rai, Limbu, and other communities.","From Kathmandu, travel toward Ilam District and continue locally to Samalbung village.",60,A serene hillside hamlet offering calmness and local hospitality.,Samalbung\download (1).jpeg; Samalbung\download (2).jpeg; Samalbung\download (3).jpeg; Samalbung\download (4).jpeg; Samalbung\download.jpeg,4.2,15.2,Low
108,"jhandi danda, rambhyang",ilam,"March–May, Sep–Nov","Hills, Nature, Trekking, Scenic View",Natural Attractions,"Trekking, Hiking, Photography",Moderate,Road access via Ilam Bazaar and local trails,26.96,87.97,1,"Jhandi Danda in Rambhyang is a scenic hilltop viewpoint offering wide views of valleys and distant mountains. It is popular for short hikes and local gatherings, especially during festivals.","From Kathmandu, travel to Ilam District and continue toward Rambhyang to reach Jhandi Danda viewpoint.",381,A scenic ridge ideal for sunrise views and peaceful walks.,"Jhandi Danda, Rambhyang\download (1).jpeg; Jhandi Danda, Rambhyang\download (2).jpeg; Jhandi Danda, Rambhyang\download (3).jpeg; Jhandi Danda, Rambhyang\download (5).jpeg; Jhandi Danda, Rambhyang\download.jpeg",4.4,38.1,Moderate
109,dhunge dhara mandir,ilam,Year-round,"Religious, Temple, Cultural",Cultural & Religious Sites,"Pilgrimage, Worship, Photography",Easy,Road access via Ilam Bazaar and local roads,26.965,87.975,1,"Dhunge Dhara Mandir is a temple built near a traditional stone water spout (dhunge dhara). Such temples are culturally significant, combining religious worship with ancient water systems that sustained communities.","From Kathmandu, travel toward Dhankuta or nearby eastern hill areas to visit the local Dhunge Dhara Mandir temple.",427,A small stone-temple site with historical and religious value.,Dhunge dhara mandir\download (1).jpeg; Dhunge dhara mandir\download (2).jpeg; Dhunge dhara mandir\download (3).jpeg; Dhunge dhara mandir\download (4).jpeg; Dhunge dhara mandir\download.jpeg,3.9,42.7,Moderate
110,thalthale pokhari (targaun),ilam,"March–May, Sep–Nov","Hills, Nature, Pond, Scenic",Natural Attractions,"Trekking, Nature Walks, Photography",Moderate,Road access via Ilam Bazaar and local trails,26.97,87.98,1,"Thalthale Pokhari in Targaun is a serene pond surrounded by forests and hills. It is a local pilgrimage and picnic spot, offering natural beauty and peaceful surroundings","From Kathmandu, drive toward Dhankuta District and continue to Targaun village to visit Thalthale Pokhari.",69,A tranquil pond surrounded by greenery and calm air.,Thalthale Pokhari (Targaun)\download (1).jpeg; Thalthale Pokhari (Targaun)\download (2).jpeg; Thalthale Pokhari (Targaun)\download (3).jpeg; Thalthale Pokhari (Targaun)\download (5).jpeg; Thalthale Pokhari (Targaun)\download.jpeg,4,17.4,Low
111,fajeegoun,ilam,"March–May, Sep–Nov","Hills, Nature, Rural",Natural Attractions,"Trekking, Rural exploration, Photography",Moderate,Road access via Ilam Bazaar and local trails,26.975,87.985,1,"Fajeegoun is a village in eastern Nepal, reflecting traditional farming practices and Kirati culture. It is surrounded by terraced fields and forests, making it a scenic rural settlement.","From Kathmandu, travel by road toward Sankhuwasabha District and continue locally to Fajeegoun village.",91,A small village preserving authentic Limbu heritage and traditions.,Fajeegoun\download (1).jpeg; Fajeegoun\download (2).jpeg; Fajeegoun\download (3).jpeg; Fajeegoun\download (4).jpeg; Fajeegoun\download.jpeg,4,22.9,Low
112,pashupatinagar,ilam,Year-round,"Religious, Temple, Rural",Cultural & Religious Sites,"Pilgrimage, Cultural Exploration, Local Trade",Easy,Road access via Ilam Bazaar and nearby roads,26.98,87.99,1,"Pashupatinagar in Ilam lies on the Nepal-India border, serving as a trade hub with Darjeeling. It is known for its tea gardens, cultural diversity, and bustling market atmosphere.","From Kathmandu, drive or fly to Bhadrapur and continue uphill toward Ilam to reach Pashupatinagar near the Nepal–India border.",86,A charming border town known for tea markets and hilly beauty.,Pashupatinagar\download (1).jpeg; Pashupatinagar\download (2).jpeg; Pashupatinagar\download (3).jpeg; Pashupatinagar\download (5).jpeg; Pashupatinagar\download.jpeg,4.1,21.7,Low
113,mankhim mandir,ilam,Year-round,"Religious, Temple, Cultural",Cultural & Religious Sites,"Pilgrimage, Worship, Trekking, Photography",Moderate,Road + Short Hike,26.985,87.995,1,"Mankhim Mandir is a sacred temple of the Rai community, located in Aambung, Ilam. It is dedicated to Sumnima-Paruhang, the deities of Kirati religion, and is an important pilgrimage site.","From Kathmandu, travel toward Ilam or border region near Sikkim and continue to Mankhim Mandir viewpoint area.",87,A hilltop temple offering panoramic views and peaceful prayer atmosphere.,Mankhim mandir\download (1).jpeg; Mankhim mandir\download (2).jpeg; Mankhim mandir\download (3).jpeg; Mankhim mandir\download (4).jpeg; Mankhim mandir\download.jpeg,3.9,21.8,Low
114,pothukatla,ilam,"March–May, Sep–Nov","Hills, Rural, Nature",Natural Attractions,"Trekking, Rural exploration, Photography",Moderate,Road access via Ilam Bazaar and local trails,26.99,88,1,"Pothukatla is a rural settlement in eastern Nepal, reflecting traditional village life. It is surrounded by hills and agricultural fields, offering a glimpse into local culture","From Kathmandu, drive toward Panchthar District and continue locally to Pothukatla village.",103,A rural village surrounded by lush hills and scenic trails.,Pothukatla\download (1).jpeg; Pothukatla\download (2).jpeg; Pothukatla\download (3).jpeg; Pothukatla\download (5).jpeg; Pothukatla\download.jpeg,4.3,25.9,Low
115,rungsung,ilam,"March–May, Sep–Nov","Hills, Rural, Nature",Natural Attractions,"Trekking, Rural exploration, Photography",Moderate,Road access via Ilam Bazaar and local trails,26.995,88.005,1,"Rungsung is a village in Taplejung district, known for its traditional Kirati culture and scenic landscapes. It is surrounded by hills and forests, offering a peaceful rural environment.","From Kathmandu, travel toward Panchthar District and continue locally to Rungsung village.",111,A traditional highland settlement known for simplicity and scenic landscapes.,Rungsung\download (1).jpeg; Rungsung\download (2).jpeg; Rungsung\download (3).jpeg; Rungsung\download (4).jpeg; Rungsung\download.jpeg,4.4,27.9,Low
116,tin talaay waterfall,ilam,Jun–Sep,"Waterfall, Nature, Hills",Natural Attractions,"Trekking, Sightseeing, Photography",Moderate,Road and trekking trails from Ilam Bazaar,27,88.01,1,"Tin Talaay Waterfall is a natural attraction in eastern Nepal, cascading beautifully amidst forests and hills. It is a popular spot for short treks and picnics, offering refreshing scenery.","From Kathmandu, drive toward Dhankuta or Ilam and continue locally to reach Tin Talaay Waterfall.",15,A triple-tiered waterfall cascading beautifully through forested hills.,Tin talaay waterfall\download (1).jpeg; Tin talaay waterfall\download (2).jpeg; Tin talaay waterfall\download (3).jpeg; Tin talaay waterfall\download (5).jpeg; Tin talaay waterfall\download.jpeg,4.6,12.6,Very Low
117,gorkhe,ilam,"March–May, Sep–Nov","Hills, Rural, Nature",Natural Attractions,"Trekking, Rural exploration, Photography",Moderate,Road access via Ilam Bazaar and local trails,27.005,88.015,1,"Gorkhe is a rural settlement in eastern Nepal, known for its agricultural lifestyle and cultural diversity. It reflects the simple charm of Himalayan villages, surrounded by terraced fields and forests","From Kathmandu, fly or drive to Taplejung and continue locally to Gorkhe village.",118,A quiet hill village offering peaceful views and rural life experience.,Gorkhe\download (1).jpeg; Gorkhe\download (2).jpeg; Gorkhe\download (3).jpeg; Gorkhe\download (4).jpeg; Gorkhe\download.jpeg,4,29.7,Low
118,jamuna,ilam,"March–May, Sep–Nov","Hills, Rural, Nature",Natural Attractions,"Trekking, Rural exploration, Photography",Moderate,Road access via Ilam Bazaar and local trails,27.01,88.02,1,"Jamuna is a rural settlement in eastern Nepal, surrounded by terraced fields and forests. It reflects traditional farming lifestyles and is known for its peaceful environment and cultural diversity.","From Kathmandu, travel toward Ilam District and continue to Jamuna village viewpoint area.",113,A hidden gem for sunrise views and tranquil natural surroundings.,Gangajamuna\download (1).jpeg; Gangajamuna\download (2).jpeg; Gangajamuna\download (3).jpeg; Gangajamuna\download (4).jpeg; Gangajamuna\download.jpeg,3.9,28.4,Low
119,jogmai,ilam,"March–May, Sep–Nov","Hills, Rural, Nature",Natural Attractions,"Trekking, Rural exploration, Photography",Moderate,Road access via Ilam Bazaar and local trails,27.015,88.025,1,"Jogmai in Ilam district is a scenic village famous for its tea gardens and cultural richness. It is a harmonious blend of Rai, Limbu, and other ethnic communities, offering authentic eastern Nepali experiences.","From Kathmandu, travel toward Ilam District and continue locally to Jogmai settlement.",134,"Known for its green hills and calm, refreshing atmosphere.",Jogmai\download (1).jpeg; Jogmai\download (2).jpeg; Jogmai\download (3).jpeg; Jogmai\download (5).jpeg; Jogmai\download.jpeg,4.1,33.7,Low
120,mabu,morang,"March–May, Sep–Nov","Hills, Nature, Rural",Natural Attractions,"Trekking, Rural exploration, Photography",Moderate,Road access via Biratnagar and local trails,26.6000°,87.3000°,1,"Mabu is a village in Ilam district, located near the Singalila Ridge. It is known for its natural beauty, tea cultivation, and cultural diversity, making it a serene destination for visitors.","From Kathmandu, travel toward Ilam District and continue toward Mabu village area.",720,A remote yet picturesque mountain village with rich local culture.,Mabu\download (1).jpeg; Mabu\download (2).jpeg; Mabu\download (3).jpeg; Mabu\download (4).jpeg; Mabu\download.jpeg,4.4,35.5,Moderate
121,maimajhuwa,morang,"March–May, Sep–Nov","Hills, Rural, Nature",Natural Attractions,"Trekking, Rural exploration, Photography",Moderate,Road access via Biratnagar and local trails,26.6050°,87.3050°,1,Maimajhuwa in Ilam is a picturesque settlement surrounded by tea gardens and hills. It is a peaceful village reflecting traditional lifestyles and offering scenic views of the eastern Himalayas.,"From Kathmandu, travel toward Ilam District and continue uphill to Maimajhuwa village.",127,A peaceful community near Ilam’s scenic tea hills and viewpoints.,Maimajhuwa\download (1).jpeg; Maimajhuwa\download (2).jpeg; Maimajhuwa\download (3).jpeg; Maimajhuwa\download.jpeg; Maimajhuwa\images.jpeg,3.9,31.9,Low
122,chhintapu,morang,"March–May, Sep–Nov","Hills, Scenic, Nature",Natural Attractions,"Trekking, Sightseeing, Photography",Moderate,Road and local trails from Biratnagar,26.6100°,87.3100°,1,"Chhintapu, at 3,400 m, is the second-highest hill in Ilam district. It is famous for its panoramic views of Everest, Kanchenjunga, Makalu, and Lhotse, as well as its rich biodiversity, including rhododendrons and rare wildlife.","From Kathmandu, drive or fly to Ilam and continue trekking uphill to Chhintapu peak region.",122,A famous high peak for trekking and breathtaking Himalayan panoramas.,Chhintapu\download (1).jpeg; Chhintapu\download (2).jpeg; Chhintapu\download (3).jpeg; Chhintapu\download (4).jpeg; Chhintapu\download.jpeg,4,30.6,Low
123,bantedara,morang,"March–May, Sep–Nov","Hills, Rural, Nature",Natural Attractions,"Trekking, Rural exploration, Photography",Moderate,Road via main Morang roads,26.6150°,87.3150°,1,"Bantedara is a rural settlement in eastern Nepal, known for its terraced fields and traditional farming practices. It reflects the simple charm of hill communities","From Kathmandu, travel toward Panchthar District and continue locally to Bantedara village.",1350,A rural settlement surrounded by greenery and agricultural charm.,Bantedara\download (1).jpeg; Bantedara\download (2).jpeg; Bantedara\download (3).jpeg; Bantedara\download (5).jpeg; Bantedara\download.jpeg,4.5,35.7,Moderate
124,sidin,morang,"March–May, Sep–Nov","Hills, Nature, Rural",Natural Attractions,"Trekking, Rural exploration, Photography",Moderate,Road access via Biratnagar,26.6200°,87.3200°,1,"Sidin is a village in Taplejung district, surrounded by hills and forests. It is culturally rich, with Kirati traditions and agricultural practices sustaining the community.","From Kathmandu, travel toward Taplejung District and continue locally to Sidin settlement.",103,A cultural village along the Tamor River known for warm hospitality.,Sidin\download (1).jpeg; Sidin\download (2).jpeg; Sidin\download (3).jpeg; Sidin\download (4).jpeg; Sidin\download.jpeg,4.3,25.9,Low
125,lakhanpur,morang,"March–May, Sep–Nov","Hills, Rural, Nature",Natural Attractions,"Trekking, Rural exploration, Photography",Moderate,Road access via main roads,26.6250°,87.3250°,1,"Lakhanpur in Jhapa district is a bustling town and trade hub. It is known for its markets, cultural diversity, and connection between the Terai plains and hill regions.","From Kathmandu, drive toward Jhapa or Ilam District and continue to Lakhanpur market area.",68,A lively marketplace connecting hilly communities and local trade.,Lakhanpur\download (1).jpeg; Lakhanpur\download (2).jpeg; Lakhanpur\download (5).jpeg; Lakhanpur\download.jpeg; Lakhanpur\images.jpeg,4.4,17.2,Low
126,charchabari,morang,"March–May, Sep–Nov","Hills, Nature, Rural",Natural Attractions,"Trekking, Rural exploration, Photography",Moderate,Road via local trails,26.6300°,87.3300°,1,"Charchabari is a rural settlement in eastern Nepal, surrounded by agricultural fields and forests. It reflects traditional village life and community bonds","From Kathmandu, travel toward Tehrathum District and continue locally to Charchabari village.",1130,A quiet countryside area ideal for exploring nature and culture.,Charchabari\download (1).jpeg; Charchabari\download (2).jpeg; Charchabari\download (3).jpeg; Charchabari\download (4).jpeg; Charchabari\download.jpeg,4.4,37.1,Moderate
127,chaudhari gaun,morang,"March–May, Sep–Nov","Hills, Rural, Cultural",Natural Attractions,"Trekking, Rural exploration, Cultural visit, Photography",Moderate,Road via Biratnagar and local trails,26.6350°,87.3350°,1,"Chaudhari Gaun is a settlement named after the Chaudhari community, known for their cultural traditions and farming lifestyle. It is a peaceful village with strong ethnic identity.","From Kathmandu, drive toward Dhankuta or Bhojpur region and continue to Chaudhari Gaun.",108,A harmonious rural settlement reflecting eastern Nepali life.,Chaudhari Gaun\download (1).jpeg; Chaudhari Gaun\download (2).jpeg; Chaudhari Gaun\download (3).jpeg; Chaudhari Gaun\download (5).jpeg; Chaudhari Gaun\download.jpeg,4.3,27,Low
128,tumden chowk,morang,"March–May, Sep–Nov","Hills, Rural, Market",Natural Attractions,"Trekking, Sightseeing, Photography, Local Market visit",Moderate,Road via main Morang roads,26.6400°,87.3400°,1,"Tumden Chowk is a busy junction and marketplace in eastern Nepal. It serves as a hub for trade, transport, and social interaction, reflecting the vibrant life of the region","From Kathmandu, travel toward Tehrathum or Panchthar District and continue locally to Tumden Chowk.",132,"A local hub bustling with shops, people, and mountain energy.",Tumden Chowk\download (1).jpeg; Tumden Chowk\download (2).jpeg; Tumden Chowk\download (3).jpeg; Tumden Chowk\download (4).jpeg; Tumden Chowk\download.jpeg,4.2,33.1,Low
129,sanba,terhathum,"March–May, Sep–Nov","Hills, Nature, Rural",Natural Attractions,"Trekking, Rural exploration, Photography",Moderate,Road via Myanglung and local trails,27.1200°,87.6800°,1,"Sanba is a village in Taplejung district, known for its Kirati heritage and scenic landscapes. It is surrounded by hills and forests, offering a glimpse into traditional Himalayan lifestyles.","From Kathmandu, fly or drive to Taplejung and continue to Sanba village region.",108,A traditional Limbu village nestled amid hills and serene forests.,Sanba\download (1).jpeg; Sanba\download (2).jpeg; Sanba\download (3).jpeg; Sanba\download (5).jpeg; Sanba\download.jpeg,3.9,27.1,Low
130,tiljung,terhathum,"March–May, Sep–Nov","Hills, Nature, Rural",Natural Attractions,"Trekking, Rural exploration, Photography",Moderate,Road via Myanglung,27.1250°,87.6850°,1,"Tiljung is a rural settlement in Taplejung, reflecting traditional farming and Kirati culture. It is a peaceful village surrounded by terraced fields and natural beauty","From Kathmandu, fly or drive to Taplejung and continue locally to Tiljung village.",117,A peaceful hamlet surrounded by terraced fields and rolling hills.,Tiljung\download (4).jpeg; Tiljung\images (1).jpeg; Tiljung\images (2).jpeg; Tiljung\images (3).jpeg; Tiljung\images.jpeg,4.2,29.3,Low
131,papung,terhathum,"March–May, Sep–Nov","Hills, Scenic, Rural",Natural Attractions,"Trekking, Sightseeing, Photography",Moderate,Road and trails from Myanglung,27.1300°,87.6900°,1,"Papung is a culturally rich village in Taplejung district, home to Limbu communities. It is known for its Mundhum traditions, dances, and rituals, making it an important cultural site.","From Kathmandu, travel toward Taplejung and continue locally to Papung village region.",98,A quaint mountain village known for cultural richness and simplicity.,Papung\download (1).jpeg; Papung\download (2).jpeg; Papung\download (3).jpeg; Papung\download (4).jpeg; Papung\download.jpeg,4.4,24.7,Low
132,phungphunge waterfall,terhathum,Monsoon (Jun–Sep),"Waterfall, Nature",Natural Attractions,"Trekking, Sightseeing, Photography",Moderate,Road and short trekking trail,27.1350°,87.6950°,1,"Phungphunge Waterfall in Sankhuwasabha is a spectacular natural attraction, cascading amidst lush forests. It is a popular trekking destination, offering refreshing scenery and a tranquil environment.","From Kathmandu, drive toward Tehrathum District and continue locally to visit Phungphunge Waterfall.",450,A majestic waterfall surrounded by lush forest and fresh mountain air.,Phungphunge Waterfall\download (1).jpeg; Phungphunge Waterfall\download (2).jpeg; Phungphunge Waterfall\download (3).jpeg; Phungphunge Waterfall\download (5).jpeg; Phungphunge Waterfall\download.jpeg,4.8,26.6,Low
133,dalaicha,terhathum,"March–May, Sep–Nov","Hills, Rural, Nature",Natural Attractions,"Trekking, Rural exploration, Photography",Moderate,Road access via Myanglung,27.1400°,87.7000°,1,"Dalaicha is a rural settlement in eastern Nepal, surrounded by hills and agricultural fields. It reflects the traditional farming lifestyle and community culture of the region","From Kathmandu, travel toward Sankhuwasabha and continue locally to Dalaicha settlement.",520,"A small, scenic rural area known for its peaceful environment.",Dalaicha\download (1).jpeg; Dalaicha\download (2).jpeg; Dalaicha\download (3).jpeg; Dalaicha\download (4).jpeg; Dalaicha\download.jpeg,4,41.7,Moderate
134,dunge,terhathum,"March–May, Sep–Nov","Hills, Rural, Nature",Natural Attractions,"Trekking, Rural exploration, Photography",Moderate,Road and local trails,27.1450°,87.7050°,1,"Dunge is a small village in the eastern hills, known for its peaceful environment and terraced fields. It represents the simple charm of rural Nepal","From Kathmandu, travel toward Sankhuwasabha District and continue to Dunge village.",730,A serene hilltop village perfect for quiet nature retreats.,Dunge\download (1).jpeg; Dunge\download (2).jpeg; Dunge\download (3).jpeg; Dunge\download (5).jpeg; Dunge\download.jpeg,4.1,35.7,Moderate
135,tartong,terhathum,"March–May, Sep–Nov","Hills, Nature, Scenic",Natural Attractions,"Trekking, Sightseeing, Photography",Moderate,Road access via Myanglung,27.1500°,87.7100°,1,"Tartong is a settlement in Taplejung district, reflecting Kirati traditions and agricultural practices. It is surrounded by scenic landscapes and forests, offering cultural and natural beauty.","From Kathmandu, travel toward Taplejung or Sankhuwasabha and continue locally to Tartong village.",61,A hidden gem of green valleys and pure Himalayan tranquility.,Tartong\download (1).jpeg; Tartong\download (2).jpeg; Tartong\download (3).jpeg; Tartong\download (4).jpeg; Tartong\download.jpeg,4.1,15.4,Low
136,papung gumba,terhathum,Year-round,"Religious, Monastery, Cultural",Cultural & Religious Sites,"Pilgrimage, Cultural visit, Photography",Moderate,Road and local trails,27.1550°,87.7150°,1,"Papung Gumba is a Buddhist monastery in Taplejung, serving as a spiritual center for local communities. It reflects Tibetan Buddhist architecture and practices, making it a significant cultural and religious site","From Kathmandu, travel toward Taplejung and continue locally to Papung Gumba monastery.",1600,A calm Buddhist monastery offering spiritual peace and mountain views.,Papung\download (1).jpeg; Papung\download (2).jpeg; Papung\download (3).jpeg; Papung\download (4).jpeg; Papung\download.jpeg,4.3,78.9,High
137,tokpegola,terhathum,"March–May, Sep–Nov","Hills, Rural, Nature",Natural Attractions,"Trekking, Rural exploration, Photography",Moderate,Road via Myanglung,27.1600°,87.7200°,1,"Tokpegola is a remote village in Sankhuwasabha district, lying close to the Tibetan border. It is known for its high-altitude lifestyle, traditional trade routes, and unique cultural blend of Tibetan and Kirati influences","From Kathmandu, fly or drive to Taplejung and continue trekking to Tokpegola near the Kanchenjunga area.",68,A picturesque border village surrounded by snowy peaks and Sherpa culture.,Tokpegola\download (4).jpeg; Tokpegola\images (1).jpeg; Tokpegola\images (2).jpeg; Tokpegola\images (3).jpeg; Tokpegola\images.jpeg,4.4,17.2,Low
138,keemathnka,terhathum,"March–May, Sep–Nov","Hills, Rural, Nature",Natural Attractions,"Trekking, Rural exploration, Photography",Moderate,Road and local trails,27.1650°,87.7250°,1,"Keemathnka is a settlement in the Himalayan belt of Sankhuwasabha, reflecting traditional mountain life. It is surrounded by rugged terrain and serves as a gateway to remote trekking trails.","From Kathmandu, fly to Tumlingtar and continue northward trekking toward the remote Keemathnka region.From Kathmandu, travel again via Tumlingtar and trek to the highland of Keemathnka.",490,Keemathnka – A peaceful highland village offering stunning mountain scenery and local culture. Keemathnka – A scenic rural village with pristine air and Himalayan backdrops.,Keemathnka\download (1).jpeg; Keemathnka\download (2).jpeg; Keemathnka\download (3).jpeg; Keemathnka\download (4).jpeg; Keemathnka\download.jpeg,4.4,37.5,Moderate
139,chepuwa,terhathum,"March–May, Sep–Nov","Hills, Nature, Rural",Natural Attractions,"Trekking, Rural exploration, Photography",Moderate,Road access via Myanglung,27.1700°,87.7300°,1,"Chepuwa is a village in Sankhuwasabha district, located near the Arun River. It is known for its fertile land, traditional farming, and cultural diversity, with Rai and Sherpa communities living together.","From Kathmandu, fly to Tumlingtar and trek through Num and Hatiya to reach Chepuwa village in Sankhuwasabha.From Kathmandu, travel via Tumlingtar and trek northward again to Chepuwa in Sankhuwasabha.",670,Chepuwa – A remote Himalayan settlement surrounded by forests and rivers. Known for its natural beauty and pristine Himalayan wilderness.,Chepuwa\download (1).jpeg; Chepuwa\download (2).jpeg; Chepuwa\download (3).jpeg; Chepuwa\download (5).jpeg; Chepuwa\download.jpeg,4.2,38.1,Moderate
140,guthigumba,terhathum,Year-round,"Religious, Monastery, Cultural",Cultural & Religious Sites,"Pilgrimage, Cultural visit, Photography",Moderate,Road via Myanglung and short trails,27.1750°,87.7350°,1,"Guthigumba is a Buddhist monastery in Sankhuwasabha, serving as a spiritual center for local communities. It reflects Tibetan Buddhist architecture and practices, making it a significant cultural and religious site","From Kathmandu, travel toward Sankhuwasabha or Dhankuta District and continue locally to Guthigumba monastery.From Kathmandu, travel toward Sankhuwasabha region and visit the Guthigumba monastery again.",980,Guthigumba – A serene Buddhist monastery area ideal for reflection and peace. A historic monastery area reflecting Buddhist art and devotion.,Guthigumba\download (1).jpeg; Guthigumba\download (2).jpeg; Guthigumba\download (3).jpeg; Guthigumba\download (4).jpeg; Guthigumba\download.jpeg,4.3,66.9,High
141,yaphu,terhathum,"March–May, Sep–Nov","Hills, Rural, Scenic",Natural Attractions,"Trekking, Rural exploration, Photography",Moderate,Road access via Myanglung,27.1800°,87.7400°,1,"Yaphu is a rural settlement in Sankhuwasabha, surrounded by forests and hills. It is known for its Kirati heritage and traditional farming practices, offering a glimpse into Himalayan village life.","From Kathmandu, fly to Tumlingtar and continue trekking northward to Yaphu village in Sankhuwasabha.",136,Yaphu – A tranquil village nestled deep in the hills of Sankhuwasabha.,Yaphu\download (1).jpeg; Yaphu\download (2).jpeg; Yaphu\download (3).jpeg; Yaphu\download (5).jpeg; Yaphu\download.jpeg,3.9,34.2,Low
142,seduwa,terhathum,"March–May, Sep–Nov","Hills, Nature, Rural",Natural Attractions,"Trekking, Rural exploration, Photography",Moderate,Road via Myanglung,27.1850°,87.7450°,1,"Seduwa is the gateway to Makalu-Barun National Park in Sankhuwasabha. It is a popular stop for trekkers heading towards Makalu Base Camp, known for its biodiversity and cultural richness.","From Kathmandu, fly to Tumlingtar and trek through Num to reach Seduwa village, the entry to Makalu-Barun National Park.",66,"Seduwa – Gateway to Makalu-Barun National Park, rich in nature and biodiversity.",Seduwa\download (1).jpeg; Seduwa\download (2).jpeg; Seduwa\download (3).jpeg; Seduwa\download (4).jpeg; Seduwa\download.jpeg,4.4,16.7,Low
143,siva mandir managaun,terhathum,Year-round,"Religious, Temple, Cultural",Cultural & Religious Sites,"Pilgrimage, Worship, Photography",Easy,Road access via Myanglung,27.1900°,87.7500°,1,"Siva Mandir in Managaun is a Hindu temple dedicated to Lord Shiva. It is a local pilgrimage site where devotees gather during festivals like Shivaratri, reflecting the spiritual traditions of the region.","From Kathmandu, travel toward Bhojpur or Dhankuta District and continue locally to Siva Mandir in Managaun.",880,Siva Mandir Managaun – A sacred temple attracting devotees seeking spiritual calm.,Siva Mandir Managaun\download (1).jpeg; Siva Mandir Managaun\download (2).jpeg; Siva Mandir Managaun\download (3).jpeg; Siva Mandir Managaun\download (5).jpeg; Siva Mandir Managaun\download.jpeg,4.1,39.3,Moderate
144,hans pokhari,sankhuwasabha,"Mar–May, Sep–Nov","Pond, Nature, Religious",Natural Attractions,"Sightseeing, Photography, Meditation",Easy,Road from Chainpur,27.6350°,87.3650°,1,"Hans Pokhari is a serene pond in Sankhuwasabha, surrounded by forests and hills. It is a peaceful natural attraction, often visited by locals for picnics and religious rituals.","From Kathmandu, take a bus to Hile or fly to Tumlingtar, then take a local jeep to Khandbari and hike toward Hans Pokhari.",120,A beautiful pristine offbeat spot hidden away from standard tourist tracks.,Hans Pokhari\download (4).jpeg; Hans Pokhari\images (1).jpeg; Hans Pokhari\images (2).jpeg; Hans Pokhari\images (3).jpeg; Hans Pokhari\images.jpeg,4.4,16.3,Low
145,kholakharka,sankhuwasabha,"Mar–May, Sep–Nov","Hills, Pastureland",Natural Attractions,"Trekking, Camping, Photography",Moderate,Trail from Chainpur,27.6400°,87.3700°,1,"Kholakharka is a high-altitude pastureland in Sankhuwasabha, used by herders for grazing yaks and cattle. It offers scenic views of surrounding mountains and reflects traditional Himalayan livelihoods.","From Kathmandu, travel toward Sankhuwasabha or Solukhumbu and continue trekking to Kholakharka settlement.",570,Kholakharka – A peaceful grazing meadow offering wide mountain views.,Kholakharka\download (1).jpeg; Kholakharka\download (2).jpeg; Kholakharka\download (3).jpeg; Kholakharka\download (4).jpeg; Kholakharka\download.jpeg,4.3,35.6,Moderate
146,hatiya,sankhuwasabha,"Mar–May, Sep–Nov","Hills, Rural, Cultural",Natural Attractions,"Trekking, Cultural exploration, Photography",Moderate,Road and trekking route,27.6450°,87.3750°,1,"Hatiya is a village in Sankhuwasabha district, close to the Tibetan border. It is historically significant as a trade route and is home to diverse ethnic communities, including Sherpas and Tibetans.","From Kathmandu, fly to Tumlingtar and trek through Num and Seduwa to reach Hatiya in northern Sankhuwasabha.",83,Hatiya – A traditional village with rich Rai and Sherpa cultural roots.,Hatiya\download (1).jpeg; Hatiya\download (2).jpeg; Hatiya\download (3).jpeg; Hatiya\download (5).jpeg; Hatiya\download.jpeg,4.6,20.8,Low
147,dangok,sankhuwasabha,"Mar–May, Sep–Nov","Rural, Nature",Natural Attractions,"Trekking, Rural exploration",Moderate,Local trails,27.6500°,87.3800°,1,"Dangok is a rural settlement in Sankhuwasabha, surrounded by terraced fields and forests. It reflects traditional farming lifestyles and Kirati culture.","From Kathmandu, travel toward Ilam or Panchthar District and continue locally to Dangok village.",69,Dangok – A small hillside settlement surrounded by greenery and quiet trails.,Dang\Dang 1.1.jpeg; Dang\Dang 1.10.jpeg; Dang\Dang 1.2.jpeg; Dang\Dang 1.3.jpeg; Dang\Dang 1.4.jpeg; Dang\Dang 1.5.jpeg; Dang\Dang 1.6.jpeg; Dang\Dang 1.7.jpeg; Dang\Dang 1.8.jpeg; Dang\Dang 1.9.jpeg,4,17.3,Low
148,bhotkhola,sankhuwasabha,"Mar–May, Sep–Nov","Highland, Rural, River valley",Natural Attractions,"Trekking, Rural exploration, Scenic viewing",Moderate,Road via Chainpur–Kimathanka route,27.6550°,87.3850°,1,"Bhotkhola is a rural municipality in Sankhuwasabha, named after the Tibetan traders (“Bhot”) who historically passed through the region. It is rich in cultural diversity and natural beauty.","From Kathmandu, fly to Tumlingtar and continue trekking northward along the Arun Valley to Bhotkhola region.",80,A remote northern valley rich in Sherpa and Tibetan culture.,Bhotkhola\download (1).jpeg; Bhotkhola\download (2).jpeg; Bhotkhola\download (3).jpeg; Bhotkhola\download (5).jpeg; Bhotkhola\download.jpeg,4.3,20.1,Low
149,chyamtang,sankhuwasabha,"Mar–May, Sep–Nov","Hills, Rural, Scenic",Natural Attractions,"Trekking, Cultural experience, Photography",Moderate,Road via Chainpur–Num route,27.6650°,87.3950°,1,"Chyamtang is a village in Sankhuwasabha, known for its Sherpa and Tibetan heritage. It lies along trekking routes and offers insights into Buddhist traditions and high-altitude lifestyles.","From Kathmandu, fly to Tumlingtar and trek along the Arun River to Chyamtang village.",80,A scenic mountain village with warm hospitality and rich culture.,Chyamtang\download (1).jpeg; Chyamtang\download (2).jpeg; Chyamtang\download (3).jpeg; Chyamtang\download (4).jpeg; Chyamtang\download.jpeg,4.3,20.1,Low
150,thudam,sankhuwasabha,"Mar–May, Sep–Nov","Remote, Highland, Nature",Natural Attractions,"Trekking, Exploration, Photography",Hard,Trekking route only,27.6750°,87.4050°,1,"Thudam is a remote locality at 3,617 m, close to the Tibet border. It is culturally Tibetan, with monasteries and yak pastures, and is one of the most isolated settlements in Nepal.","From Kathmandu, fly to Tumlingtar and trek northward through the Arun Valley to the remote Thudam settlement.",88,A hidden gem near Tibet with breathtaking alpine scenery.,Thudam\download (1).jpeg; Thudam\download (2).jpeg; Thudam\download (3).jpeg; Thudam\download (5).jpeg; Thudam\download.jpeg,4.6,22.2,Low
151,brihaspati tal,sankhuwasabha,"Mar–May, Sep–Nov","Lake, Nature, Religious",Natural Attractions,"Sightseeing, Pilgrimage, Photography",Moderate,Trekking trail from Sabha Pokhari,27.6800°,87.4100°,1,"Brihaspati Tal is a sacred lake in Sankhuwasabha, revered by Hindus and Buddhists. It is surrounded by forests and visited during pilgrimages.","From Kathmandu, travel by public bus or jeep to Khandbari in Sankhuwasabha, and arrange local transit to Brihaspati Tal.",14,A beautiful pristine offbeat spot hidden away from standard tourist tracks.,Brihaspati Tal\download (1).jpeg; Brihaspati Tal\download (2).jpeg; Brihaspati Tal\download (3).jpeg; Brihaspati Tal\download (4).jpeg; Brihaspati Tal\download.jpeg,4.9,12.1,Very Low
152,rajarshi tal,sankhuwasabha,"Mar–May, Sep–Nov","Lake, Religious, Nature",Natural Attractions,"Pilgrimage, Photography",Easy,Road access and short trek,27.6850°,87.4150°,1,"Rajarshi Tal is another holy lake in Sankhuwasabha, associated with local legends and spiritual rituals. It is part of the district’s network of sacred high-altitude lakes.","From Kathmandu, drive to Sankhuwasabha via the Koshi Highway, then follow the local trails leading to Rajarshi Tal.",120,A beautiful pristine offbeat spot hidden away from standard tourist tracks.,Rajarshi Tal\download (5).jpeg; Rajarshi Tal\images (1).jpeg; Rajarshi Tal\images (2).jpeg; Rajarshi Tal\images (3).jpeg; Rajarshi Tal\images.jpeg,4.6,15.9,Low
153,rukma,sankhuwasabha,"Mar–May, Sep–Nov","Hills, Rural",Natural Attractions,"Trekking, Rural exploration",Moderate,Road from Chainpur,27.6900°,87.4200°,1,"Rukma is a rural settlement in Sankhuwasabha, reflecting traditional farming and Kirati culture. It is surrounded by hills and forests, offering a glimpse into local lifestyles","From Kathmandu, travel toward Taplejung and continue locally to Rukma village.",109,A quiet rural settlement amid tranquil mountain surroundings.,Rukma\download (1).jpeg; Rukma\download (2).jpeg; Rukma\download (3).jpeg; Rukma\download (4).jpeg; Rukma\download.jpeg,4,27.4,Low
154,sibrung,sankhuwasabha,"Mar–May, Sep–Nov","Hills, Nature",Natural Attractions,"Trekking, Exploration",Moderate,Local trails,27.6950°,87.4250°,1,"Sibrung is a locality at 1,739 m, close to Barun Bajar. It is home to Rai and Limbu communities, known for their Mundhum traditions and cultural dances","From Kathmandu, travel toward Sankhuwasabha or Tehrathum and continue to Sibrung village area.",354,A culturally rich village reflecting Limbu traditions and natural charm.,Sibrung\download (1).jpeg; Sibrung\download (2).jpeg; Sibrung\download (3).jpeg; Sibrung\download (5).jpeg; Sibrung\download.jpeg,4.5,35.4,Moderate
155,limkhim fall,sankhuwasabha,Jun–Sep (Monsoon),"Waterfall, Nature",Natural Attractions,"Sightseeing, Photography, Trekking",Moderate,Trail from Chainpur,27.7000°,87.4300°,1,"Limkhim Fall is a beautiful waterfall located in Taplejung district of eastern Nepal. Surrounded by lush greenery and traditional Limbu villages, it is a natural attraction that reflects the pristine Himalayan environment.","From Kathmandu, travel toward Taplejung and continue locally to Limkhim village to see Limkhim Fall.",402,A beautiful hidden waterfall surrounded by lush greenery.,Limkhim Fall\download (1).jpeg; Limkhim Fall\download (2).jpeg; Limkhim Fall\download (3).jpeg; Limkhim Fall\download (4).jpeg; Limkhim Fall\download.jpeg; Limkhim Fall\Waterfall-before-kermi-770x1024.jpg,4,40.2,Moderate
156,baide,sankhuwasabha,"Mar–May, Sep–Nov","Hills, Nature",Natural Attractions,"Trekking, Photography",Moderate,Local road and trail,27.7050°,87.4350°,1,"Baide is a rural settlement in eastern Nepal, known for its agricultural lifestyle and cultural diversity. It is surrounded by terraced fields and forested hills, offering a peaceful environment typical of Himalayan villages.","From Kathmandu, travel toward Panchthar District and continue to Baide village region.",84,A small hillside village known for scenic views and cultural warmth.,Baide\download (1).jpeg; Baide\download (2).jpeg; Baide\download (3).jpeg; Baide\download (5).jpeg; Baide\download.jpeg,4.2,21.2,Low
157,num,sankhuwasabha,"Mar–May, Sep–Nov","Hills, Gateway, Trekking hub",Trekking & Adventure,"Trekking, Photography, Tea gardens",Moderate,Road access from Khandbari,27.7100°,87.4400°,1,"Num is a hilltop village in Sankhuwasabha district, serving as a gateway to the Makalu-Barun National Park. It offers panoramic views of the Arun Valley and is a popular stop for trekkers heading toward Makalu Base Camp. The village is surrounded by terraced fields and lush forests, reflecting the rural charm of eastern Nepal","Travel from Kathmandu to Chainpur (by flight to Tumlingtar, then drive), then continue by local transport or hike to Num.",482,A picturesque stopover for trekkers heading to Makalu Base Camp.,Devdaha Ancient Monuments Minor Sites\Devdaha Ancient Monuments Minor Sites 1.1.jpeg; Devdaha Ancient Monuments Minor Sites\Devdaha Ancient Monuments Minor Sites 1.10.jpeg; Devdaha Ancient Monuments Minor Sites\Devdaha Ancient Monuments Minor Sites 1.2.jpeg; Devdaha Ancient Monuments Minor Sites\Devdaha Ancient Monuments Minor Sites 1.3.jpeg; Devdaha Ancient Monuments Minor Sites\Devdaha Ancient Monuments Minor Sites 1.4.jpeg; Devdaha Ancient Monuments Minor Sites\Devdaha Ancient Monuments Minor Sites 1.5.jpeg; Devdaha Ancient Monuments Minor Sites\Devdaha Ancient Monuments Minor Sites 1.6.jpeg; Devdaha Ancient Monuments Minor Sites\Devdaha Ancient Monuments Minor Sites 1.7.jpeg; Devdaha Ancient Monuments Minor Sites\Devdaha Ancient Monuments Minor Sites 1.8.jpeg; Devdaha Ancient Monuments Minor Sites\Devdaha Ancient Monuments Minor Sites 1.9.jpeg,4.7,48.2,Moderate
158,sabha pokhari,sankhuwasabha,"Apr–Jun, Sep–Nov","Lake, Religious, Scenic",Natural Attractions,"Pilgrimage, Trekking, Photography",Moderate,Trekking from Chainpur,27.7150°,87.4450°,1,"Sabha Pokhari is a sacred high-altitude lake at about 4,200 meters in Sankhuwasabha. It is revered by both Hindus and Kirati communities, who gather here during annual pilgrimages. The lake is surrounded by alpine meadows and rhododendron forests, making it a site of both spiritual and natural significance","Take a flight or drive from Kathmandu to Bhojpur or Tumlingtar, then continue by local jeep and trek to Sabha Pokhari.",12,A holy alpine lake surrounded by legends and natural beauty.,Sabha Pokhari\download (1).jpeg; Sabha Pokhari\download (2).jpeg; Sabha Pokhari\download (3).jpeg; Sabha Pokhari\download (5).jpeg; Sabha Pokhari\download.jpeg,4.7,10.8,Very Low
159,nebare,sankhuwasabha,"Mar–May, Sep–Nov","Rural, Hills",Natural Attractions,"Trekking, Rural experience",Moderate,Road from Chainpur,27.7200°,87.4500°,1,"Nebare is a rural settlement in Sankhuwasabha, known for its terraced fields and traditional farming practices. It reflects the simple lifestyle of Kirati communities and offers scenic views of surrounding hills","Travel from Kathmandu to Chainpur (by flight to Tumlingtar, then drive), then continue by local transport or hike to Nebare.",94,A peaceful upland hamlet offering simplicity and scenic charm.,Nebare\download (1).jpeg; Nebare\download (2).jpeg; Nebare\download (3).jpeg; Nebare\download (4).jpeg; Nebare\download.jpeg,4.1,23.7,Low
160,mangkhim,sankhuwasabha,"Mar–May, Sep–Nov","Hills, Cultural, Religious",Natural Attractions,"Trekking, Cultural exploration, Photography",Moderate,Road and short trail,27.7250°,87.4550°,1,"Mangkhim is a sacred site for the Rai community in eastern Nepal. It is dedicated to Sumnima-Paruhang, the deities of Kirati religion. The temple and surrounding area are important for cultural rituals and gatherings.","Fly or drive to Ilam from Kathmandu, then continue by road via Chisapani to reach Mangkhim.",351,A hilltop site known for temples and stunning sunrise views.,Mangkhim\download (1).jpeg; Mangkhim\download (2).jpeg; Mangkhim\download (3).jpeg; Mangkhim\download (5).jpeg; Mangkhim\download.jpeg,4.5,35.1,Moderate
161,syaksila,sankhuwasabha,"Mar–May, Sep–Nov","Hills, Nature",Natural Attractions,"Trekking, Photography",Moderate,Local trail,27.7300°,87.4600°,1,"Syaksila is a village in Sankhuwasabha, surrounded by forests and hills. It is known for its Kirati heritage and traditional farming, offering a glimpse into Himalayan rural life","From Kathmandu, take a flight to Tumlingtar, then drive to Chainpur and trek to Syaksila village.",76,A highland settlement offering sweeping Himalayan vistas.,Syaksila\download (1).jpeg; Syaksila\download (2).jpeg; Syaksila\download (3).jpeg; Syaksila\download (4).jpeg; Syaksila\download.jpeg,4.3,19,Low
162,sempung,sankhuwasabha,"Mar–May, Sep–Nov","Hills, Rural",Natural Attractions,"Trekking, Rural exploration",Moderate,Road via Chainpur,27.7350°,87.4650°,1,"Sempung is a settlement in Sankhuwasabha, reflecting traditional farming and Kirati culture. It is surrounded by terraced fields and natural landscapes, making it a peaceful rural destination.","Travel from Kathmandu to Khandbari by air (via Tumlingtar) or road, then continue by jeep and foot to reach Sempung.",61,A remote yet charming rural village rich in ethnic culture.,Sempung\download (1).jpeg; Sempung\download (2).jpeg; Sempung\download (3).jpeg; Sempung\download (5).jpeg; Sempung\download.jpeg,4.1,15.4,Low
163,chainpur,sankhuwasabha,Year-round,"Town, Administrative, Cultural",Cultural & Religious Sites,"Sightseeing, Market visit, Photography",Easy,Road accessible,27.7400°,87.4700°,1,"Chainpur is the historic administrative center of Sankhuwasabha district. Known for its orange orchards and cultural diversity, it was once a bustling trade hub. The town reflects both traditional and modern lifestyles, with temples, markets, and scenic views of the Arun Valley.","Take a flight to Tumlingtar from Kathmandu, then drive about 4–5 hours to Chainpur in Sankhuwasabha.",121,A historic hill town known for craftsmanship and natural beauty.,Chainpur\download (1).jpeg; Chainpur\download (2).jpeg; Chainpur\download (3).jpeg; Chainpur\download (4).jpeg; Chainpur\download.jpeg,4.2,30.3,Low
164,siddhakali,sankhuwasabha,Year-round,"Temple, Religious, Cultural",Cultural & Religious Sites,"Pilgrimage, Worship, Photography",Easy,Road access,27.7450°,87.4750°,1,"Siddhakali is a Hindu temple in Sankhuwasabha, dedicated to Goddess Kali. It is a local pilgrimage site where devotees gather during festivals, reflecting the spiritual traditions of the region.","Fly or drive to Bhojpur from Kathmandu, then continue by road to Siddhakali Temple area.",391,A revered temple offering peace and panoramic landscapes.,Siddhakali\download (1).jpeg; Siddhakali\download (2).jpeg; Siddhakali\download (3).jpeg; Siddhakali\download (5).jpeg; Siddhakali\download.jpeg,4.5,39.1,Moderate
165,ambung,sankhuwasabha,"Mar–May, Sep–Nov","Hills, Rural, Scenic",Natural Attractions,"Trekking, Cultural visit, Photography",Moderate,Road via Chainpur,27.7550°,87.4850°,1,"Ambung is a village in Sankhuwasabha, known for its cultural diversity and scenic landscapes. It is surrounded by terraced fields and forests, making it a charming rural settlement.","Take a flight from Kathmandu to Taplejung (Suketar), then drive towards Phungling and continue trekking to Ambung.",416,A quiet mountain village perfect for nature lovers and trekkers.,Ambung\download (1).jpeg; Ambung\download (2).jpeg; Ambung\download (3).jpeg; Ambung\download (4).jpeg; Ambung\download.jpeg,4.1,41.6,Moderate
166,dhungesaghu,sankhuwasabha,"Mar–May, Sep–Nov","Hills, River, Nature",Natural Attractions,"Trekking, Photography, Rural experience",Moderate,Road and trail,27.7600°,87.4900°,1,"Dhungesaghu is a settlement in Sankhuwasabha, reflecting traditional farming and Kirati heritage. It is surrounded by hills and rivers, offering natural beauty and cultural richness.","From Kathmandu, travel to Taplejung by flight or bus, then drive or hike to Dhungesaghu village.",125,A small settlement named after its historic stone bridge and river views.,Dhungesaghu\download (1).jpeg; Dhungesaghu\download (2).jpeg; Dhungesaghu\download (3).jpeg; Dhungesaghu\download (5).jpeg; Dhungesaghu\download.jpeg,4.2,31.3,Low
167,olangchung gola,taplejung,Spring–Autumn,"Mountain Village, Cultural Heritage",Natural Attractions,"Trekking, Cultural Exploration",Moderate,Trail Access,27.7325,87.7514,1,"Olangchung Gola in Taplejung is one of Nepal’s most remote Himalayan villages, located near the Tibetan border. It is culturally Tibetan, with monasteries, stone houses, and yak pastures. Historically, it was a trade hub between Nepal and Tibet, and today it is a gateway to high-altitude trekking routes.","Fly from Kathmandu to Suketar, drive to Tapethok, and then trek several days through Lelep to Olangchung Gola.",67,A fascinating old trade village blending Tibetan and Sherpa heritage.,Olangchung Gola\download (1).jpeg; Olangchung Gola\download (2).jpeg; Olangchung Gola\download (3).jpeg; Olangchung Gola\download (4).jpeg; Olangchung Gola\download.jpeg,4.1,16.8,Low
168,yangma,taplejung,Spring–Autumn,Remote Himalayan Village,Village & Rural Tourism,"Trekking, Scenic View",Hard,Trail Access,27.851,87.713,1,"Yangma is a remote village in Taplejung district, close to the Kanchenjunga region. It is culturally Tibetan and known for its monasteries and high-altitude lifestyle. The settlement lies along trekking trails leading toward Kanchenjunga.","Take the same route as Olangchung Gola—fly to Suketar, trek via Lelep and Olangchung Gola to Yangma Valley.",108,A secluded highland valley untouched by modernity and full of charm.,Yangma\download (1).jpeg; Yangma\download (2).jpeg; Yangma\download (3).jpeg; Yangma\download (5).jpeg; Yangma\download.jpeg,4.7,27,Low
169,merak,taplejung,Spring–Autumn,"Hilly Settlement, Cultural Site",Natural Attractions,"Trekking, Photography",Moderate,Trail Access,27.525,87.828,1,"Merak is a village in Taplejung, reflecting Kirati and Tibetan cultural influences. It is surrounded by hills and forests, offering a glimpse into traditional Himalayan life","From Kathmandu, fly to Bhadrapur and drive through Ilam to reach Merak village near the Bhutan border.",94,A traditional Sherpa village surrounded by Himalayan beauty.,Merak\download (1).jpeg; Merak\download (2).jpeg; Merak\download (3).jpeg; Merak\download (4).jpeg; Merak\download.jpeg,4,23.5,Low
170,bajrangi lake,taplejung,Autumn–Spring,Sacred Lake,Natural Attractions,"Pilgrimage, Sightseeing",Moderate,Trail Access,27.79,87.68,1,"Bajrangi Lake is a natural attraction in eastern Nepal, surrounded by forests and hills. It is considered sacred by locals and is often visited during religious rituals and festivals.","Travel from Kathmandu to Chainpur (via Tumlingtar), then hike to Bajrangi Lake area in Sankhuwasabha.",86,A calm natural lake offering serenity and reflection views.,Bajrangi Lake\download (1).jpeg; Bajrangi Lake\download (2).jpeg; Bajrangi Lake\download (3).jpeg; Bajrangi Lake\download (5).jpeg; Bajrangi Lake\download.jpeg,4.1,21.7,Low
171,hanuman sagar,taplejung,Autumn–Spring,Religious Pond,Cultural & Religious Sites,"Pilgrimage, Photography",Easy,Road Access,27.74,87.68,1,"Hanuman Sagar is a pond or lake associated with Hindu traditions, dedicated to Lord Hanuman. It serves as a local pilgrimage site and is surrounded by natural beauty.","Fly or drive to Diktel, Khotang, and continue by local jeep to Hanuman Sagar.",640,A religious lake dedicated to Lord Hanuman amid peaceful surroundings.,Hanuman Sagar\download (1).jpeg; Hanuman Sagar\download (2).jpeg; Hanuman Sagar\download (3).jpeg; Hanuman Sagar\download (4).jpeg; Hanuman Sagar\download.jpeg,4.4,40.4,Moderate
172,chhija,taplejung,Spring–Autumn,Himalayan Settlement,Village & Rural Tourism,"Trekking, Local Culture",Moderate,Trail Access,27.72,87.74,1,"Chhija is a rural settlement in Taplejung, reflecting traditional farming and Kirati culture. It is surrounded by terraced fields and forests, offering a peaceful environment","From Kathmandu, reach Bhojpur by road or air, then take local transport to Chhija village.",870,A hill village offering scenic vistas and cultural authenticity.,Chhija\download (1).jpeg; Chhija\download (2).jpeg; Chhija\download (3).jpeg; Chhija\download (5).jpeg; Chhija\download.jpeg,4.2,53.6,Moderate
173,nup,taplejung,Spring–Autumn,Mountain Hamlet,Natural Attractions,"Trekking, Photography",Hard,Trail Access,27.76,87.72,1,"Nup is a small settlement in Taplejung, known for its cultural diversity and natural landscapes. It reflects the rural Himalayan lifestyle, with farming as the main livelihood","Fly from Kathmandu to Suketar, drive to Phungling, and continue by trekking trails towards Nup.",95,A remote settlement embraced by forests and mountain serenity.,Nup\download (1).jpeg; Nup\download (2).jpeg; Nup\download (3).jpeg; Nup\download (4).jpeg; Nup\download.jpeg,4.6,23.9,Low
174,ghunsa,taplejung,Spring–Autumn,Himalayan Village,Village & Rural Tourism,"Trekking, Mountain View",Hard,Trail Access,27.721,87.672,1,"Ghunsa is a famous Sherpa village in Taplejung, located at 3,400 meters. It is a key stop on the Kanchenjunga trekking route, known for its monasteries, prayer flags, and warm Sherpa hospitality. The village is surrounded by stunning Himalayan peaks and is culturally rich in Buddhist traditions.","From Kathmandu, fly to Suketar, drive to Tapethok, and trek through Lelep to reach Ghunsa.",770,A famous Sherpa village en route to Kanchenjunga Base Camp.,Ghunsa\download (1).jpeg; Ghunsa\download (2).jpeg; Ghunsa\download (3).jpeg; Ghunsa\download (5).jpeg; Ghunsa\download.jpeg,4.6,37.9,Moderate
175,phungling,taplejung,All Year,"Municipality, Hill Town",Natural Attractions,"City Tour, Culture",Easy,Road Access,27.356,87.675,1,"Phungling is the district headquarters of Taplejung in eastern Nepal. It is a bustling hill town that serves as the gateway to the Kanchenjunga Conservation Area. The town is surrounded by scenic hills and rivers, offering both cultural vibrancy and natural beauty","Take a flight from Kathmandu to Suketar, then a short drive or trek to Phungling Bazaar.",950,Administrative hub of Taplejung blending urban life with natural charm.,Phungling\download (1).jpeg; Phungling\download (2).jpeg; Phungling\download (3).jpeg; Phungling\download (4).jpeg; Phungling\download.jpeg,4.4,44.8,Moderate
176,dokhu,taplejung,Spring–Autumn,Hilly Village,Natural Attractions,"Trekking, Local Experience",Moderate,Trail Access,27.42,87.68,1,"Dokhu is a rural settlement in Taplejung district, known for its terraced fields and traditional farming practices. It reflects the Kirati lifestyle and is surrounded by lush hills and forests.",Fly or drive to Taplejung and continue a short drive from Phungling to reach Dokhu.,73,A hillside town surrounded by forests and scenic rural views.,Dokhu\download (1).jpeg; Dokhu\download (2).jpeg; Dokhu\download (3).jpeg; Dokhu\download (5).jpeg; Dokhu\download.jpeg,4.4,18.3,Low
177,sansari danda,taplejung,Spring–Autumn,"Hill, Religious Site",Natural Attractions,"Hiking, Sightseeing",Moderate,Trail Access,27.44,87.7,1,"Sansari Danda is a hilltop viewpoint in eastern Nepal, offering panoramic views of valleys and distant Himalayan peaks. It is often visited during festivals and local gatherings, making it both a natural and cultural landmark.","From Kathmandu, reach Bhojpur or Diktel by road, then hike to Sansari Danda viewpoint.",600,A holy ridge offering views and spiritual calm.,,4.2,39.9,Moderate
178,ghumaaune dada,taplejung,Spring–Autumn,Hill Point,Natural Attractions,"Hiking, Photography",Moderate,Trail Access,27.45,87.69,1,"Ghumaaune Dada is a scenic ridge in the eastern hills, popular for short hikes and local excursions. It provides wide views of surrounding villages and terraced landscapes.","Travel from Kathmandu to Dhankuta by road, then continue uphill trekking to Ghumaaune Dada.",430,A scenic hilltop viewpoint perfect for sunrises and photos.,,4.4,42.3,Moderate
179,duhabi,sunsari,All Year,Town,Urban & Modern Attractions,"Local Market, City Walk",Easy,Road Access,26.664,87.273,1,"Duhabi is a town in Sunsari district, located in the Terai plains. It is a busy commercial hub with industries, markets, and cultural diversity, connecting rural communities with urban trade.",Take a direct drive or bus from Kathmandu to Duhabi in Sunsari District via the East-West Highway.,94,A lively industrial town connecting plains and hills.,,4.1,23.7,Low
180,sisabanibadahara,sunsari,All Year,Town Area,Urban & Modern Attractions,"Agriculture, Local Business",Easy,Road Access,26.616,87.273,1,"Sisabanibadahara is a rural settlement in Sunsari district, surrounded by fertile agricultural land. It reflects the Terai lifestyle, with farming as the main occupation","From Kathmandu, travel by road along the East-West Highway to Itahari, then continue to Sisabanibadahara.",480,A peaceful Terai region village rich in agriculture.,Badahara\download (1).jpeg; Badahara\download (2).jpeg; Badahara\download (4).jpeg; Badahara\download.jpeg; Badahara\images.jpeg,4.5,18.7,Low
181,dangraha,sunsari,All Year,Village,Village & Rural Tourism,Cultural Tour,Easy,Road Access,26.65,87.3,1,"Dangraha is a village in Sunsari district, known for its farming communities and traditional practices. It is surrounded by fields and rivers, offering a peaceful rural environment.","Drive from Kathmandu to Biratnagar, then take a local route toward Dangraha in Morang District.",124,A flatland village with vibrant local life and cultural roots.,Dang\Dang 1.1.jpeg; Dang\Dang 1.10.jpeg; Dang\Dang 1.2.jpeg; Dang\Dang 1.3.jpeg; Dang\Dang 1.4.jpeg; Dang\Dang 1.5.jpeg; Dang\Dang 1.6.jpeg; Dang\Dang 1.7.jpeg; Dang\Dang 1.8.jpeg; Dang\Dang 1.9.jpeg,4.3,31,Low
182,banigama,sunsari,All Year,Town Area,Urban & Modern Attractions,Local Market,Easy,Road Access,26.6,87.29,1,"Banigama is a settlement in Sunsari district, reflecting the Terai’s agricultural richness. It is a culturally diverse community with strong ties to farming and local trade.","From Kathmandu, drive via Itahari to reach Banigama on the Mahendra Highway.",91,A small trading hub surrounded by green fields.,Banigama\download (1).jpeg; Banigama\download (2).jpeg; Banigama\download (3).jpeg; Banigama\download (5).jpeg; Banigama\download.jpeg,4,22.8,Low
183,dulari,sunsari,All Year,Village,Village & Rural Tourism,Local Tour,Easy,Road Access,26.63,87.35,1,"Dulari is a village in Sunsari district, surrounded by fertile plains. It is known for its agricultural productivity and cultural diversity, with farming as the main livelihood.","Take a bus or car from Kathmandu to Biratnagar, then continue on the local road to Dulari.",120,"A simple, friendly village reflecting everyday rural Nepal.",Dulari\download (4).jpeg; Dulari\download.jpeg; Dulari\images (1).jpeg; Dulari\images (2).jpeg; Dulari\images.jpeg,4.5,30.2,Low
184,binaya tole phimraha,sunsari,All Year,Residential Area,Village & Rural Tourism,Local Visit,Easy,Road Access,26.61,87.27,1,"Binaya Tole in Phimraha is a small settlement in Sunsari, reflecting traditional Terai village life. It is surrounded by fields and forests, offering a glimpse into rural lifestyles","Travel from Kathmandu to Inaruwa by bus, then continue locally to Binaya Tole Phimraha.",880,A local neighborhood known for community warmth.,Binaya Tole Phimraha\download (1).jpeg; Binaya Tole Phimraha\download (2).jpeg; Binaya Tole Phimraha\download (3).jpeg; Binaya Tole Phimraha\download (4).jpeg; Binaya Tole Phimraha\download.jpeg,4.4,50.4,Moderate
185,khoksi,sunsari,All Year,Village,Village & Rural Tourism,Local Tour,Easy,Road Access,26.62,87.26,1,"Khoksi is a rural settlement in Sunsari district, known for its farming communities. It is surrounded by fertile land and reflects the simple charm of Terai villages","Drive or take a bus from Kathmandu to Biratnagar, then follow local roads to Khoksi area.From Kathmandu, take the highway to Siraha or Saptari, then continue to Khoksi village.",72,A quiet farming village with a relaxed countryside atmosphere. Bariyarpatti – Vibrant local town famous for its small markets.,Khoksi\download (1).jpeg; Khoksi\download (2).jpeg; Khoksi\download (3).jpeg; Khoksi\download (5).jpeg; Khoksi\download.jpeg,4.6,26.7,Low
186,lati jhora,sunsari,All Year,Water Stream Area,Village & Rural Tourism,"Picnic, Nature Visit",Easy,Road Access,26.64,87.29,1,"Lati Jhora is a settlement in Sunsari, located near rivers and fertile plains. It is known for its agricultural lifestyle and cultural diversity.","Take a flight or drive to Bhadrapur, then head towards Ilam and continue by local road to Lati Jhora waterfall.",544,A natural spring area with refreshing water and greenery.,Lati Jhora\download (1).jpeg; Lati Jhora\download (2).jpeg; Lati Jhora\download (3).jpeg; Lati Jhora\download.jpeg; Lati Jhora\images.jpeg; Lati Jhora\sddefault (1).jpg; Lati Jhora\sddefault (2).jpg; Lati Jhora\sddefault.jpg,4.3,54.4,Moderate
187,sonapur,sunsari,All Year,Town,Urban & Modern Attractions,"Local Market, Visit",Easy,Road Access,26.66,87.29,1,"Sonapur is a town in Sunsari district, serving as a local market hub. It is culturally diverse and surrounded by fertile land, making it an important trading center.","Travel from Kathmandu to Itahari by highway bus, then drive to Sonapur.",377,A growing market town blending modern life with traditional values.,Sonapur\download (1).jpeg; Sonapur\download (2).jpeg; Sonapur\download (3).jpeg; Sonapur\download (4).jpeg; Sonapur\download.jpeg,4,37.7,Moderate
188,sai man basti,sunsari,All Year,Settlement,Village & Rural Tourism,Local Tour,Easy,Road Access,26.64,87.28,1,"Sai Man Basti is a rural settlement in Sunsari, reflecting traditional farming practices. It is surrounded by fields and forests, offering a peaceful environment","Take a road trip from Kathmandu to Inaruwa, then drive locally to Sai Man Basti.",373,"A small, friendly settlement in the eastern plains.",Sai Man Basti\download (1).jpeg; Sai Man Basti\download (2).jpeg; Sai Man Basti\download (5).jpeg; Sai Man Basti\download.jpeg; Sai Man Basti\images.jpeg,4.4,37.3,Moderate
189,khanar,sunsari,All Year,Industrial Area,Village & Rural Tourism,City Tour,Easy,Road Access,26.66,87.28,1,"Khanar is a growing town in Sunsari district, known for its industries and educational institutions. It is part of the expanding urban belt near Itahari and Dharan.","Drive or fly to Biratnagar from Kathmandu, then continue a short distance north to Khanar.",1300,A developing suburban town near Itahari with local charm.,Khanar\download (1).jpeg; Khanar\download (2).jpeg; Khanar\download (3).jpeg; Khanar\download (4).jpeg; Khanar\download.jpeg,4.6,53.5,Moderate
190,gaisar,sunsari,All Year,Town,Urban & Modern Attractions,Local Visit,Easy,Road Access,26.65,87.31,1,"Gaisar is a rural settlement in Sunsari, surrounded by fertile plains. It reflects the Terai’s agricultural lifestyle and community traditions.","Travel by bus from Kathmandu to Biratnagar, then continue by local jeep to Gaisar.",134,A modest rural community surrounded by farmland.,Gaisar\download (1).jpeg; Gaisar\download (2).jpeg; Gaisar\download (3).jpeg; Gaisar\download (5).jpeg; Gaisar\download.jpeg,4.1,33.7,Low
191,bhatti toal,sunsari,All Year,Residential Area,Village & Rural Tourism,Local Visit,Easy,Road Access,26.65,87.27,1,"Bhatti Toal is a small settlement in Sunsari, known for its farming communities and traditional village life. It is surrounded by fields and rivers","Drive from Kathmandu to Sunsari District, then use local roads to reach Bhatti Toal area.",120,A traditional neighborhood known for its welcoming locals.,Bhatti Toal\download (1).jpeg; Bhatti Toal\download (2).jpeg; Bhatti Toal\download (3).jpeg; Bhatti Toal\download (4).jpeg; Bhatti Toal\download.jpeg,4.4,30.2,Low
192,bajraha,sunsari,All Year,Village,Village & Rural Tourism,Cultural Visit,Easy,Road Access,26.66,87.27,1,"Bajraha is a rural settlement in Sunsari district, reflecting traditional farming practices. It is surrounded by fertile land and forests, offering a peaceful environment","Take a long-distance bus from Kathmandu to the Koshi region, then continue locally to Bajraha.",840,A peaceful village offering authentic Terai culture and lifestyle.,Bajraha\download (1).jpeg; Bajraha\download (2).jpeg; Bajraha\download (5).jpeg; Bajraha\download.jpeg; Bajraha\images.jpeg,4.7,54.4,Moderate
193,ubdhi,sunsari,All Year,Village,Village & Rural Tourism,Cultural Visit,Easy,Road Access,26.63,87.26,1,"Ubdhi is a settlement in Sunsari, known for its agricultural productivity. It reflects the Terai lifestyle, with farming as the main occupation.","Travel by bus from Kathmandu to Inaruwa, then reach Ubdhi via local transport.",1300,A quiet countryside area ideal for peaceful retreats.,Ubdhi\download (1).jpeg; Ubdhi\download (2).jpeg; Ubdhi\download (3).jpeg; Ubdhi\download (4).jpeg; Ubdhi\download.jpeg,4.4,43.6,Moderate
194,lauhani,sunsari,All Year,Village,Village & Rural Tourism,Local Visit,Easy,Road Access,26.61,87.25,1,"Lauhani is a rural settlement in Sunsari district, surrounded by fertile plains. It reflects traditional farming and cultural diversity, offering a glimpse into Terai village life","From Kathmandu, take the East-West Highway bus to Biratnagar, then continue to Lauhani village.",353,A small farming village surrounded by fertile plains.,Lauhani\download (1).jpeg; Lauhani\download (2).jpeg; Lauhani\download (3).jpeg; Lauhani\download (5).jpeg; Lauhani\download.jpeg,4.4,35.3,Moderate
195,jhumka,sunsari,All Year,Town,Urban & Modern Attractions,Local Market,Easy,Road Access,26.65,87.27,1,"Jhumka is a growing town in Sunsari district, located along the East-West Highway. It is known for its bustling markets, educational institutions, and proximity to Koshi Tappu Wildlife Reserve. The town serves as a commercial hub for surrounding rural areas.","Travel from Kathmandu to Itahari, then a short drive along the highway to Jhumka town.",248,A busy town near Koshi Tappu known for its growing trade.,Jhumka\download (1).jpeg; Jhumka\download (2).jpeg; Jhumka\download (3).jpeg; Jhumka\download (4).jpeg; Jhumka\download.jpeg,4,29.7,Low
196,diktel,khotang,Spring–Autumn,Municipality,Urban & Modern Attractions,"Cultural Visit, Trekking",Moderate,Road Access,27.207,86.805,1,"Diktel is the headquarters of Khotang district in eastern Nepal. It is a hill town surrounded by scenic landscapes and is culturally rich with Rai and other Kirati communities. Diktel is also close to Lamidanda Airport, making it a gateway to Halesi Mahadev Temple.",Fly to Lamidanda or drive from Kathmandu through Gaighat and Udayapur to Diktel Bazaar.,114,A beautiful hill town offering panoramic views and rich Rai culture.,Diktel\download (1).jpeg; Diktel\download (2).jpeg; Diktel\download (3).jpeg; Diktel\download (5).jpeg; Diktel\download.jpeg,4.3,28.5,Low
197,nerpa,khotang,Spring–Autumn,Village,Village & Rural Tourism,Cultural Tour,Moderate,Trail Access,27.23,86.79,1,"Nerpa is a rural settlement in eastern Nepal, reflecting traditional farming practices and Kirati culture. It is surrounded by terraced fields and forests, offering a peaceful environment typical of Himalayan villages.","Travel to Diktel first (via Lamidanda or road), then continue locally to Nerpa.",120,A serene mountain village with unspoiled natural surroundings.,Nerpa\download (1).jpeg; Nerpa\download (2).jpeg; Nerpa\download (3).jpeg; Nerpa\download (4).jpeg; Nerpa\download.jpeg,4.2,30.2,Low
198,dorpachiuridada,khotang,Spring–Autumn,Hill,Natural Attractions,"Hiking, Scenic View",Moderate,Trail Access,27.22,86.8,1,"Dorpachiuridada is a hilltop area in eastern Nepal, known for its panoramic views of valleys and mountains. It is often visited by locals for short hikes and cultural gatherings.","From Kathmandu, fly to Lamidanda and take a local jeep or trek to Dorpachiuridada.",312,Peaceful hill area offering panoramic mountain views.,Dorpachiuridada\download (1).jpeg; Dorpachiuridada\download (2).jpeg; Dorpachiuridada\download (3).jpeg; Dorpachiuridada\download (5).jpeg; Dorpachiuridada\download.jpeg,4,31.8,Low
199,lamidanda,khotang,Spring–Autumn,"Village, Airport Area",Village & Rural Tourism,"Local Visit, Flight",Easy,Road Access,27.23,86.81,1,"Lamidanda is a village in Khotang district, famous for Lamidanda Airport, which connects the region to Kathmandu. It is surrounded by hills and forests and serves as a gateway to Halesi Mahadev Temple.",Fly from Kathmandu directly to Lamidanda Airport in Khotang District.,780,Scenic countryside known for its natural serenity.,Lamidanda\download (1).jpeg; Lamidanda\download (2).jpeg; Lamidanda\download (3).jpeg; Lamidanda\download (4).jpeg; Lamidanda\download.jpeg,4.4,44.4,Moderate
200,sapteshwor,khotang,Autumn–Spring,Temple,Cultural & Religious Sites,Pilgrimage,Easy,Road Access,27.2,86.79,1,"Sapteshwor is a Hindu pilgrimage site dedicated to Lord Shiva. It is revered by locals and visited during festivals, reflecting the deep spiritual traditions of eastern Nepal","From Kathmandu, drive or fly to Diktel, then continue by local transport to Sapteshwor Temple.",196,Holy pilgrimage site surrounded by beautiful hills.,Sapteshwor\download (1).jpeg; Sapteshwor\download (2).jpeg; Sapteshwor\download (3).jpeg; Sapteshwor\download (5).jpeg; Sapteshwor\download.jpeg,4.2,31.8,Low
201,pipal dada,khotang,Spring–Autumn,Hill Point,Natural Attractions,Hiking,Moderate,Trail Access,27.21,86.79,1,"Pipal Dada is a hilltop settlement named after the sacred pipal tree, often associated with Hindu rituals. It offers scenic views and serves as a cultural gathering place for nearby communities.","Travel from Kathmandu to Diktel by road or air, then continue locally to Pipal Dada hill.",174,Quiet and green hilltop with relaxing surroundings.,Pipal Dada\download (1).jpeg; Pipal Dada\download (2).jpeg; Pipal Dada\download (3).jpeg; Pipal Dada\download.jpeg; Pipal Dada\images.jpeg,4.1,39.9,Moderate
202,rakha dipsung,khotang,Spring–Autumn,Village,Village & Rural Tourism,Cultural Tour,Moderate,Trail Access,27.19,86.81,1,"Rakha Dipsung is a village in Khotang district, known for its Kirati heritage and traditional farming. It is surrounded by hills and forests, offering a glimpse into rural Himalayan life.","Take a road trip from Kathmandu to Khotang, then continue by local trail or jeep to Rakha Dipsung.",430,Traditional village preserving local Kirat culture.,Rakha Dipsung\download (1).jpeg; Rakha Dipsung\download (2).jpeg; Rakha Dipsung\download (3).jpeg; Rakha Dipsung\download (4).jpeg; Rakha Dipsung\download.jpeg,4.2,54.8,Moderate
203,sungdel,khotang,Spring–Autumn,Village,Village & Rural Tourism,Trekking,Moderate,Trail Access,27.16,86.82,1,"Sungdel is a culturally rich village in Khotang, home to Rai communities. It is known for its Mundhum traditions, dances, and rituals, making it an important cultural site in eastern Nepal.","From Kathmandu, travel to Diktel, then take local transport to Sungdel village.",386,Picturesque rural area rich in ethnic traditions.,Sungdel\download (1).jpeg; Sungdel\download (2).jpeg; Sungdel\download (3).jpeg; Sungdel\download (5).jpeg; Sungdel\download.jpeg,4.4,45.4,Moderate
204,sitalpati,khotang,All Year,Market Area,Urban & Modern Attractions,Local Visit,Easy,Road Access,27.19,86.8,1,"Sitalpati is a market town in Khotang district, serving as a hub for trade and social interaction. It is surrounded by rural settlements and reflects the vibrant life of the region.",Drive from Kathmandu to Diktel and continue locally to Sitalpati village.,137,Bustling small town with local market life.,Sitalpati\download (1).jpeg; Sitalpati\download (2).jpeg; Sitalpati\download (3).jpeg; Sitalpati\download (4).jpeg; Sitalpati\download.jpeg,4.4,34.3,Low
205,chiyabari,sunsari,All Year,Village,Village & Rural Tourism,Local Visit,Easy,Road Access,26.61,87.26,1,"Chiyabari is a settlement in eastern Nepal, named after its tea fields. It reflects the agricultural richness of the region, with tea cultivation as a major livelihood.",Take a bus from Kathmandu to Dhankuta and then continue by local vehicle to Chiyabari.,221,Lush tea garden area perfect for nature walks.,Chiyabari\download (5).jpeg; Chiyabari\download.jpeg; Chiyabari\images (1).jpeg; Chiyabari\images (2).jpeg; Chiyabari\images.jpeg,4.2,38,Moderate
206,bagapati,sunsari,All Year,Village,Village & Rural Tourism,Local Visit,Easy,Road Access,26.63,87.26,1,"Bagapati is a rural settlement in eastern Nepal, surrounded by terraced fields and forests. It reflects traditional farming practices and community bonds","From Kathmandu, drive towards Udayapur District, then continue locally to Bagapati village.",265,Charming countryside with scenic landscapes.,Bagapati\download (1).jpeg; Bagapati\download (2).jpeg; Bagapati\download (3).jpeg; Bagapati\download (4).jpeg; Bagapati\download.jpeg,4.6,47.1,Moderate
207,inaruwa,sunsari,All Year,Municipality,Urban & Modern Attractions,City Tour,Easy,Road Access,26.61,87.15,1,"Inaruwa is the district headquarters of Sunsari. It is a bustling town with administrative offices, markets, and cultural diversity. Inaruwa serves as a gateway to Koshi Tappu Wildlife Reserve and the fertile Terai plains.",Take a direct bus from Kathmandu along the East-West Highway to Inaruwa in Sunsari.,144,Vibrant town serving as a commercial hub of Sunsari.,Inaruwa\download (1).jpeg; Inaruwa\download (2).jpeg; Inaruwa\download (3).jpeg; Inaruwa\download (5).jpeg; Inaruwa\download.jpeg,4.2,28.8,Low
208,halesi tole,khotang,Autumn–Spring,Religious Area,Cultural & Religious Sites,Pilgrimage,Easy,Road Access,27.2,86.81,1,"Halesi Tole is a settlement near the famous Halesi Mahadev Temple in Khotang. It is a spiritual hub where pilgrims gather, reflecting Hindu, Buddhist, and Kirati traditions","Fly or drive to Diktel, then continue to Halesi Mahadev area to reach Halesi Tole.",328,Gateway to the sacred Halesi Mahadev region.,,4.1,29.5,Low
209,badahara,sunsari,All Year,Village,Village & Rural Tourism,Local Visit,Easy,Road Access,26.63,87.29,1,"Badahara is a rural settlement in Sunsari district, surrounded by fertile plains. It reflects the Terai lifestyle, with agriculture as the main occupation","Travel from Kathmandu to Biratnagar or Inaruwa, then proceed locally to Badahara.",190,Peaceful rural settlement with natural beauty.,Badahara\download (1).jpeg; Badahara\download (2).jpeg; Badahara\download (4).jpeg; Badahara\download.jpeg; Badahara\images.jpeg,4.3,31.6,Low
210,barchhawa,sunsari,All Year,Village,Village & Rural Tourism,Local Visit,Easy,Road Access,26.61,87.25,1,"Barchhawa is a village in Sunsari, known for its farming communities and cultural diversity. It is surrounded by fields and rivers, offering a peaceful rural environment",Take a road trip from Kathmandu via the East-West Highway to reach Barchhawa village.,210,Small village surrounded by farmland.,Barchhawa\download (1).jpeg; Barchhawa\download (2).jpeg; Barchhawa\download (3).jpeg; Barchhawa\download (4).jpeg; Barchhawa\download.jpeg,4.3,41.6,Moderate
211,madhesa,sunsari,All Year,Village,Village & Rural Tourism,Local Visit,Easy,Road Access,26.62,87.27,1,"Madhesa is a settlement in Sunsari district, reflecting the agricultural richness of the Terai. It is culturally diverse and serves as a hub for local trade.",Drive from Kathmandu to Itahari and continue to Madhesa in Sunsari District.,155,Agricultural village known for friendly locals.,Madhesa\download (1).jpeg; Madhesa\download (2).jpeg; Madhesa\download (3).jpeg; Madhesa\download (5).jpeg; Madhesa\download.jpeg,4.4,31.7,Low
212,chandbela,sunsari,All Year,Village,Village & Rural Tourism,Local Visit,Easy,Road Access,26.6,87.26,1,"Chandbela is a rural settlement in Sunsari, surrounded by fertile land. It reflects traditional farming practices and community life in the Terai.","Take a bus from Kathmandu to Biratnagar, then head by local route to Chandbela.",137,Calm area reflecting simple Terai lifestyle.,Bela\download (1).jpeg; Bela\download (2).jpeg; Bela\download (3).jpeg; Bela\download (4).jpeg; Bela\download.jpeg,4.5,34.4,Low
213,gaighat,udayapur,Spring/Autumn,"Cultural, Rural",Cultural & Religious Sites,"Sightseeing, Local Walks",Easy,Accessible by road,26.79387,86.69844,1,"Gaighat is the headquarters of Udayapur district. It is a busy town with administrative offices, markets, and cultural diversity. Gaighat serves as a gateway to Koshi River and nearby hills.",Drive directly from Kathmandu to Gaighat in Udayapur District via the Mid-Hill Highway.,119,Busy town and entry point to Udayapur district.,,4.4,29.9,Low
214,valaya danda,udayapur,Spring/Autumn,"Cultural, Rural",Cultural & Religious Sites,"Sightseeing, Local Walks",Easy,Accessible by road,26.79437,86.69984,1,"Valaya Danda is a hilltop settlement in eastern Nepal, offering panoramic views of valleys and mountains. It is often visited for cultural gatherings and festivals, making it both a scenic and spiritual site.","From Kathmandu, take a bus to Gaighat, then drive or hike to Valaya Danda.",312,Hilltop viewpoint with stunning morning scenes.,Valaya Danda\download (1).jpeg; Valaya Danda\download (2).jpeg; Valaya Danda\download (3).jpeg; Valaya Danda\download (5).jpeg; Valaya Danda\download.jpeg,4.4,32.8,Low
215,jalpachilaune,udayapur,Spring/Autumn,"Cultural, Rural",Cultural & Religious Sites,"Sightseeing, Local Walks",Easy,Accessible by road,26.79637,86.70364,1,"Jalpachilaune is a rural settlement in eastern Nepal, surrounded by fertile plains and agricultural fields. It reflects the Terai lifestyle, with farming as the main occupation and strong community traditions.",Travel by road from Kathmandu to Udayapur and continue locally to Jalpachilaune.,740,Rural area rich in greenery and streams.,Jalpachilaune\download (1).jpeg; Jalpachilaune\download (2).jpeg; Jalpachilaune\download (3).jpeg; Jalpachilaune\download (4).jpeg; Jalpachilaune\download.jpeg,4.1,39.3,Moderate
216,beldovan waterfalls,udayapur,Spring/Autumn,"Natural, Cultural",Cultural & Religious Sites,"Sightseeing, Local Walks",Easy,Accessible by road,26.79837,86.70504,1,"Beldovan Waterfalls is a natural attraction in Udayapur district, cascading beautifully amidst lush greenery. It is a popular picnic and hiking spot, offering refreshing scenery and a tranquil environment.","From Kathmandu, drive to Udayapur District and hike from Gaighat to Beldovan Waterfalls.",78,Hidden gem waterfall with refreshing ambiance.,Beldovan Waterfalls\download (1).jpeg; Beldovan Waterfalls\download (2).jpeg; Beldovan Waterfalls\download (3).jpeg; Beldovan Waterfalls\download (5).jpeg; Beldovan Waterfalls\download.jpeg,4.2,19.5,Low
217,murkuchi bazar,udayapur,Spring/Autumn,"Cultural, Rural",Cultural & Religious Sites,"Sightseeing, Local Walks",Easy,Accessible by road,26.79887,86.70644,1,"Murkuchi Bazar is a local market hub in Udayapur, where villagers gather for trade and social interaction. It is known for its vibrant atmosphere and serves as a center for agricultural exchange.","Travel from Kathmandu to Inaruwa or Itahari, then continue locally to Murkuchi Bazar.",455,Local market center connecting nearby villages.,Murkuchi Bazar\download (1).jpeg; Murkuchi Bazar\download (2).jpeg; Murkuchi Bazar\download (3).jpeg; Murkuchi Bazar\download (4).jpeg; Murkuchi Bazar\download.jpeg,4.5,43.4,Moderate
218,triyuga bridge,udayapur,Spring/Autumn,"Cultural, Rural",Cultural & Religious Sites,"Sightseeing, Local Walks",Easy,Accessible by road,26.80087,86.70784,1,"Triyuga Bridge spans the Triyuga River in Udayapur district. It is an important transport link connecting rural communities and markets, while also offering scenic views of the river valley.","Drive from Kathmandu to Gaighat, Udayapur, then cross or visit the Triyuga Bridge area.",1450,Modern bridge offering great views of Triyuga River.,Triyuga Bridge\download (1).jpeg; Triyuga Bridge\download (2).jpeg; Triyuga Bridge\download (3).jpeg; Triyuga Bridge\download (5).jpeg; Triyuga Bridge\download.jpeg,4.2,41.7,Moderate
219,rauta,udayapur,Spring/Autumn,"Cultural, Rural",Cultural & Religious Sites,"Sightseeing, Local Walks",Easy,Accessible by road,26.80287,86.71164,1,"Rauta is a culturally significant site in Udayapur, known for Rauta Lake, a pilgrimage destination for Hindus. The lake is surrounded by forests and hills, making it both a spiritual and natural attraction.","From Kathmandu, drive to Udayapur District and continue towards Rauta Bhagwati Temple hill area.",122,Popular for the Rauta Lake and religious significance.,Gaur (Rautahat)Heritae SItes\Gaur (Rautahat) Heritage Sites 1.1.jpeg; Gaur (Rautahat)Heritae SItes\Gaur (Rautahat) Heritage Sites 1.10.jpeg; Gaur (Rautahat)Heritae SItes\Gaur (Rautahat) Heritage Sites 1.2.jpeg; Gaur (Rautahat)Heritae SItes\Gaur (Rautahat) Heritage Sites 1.3.jpeg; Gaur (Rautahat)Heritae SItes\Gaur (Rautahat) Heritage Sites 1.4.jpeg; Gaur (Rautahat)Heritae SItes\Gaur (Rautahat) Heritage Sites 1.5.jpeg; Gaur (Rautahat)Heritae SItes\Gaur (Rautahat) Heritage Sites 1.6.jpeg; Gaur (Rautahat)Heritae SItes\Gaur (Rautahat) Heritage Sites 1.7.jpeg; Gaur (Rautahat)Heritae SItes\Gaur (Rautahat) Heritage Sites 1.8.jpeg; Gaur (Rautahat)Heritae SItes\Gaur (Rautahat) Heritage Sites 1.9.jpeg,4.5,30.6,Low
220,pipra,saptari,Spring/Autumn,"Cultural, Rural",Cultural & Religious Sites,"Sightseeing, Local Walks",Easy,Accessible by road,26.53968,86.74796,2,"Pipra is a rural settlement in the Terai plains, known for its fertile land and farming communities. It reflects traditional agricultural practices and cultural diversity","Travel by road from Kathmandu to Sunsari District, then continue locally to Pipra.",365,Farming community with warm hospitality.,Pipra\download (1).jpeg; Pipra\download (2).jpeg; Pipra\download (3).jpeg; Pipra\download (5).jpeg; Pipra\download.jpeg,4.2,36.5,Moderate
221,saptakoshi,saptari,Spring/Autumn,"Cultural, Rural",Cultural & Religious Sites,"Sightseeing, Local Walks",Easy,Mostly accessible by local roads,26.54168,86.74936,2,"Saptakoshi, the “Seven Rivers,” is Nepal’s largest river system, formed by tributaries from the Himalayas. It is vital for irrigation, hydropower, and biodiversity, and is revered in local culture as a sacred river.",Take a road trip from Kathmandu to Koshi Barrage area via Itahari and Laukahi to reach Saptakoshi.,102,Famous for the Saptakoshi River and biodiversity.,Saptakoshi\download (1).jpeg; Saptakoshi\download (2).jpeg; Saptakoshi\download (3).jpeg; Saptakoshi\download (4).jpeg; Saptakoshi\download.jpeg,4.3,25.5,Low
222,odraha,saptari,Spring/Autumn,"Cultural, Rural",Cultural & Religious Sites,"Sightseeing, Local Walks",Easy,Mostly accessible by local roads,26.54368,86.75076,2,"Odraha is a settlement in Udayapur district, surrounded by agricultural fields and forests. It reflects the rural charm of eastern Nepal, with farming as the main livelihood.","From Kathmandu, drive to Inaruwa and continue locally to Odraha village.",470,Quiet village with scenic riverbanks.,Odraha\download (1).jpeg; Odraha\download (2).jpeg; Odraha\download (3).jpeg; Odraha\download (5).jpeg; Odraha\download.jpeg,4.4,36.1,Moderate
223,sakhubani,saptari,Spring/Autumn,"Cultural, Rural",Cultural & Religious Sites,"Sightseeing, Local Walks",Easy,Mostly accessible by local roads,26.54418,86.75216,2,"Sakhubani is a village in Udayapur, known for its farming communities and cultural traditions. It is surrounded by fertile plains and rivers, offering a peaceful environment","Take a bus from Kathmandu to Udayapur or Sunsari region, then travel locally to Sakhubani.",310,Peaceful rural hamlet amid paddy fields.,Sakhubani\download (1).jpeg; Sakhubani\download (2).jpeg; Sakhubani\download (3).jpeg; Sakhubani\download (4).jpeg; Sakhubani\download.jpeg,4,39.7,Moderate
224,laxminarayan temple,saptari,Spring/Autumn,"Natural, Cultural",Cultural & Religious Sites,"Sightseeing, Photography, Pilgrimage",Easy,Mostly accessible by local roads,26.54618,86.75596,2,"Laxminarayan Temple is a Hindu shrine dedicated to Lord Vishnu, located in Udayapur. It is an important pilgrimage site, especially during festivals, and reflects the spiritual heritage of the region.","From Kathmandu, drive to Biratnagar, then visit the Laxminarayan Temple in the city area.",1002,Sacred site dedicated to Lord Vishnu.,Laxminarayan Temple\download (1).jpeg; Laxminarayan Temple\download (2).jpeg; Laxminarayan Temple\download (3).jpeg; Laxminarayan Temple\download (5).jpeg; Laxminarayan Temple\download.jpeg,4.4,81,High
225,fatepur,saptari,Spring/Autumn,"Cultural, Rural",Cultural & Religious Sites,"Sightseeing, Local Walks",Easy,Mostly accessible by local roads,26.54818,86.75736,2,"Fatepur is a settlement in Udayapur district, serving as a local market hub. It is culturally diverse and surrounded by fertile land, making it an important center for trade and agriculture.",Travel from Kathmandu to Sunsari District along the highway and reach Fatepur by local road.,115,Lively town with local shops and eateries.,Fatepur\download (1).jpeg; Fatepur\download (2).jpeg; Fatepur\download (3).jpeg; Fatepur\download (4).jpeg; Fatepur\download.jpeg,4.2,28.8,Low
226,sirwani,saptari,Spring/Autumn,"Cultural, Rural",Cultural & Religious Sites,"Sightseeing, Local Walks",Easy,Mostly accessible by local roads,26.54868,86.75876,2,"Sirwani is a rural settlement in Udayapur, surrounded by hills and forests. It reflects traditional farming practices and Kirati culture, offering a glimpse into Himalayan village life.","From Kathmandu, drive to Dhankuta, then continue to Sirwani settlement area.Travel again via Dhankuta route to Sirwani for continuity of circuit.",260,Small settlement surrounded by greenery. Calm and nature-friendly village area.,Sirwani\download (1).jpeg; Sirwani\download (2).jpeg; Sirwani\download (3).jpeg; Sirwani\download (5).jpeg; Sirwani\download.jpeg,4.2,29.3,Low
227,sundarpur,saptari,Spring/Autumn,"Cultural, Rural",Cultural & Religious Sites,"Sightseeing, Local Walks",Easy,Mostly accessible by local roads,26.55068,86.74616,2,"Sundarpur is a town in Sunsari district, located in the Terai plains. It is known for its agricultural productivity and cultural diversity, serving as a growing commercial hub.","Take a bus or car from Kathmandu to Inaruwa, then continue to Sundarpur village.",83,Developing town known for its natural charm.,Sundarpur\download (1).jpeg; Sundarpur\download (2).jpeg; Sundarpur\download (3).jpeg; Sundarpur\download (4).jpeg; Sundarpur\download.jpeg,4.1,20.9,Low
228,bakdhauwa,saptari,Spring/Autumn,"Cultural, Rural",Cultural & Religious Sites,"Sightseeing, Local Walks",Easy,Accessible by road,26.55318,86.75136,2,"Bakdhauwa is a rural settlement in Udayapur, surrounded by fertile plains. It reflects the Terai lifestyle, with farming as the main occupation and strong community bonds.","Drive from Kathmandu to Itahari, then continue along the highway to Bakdhauwa.",390,Traditional Terai village with cultural roots.,Bakdhauwa\download (1).jpeg; Bakdhauwa\download (2).jpeg; Bakdhauwa\download (5).jpeg; Bakdhauwa\download.jpeg,4.2,36.8,Moderate
229,jandaul,saptari,Spring/Autumn,"Cultural, Rural",Cultural & Religious Sites,"Sightseeing, Local Walks",Easy,Mostly accessible by local roads,26.54018,86.75276,2,"Jandaul is a village in Udayapur district, known for its agricultural fields and traditional practices. It is a peaceful settlement with cultural diversity.","From Kathmandu, drive to Udayapur, then continue locally to Jandaul.From Kathmandu, travel by road to Saptari District through Lahan and then continue locally to Jandaul village.",350,Agricultural area with peaceful rural scenery. Friendly village surrounded by farmland.,Jandaul\download (1).jpeg; Jandaul\download (2).jpeg; Jandaul\download (3).jpeg; Jandaul\download (4).jpeg; Jandaul\download.jpeg,4.5,35.3,Moderate
230,mohanpur,saptari,Spring/Autumn,"Cultural, Rural",Cultural & Religious Sites,"Sightseeing, Local Walks",Easy,Mostly accessible by local roads,26.54218,86.75416,2,"Mohanpur is a rural settlement in Udayapur, surrounded by fertile land and rivers. It reflects traditional farming lifestyles and community traditions",Take a long-distance bus from Kathmandu to Sunsari District and reach Mohanpur by local transport.,280,Bustling small town with strong local community.,Mohanpur\download (1).jpeg; Mohanpur\download (2).jpeg; Mohanpur\download (3).jpeg; Mohanpur\download (5).jpeg; Mohanpur\download.jpeg,4.1,42.9,Moderate
231,mahuli waterfall,saptari,Spring/Autumn,"Natural, Cultural",Cultural & Religious Sites,"Sightseeing, Local Walks",Easy,Accessible by road,26.54268,86.75796,2,"Mahuli Waterfall is a natural attraction in Udayapur, cascading amidst forests and hills. It is a popular destination for locals and visitors seeking natural beauty and relaxation.","Travel from Kathmandu to Saptari District by road via the East-West Highway, then continue locally to reach Mahuli Waterfall near Kanchanrup.",150,Stunning natural fall ideal for short hikes.,Mahuli Waterfall\download (1).jpeg; Mahuli Waterfall\download (2).jpeg; Mahuli Waterfall\download (3).jpeg; Mahuli Waterfall\download (4).jpeg; Mahuli Waterfall\download.jpeg,4,31.4,Low
232,harna river,saptari,Spring/Autumn,"Cultural, Rural",Cultural & Religious Sites,"Sightseeing, Local Walks",Easy,Mostly accessible by local roads,26.54468,86.75936,2,"Harna River flows through Udayapur district, supporting agriculture and local livelihoods. It is an important water source and adds to the scenic beauty of the region.","Drive from Kathmandu towards Saptari via the East-West Highway, then continue to the Harna River area near Rajbiraj.",118,Tranquil riverside location for picnics and rest.,Harna River\download (1).jpeg; Harna River\download (2).jpeg; Harna River\download (3).jpeg; Harna River\download (5).jpeg; Harna River\download.jpeg,4.2,29.7,Low
233,krishnasavaran (marauti) temple,saptari,Spring/Autumn,"Natural, Cultural",Cultural & Religious Sites,"Sightseeing, Photography, Pilgrimage",Easy,Mostly accessible by local roads,26.54718,86.74816,2,"Krishnasavaran Temple, also called Marauti Temple, is a Hindu shrine dedicated to Lord Krishna. It is a spiritual center for local communities, especially during Janmashtami and other festivals.","Take a bus or private vehicle from Kathmandu to Lahan, then continue locally to Krishnasavaran to visit Marauti Temple.",817,Historic temple with spiritual value.,Krishnasavaran (Marauti) Temple\download (1).jpeg; Krishnasavaran (Marauti) Temple\download (2).jpeg; Krishnasavaran (Marauti) Temple\download (3).jpeg; Krishnasavaran (Marauti) Temple\download (4).jpeg; Krishnasavaran (Marauti) Temple\download.jpeg,4,63.1,High
234,terahauta,saptari,Spring/Autumn,"Cultural, Rural",Cultural & Religious Sites,"Sightseeing, Local Walks",Easy,Mostly accessible by local roads,26.54918,86.75196,2,"Terahauta is a rural settlement in Udayapur, surrounded by fertile plains and forests. It reflects traditional farming practices and cultural diversity","Travel from Kathmandu to Rajbiraj by road or air, then continue locally to Terahauta village.",275,Serene countryside with local farming charm.,Raha\download (1).jpeg; Raha\download (2).jpeg; Raha\download (3).jpeg; Raha\download (4).jpeg; Raha\download.jpeg,4.2,28.8,Low
235,lohajara,saptari,Spring/Autumn,"Cultural, Rural",Cultural & Religious Sites,"Sightseeing, Local Walks",Easy,Mostly accessible by local roads,26.55118,86.75336,2,"Lohajara is a village in Udayapur district, known for its agricultural lifestyle and community traditions. It is surrounded by fields and rivers, offering a peaceful rural environment.","Drive from Kathmandu to Saptari via Lahan, then continue on local roads to Lohajara settlement.",340,Calm and traditional rural village.,Lohajara\download (1).jpeg; Lohajara\download (2).jpeg; Lohajara\download (3).jpeg; Lohajara\download (4).jpeg; Lohajara\download.jpeg,4,33.4,Low
236,bengari,saptari,Spring/Autumn,"Cultural, Rural",Cultural & Religious Sites,"Sightseeing, Local Walks",Easy,Mostly accessible by local roads,26.55168,86.75476,2,"Bengari is a rural settlement in Saptari district, located in the fertile Terai plains of eastern Nepal. It is primarily an agricultural community, with rice, wheat, and maize cultivation forming the backbone of local livelihoods.","From Kathmandu, take the East-West Highway to Saptari District, then proceed locally to Bengari village.",190,Quiet area surrounded by natural greenery.,Bengari\download (1).jpeg; Bengari\download (2).jpeg; Bengari\download (3).jpeg; Bengari\download (4).jpeg; Bengari\download.jpeg,4.4,15.4,Low
237,theliya,saptari,Spring/Autumn,"Cultural, Rural",Cultural & Religious Sites,"Sightseeing, Local Walks",Easy,Mostly accessible by local roads,26.55368,86.75616,2,"Theliya is a village in Saptari, surrounded by farmlands and traditional homes. It reflects the Terai lifestyle, where farming and small-scale trade sustain the community",Drive from Kathmandu to Rajbiraj and continue locally to Theliya near Kanchanpur area.,210,Peaceful settlement reflecting Terai life.,Theliya\download (1).jpeg; Theliya\download (5).jpeg; Theliya\download.jpeg; Theliya\images (1).jpeg; Theliya\images.jpeg,4.2,15.6,Low
238,dhodhanpur,saptari,Spring/Autumn,"Cultural, Rural",Cultural & Religious Sites,"Sightseeing, Local Walks",Easy,Mostly accessible by local roads,26.54068,86.75996,2,"Dhodhanpur is a settlement in Saptari district, known for its agricultural productivity. It is a peaceful village with strong community ties and cultural traditions.","Travel from Kathmandu to Lahan, then take local transportation to Dhodhanpur village.",180,Agricultural area with scenic surroundings.,Dho\download (1).jpeg; Dho\download (2).jpeg; Dho\download (3).jpeg; Dho\download (5).jpeg; Dho\download.jpeg,4.3,23.7,Low
239,kamalpur,saptari,Spring/Autumn,"Cultural, Rural",Cultural & Religious Sites,"Sightseeing, Local Walks",Easy,Mostly accessible by local roads,26.54118,86.74736,2,"Kamalpur is a rural settlement in the Terai, surrounded by fertile land and rivers. It is known for its farming communities and traditional practices.","Take a bus from Kathmandu to Saptari District, then continue to Kamalpur through regional roads.",165,Small but lively community village.,Kamalpur\download (1).jpeg; Kamalpur\download (2).jpeg; Kamalpur\download (3).jpeg; Kamalpur\download (5).jpeg; Kamalpur\download.jpeg,4.3,37.3,Moderate
240,nargho,saptari,Spring/Autumn,"Cultural, Rural",Cultural & Religious Sites,"Sightseeing, Local Walks",Easy,Mostly accessible by local roads,26.54318,86.74876,2,"Nargho is a village in Saptari district, reflecting the agricultural richness of the Terai. It is culturally diverse, with farming as the main occupation.","From Kathmandu, travel to Rajbiraj by road or flight, then drive locally to Nargho area.",260,Known for cultural diversity and simplicity.,Nargho\download (1).jpeg; Nargho\download (2).jpeg; Nargho\download (3).jpeg; Nargho\download (4).jpeg; Nargho\download.jpeg,4.2,27.4,Low
241,fakira,saptari,Spring/Autumn,"Cultural, Rural",Cultural & Religious Sites,"Sightseeing, Local Walks",Easy,Mostly accessible by local roads,26.54518,86.75016,2,"Fakira is a rural settlement in Saptari, surrounded by fields and forests. It reflects traditional farming lifestyles and community bonds.",Drive from Kathmandu to Saptari via Itahari and continue to Fakira village near Hanumannagar.,230,Simple and traditional farming village.,Fakira\download (1).jpeg; Fakira\download (5).jpeg; Fakira\download.jpeg; Fakira\images (1).jpeg; Fakira\images.jpeg,4.4,34.8,Low
242,birpur barahi,saptari,Spring/Autumn,"Cultural, Rural",Cultural & Religious Sites,"Sightseeing, Local Walks",Easy,Mostly accessible by local roads,26.54568,86.75396,2,"Birpur Barahi is a culturally significant site in Saptari, known for its Barahi Temple dedicated to Goddess Barahi. It is a local pilgrimage destination, especially during festivals.",Travel by road from Kathmandu to Saptari District and continue locally to Birpur Barahi Temple.,190,Famous for Barahi temple and natural beauty.,Birpur Barahi\download (1).jpeg; Birpur Barahi\download (2).jpeg; Birpur Barahi\download (3).jpeg; Birpur Barahi\download (4).jpeg; Birpur Barahi\download.jpeg,4.3,44.2,Moderate
243,inarwa,saptari,Spring/Autumn,"Cultural, Rural",Cultural & Religious Sites,"Sightseeing, Local Walks",Easy,Mostly accessible by local roads,26.54768,86.75536,2,"Inarwa is a settlement in Saptari district, serving as a local market hub. It is surrounded by fertile land and reflects the vibrant life of the Terai","From Kathmandu, take a long-distance bus to Saptari District and reach Inarwa town near the Indian border.",135,Developing town with markets and schools.,Inarwa\download (6).jpeg; Inarwa\images (1).jpeg; Inarwa\images (2).jpeg; Inarwa\images (3).jpeg; Inarwa\images.jpeg,4.1,31.1,Low
244,gobargada,saptari,Spring/Autumn,"Cultural, Rural",Cultural & Religious Sites,"Sightseeing, Local Walks",Easy,Mostly accessible by local roads,26.54968,86.75676,2,"Gobargada is a rural settlement in Saptari, known for its farming communities. It is surrounded by agricultural fields and rivers, offering a peaceful environment",Drive from Kathmandu via Lahan and continue by local route to Gobargada village in Saptari.,170,Village rich in local culture and agriculture.,Gobargada\download (1).jpeg; Gobargada\download (2).jpeg; Gobargada\download (3).jpeg; Gobargada\download (4).jpeg; Gobargada\download (5).jpeg; Gobargada\download.jpeg,4.4,35.5,Moderate
245,barsain,saptari,Spring/Autumn,"Cultural, Rural",Cultural & Religious Sites,"Sightseeing, Local Walks",Easy,Mostly accessible by local roads,26.55018,86.75816,2,"Barsain is a culturally rich village in Saptari, famous for its Chhath festival celebrations. It is a spiritual hub where devotees gather to worship the Sun God at ponds and rivers.","Travel by road from Kathmandu to Rajbiraj, then continue a short distance to Barsain village.",120,Culturally rich town famous for local festivals.,Barsain\download (1).jpeg; Barsain\download (2).jpeg; Barsain\download (3).jpeg; Barsain\download (5).jpeg; Barsain\download.jpeg,4.4,27.3,Low
246,koiladi,saptari,Spring/Autumn,"Cultural, Rural",Cultural & Religious Sites,"Sightseeing, Local Walks",Easy,Accessible by road,26.55218,86.74796,2,"Koiladi is a rural settlement in Saptari district, reflecting traditional farming practices. It is surrounded by fertile plains and forests, offering a glimpse into Terai village life","From Kathmandu, drive via Itahari to Rajbiraj and continue locally to Koiladi settlement.",240,Peaceful settlement near Koshi floodplains.,Koiladi\download (1).jpeg; Koiladi\download (2).jpeg; Koiladi\download (3).jpeg; Koiladi\download (4).jpeg; Koiladi\download.jpeg,3.9,39.1,Moderate
247,deehibar temple at kusha,saptari,Spring/Autumn,"Natural, Cultural",Cultural & Religious Sites,"Sightseeing, Photography, Pilgrimage",Easy,Accessible by road,26.55418,86.74936,2,"Deehibar Temple at Kusha is a Hindu shrine dedicated to Lord Shiva. It is a local pilgrimage site where devotees gather during festivals like Shivaratri, reflecting the spiritual traditions of the region.",Take a road trip from Kathmandu to Saptari and visit Deehibar Temple located near Kusha village.,1081,Spiritual site surrounded by greenery.,Deehibar Temple at Kusha\download (1).jpeg; Deehibar Temple at Kusha\download (2).jpeg; Deehibar Temple at Kusha\download (3).jpeg; Deehibar Temple at Kusha\download (5).jpeg; Deehibar Temple at Kusha\download.jpeg,4,79.3,High
248,dalwa park,saptari,Spring/Autumn,"Natural, Cultural",Cultural & Religious Sites,"Sightseeing, Local Walks",Easy,Mostly accessible by local roads,26.53968,86.75076,2,"Dalwa Park is a community park in Saptari, serving as a recreational space for locals. It is surrounded by greenery and is often used for cultural events and gatherings.","Drive from Kathmandu to Saptari District, then proceed locally to Dalwa Park recreation area.",48,Small community park for local recreation.,Dalwa Park\download (1).jpeg; Dalwa Park\download (2).jpeg; Dalwa Park\download (3).jpeg; Dalwa Park\download (4).jpeg; Dalwa Park\download.jpeg,4.3,18.4,Low
249,sakarpura,saptari,Spring/Autumn,"Cultural, Rural",Cultural & Religious Sites,"Sightseeing, Local Walks",Easy,Mostly accessible by local roads,26.54168,86.75216,2,"Sakarpura is a rural settlement in Saptari, surrounded by fertile land. It reflects traditional farming lifestyles and community traditions.","From Kathmandu, travel to Rajbiraj by highway or flight, then continue locally to Sakarpura village.",112,Calm and charming agricultural zone.,Sakarpura\download (1).jpeg; Sakarpura\download (2).jpeg; Sakarpura\download (3).jpeg; Sakarpura\download (5).jpeg; Sakarpura\download.jpeg,4,39.6,Moderate
250,bishahariya,saptari,Spring/Autumn,"Cultural, Rural",Cultural & Religious Sites,"Sightseeing, Local Walks",Easy,Accessible by road,26.54368,86.75596,2,"Bishahariya is a culturally significant site in Saptari, known for its Bishahariya Temple. It is a pilgrimage destination where devotees worship during festivals, adding to the spiritual heritage of the district.",Take a road trip from Kathmandu to Saptari and continue to Bishahariya village area.Travel again from Kathmandu to Saptari and continue to Bishahariya for route linkage.,83,Home to Bishahari temple and local legends. Popular pilgrimage site with snake goddess temple.,Bishahariya\download (1).jpeg; Bishahariya\download (2).jpeg; Bishahariya\download (3).jpeg; Bishahariya\download (4).jpeg; Bishahariya\download.jpeg,4.3,20.9,Low
251,deurimaruwa,saptari,Spring/Autumn,"Cultural, Rural",Cultural & Religious Sites,"Sightseeing, Local Walks",Easy,Mostly accessible by local roads,26.54418,86.75736,2,"Deurimaruwa is a rural settlement in Saptari, surrounded by fields and forests. It reflects the agricultural lifestyle of the Terai, with farming as the main occupation","From Kathmandu, drive to Saptari District via Lahan and continue to Deurimaruwa settlement.Again, reach Saptari via Lahan and continue locally to Deurimaruwa for route continuity.Reach Deurimaruwa again from Kathmandu for continuity in the travel circuit.",110,Traditional rural village with scenic charm. Peaceful and green settlement. Quiet and culturally active settlement.,Deurimaruwa\download (5).jpeg; Deurimaruwa\images (1).jpeg; Deurimaruwa\images (2).jpeg; Deurimaruwa\images (3).jpeg; Deurimaruwa\images.jpeg,4.3,27.6,Low
252,farseth,saptari,Spring/Autumn,"Cultural, Rural",Cultural & Religious Sites,"Sightseeing, Local Walks",Easy,Mostly accessible by local roads,26.54618,86.75876,2,"Farseth is a village in Saptari district, known for its farming communities and cultural diversity. It is surrounded by fertile plains, offering a peaceful rural environment","Travel from Kathmandu to Saptari by road, then head locally to Farseth near Kanchanpur.Drive once more via Lahan to Saptari and continue locally to Farseth.",381,Village with beautiful paddy fields and community spirit. Friendly farming village in Saptari district.,Farseth\download (1).jpeg; Farseth\download (2).jpeg; Farseth\download (3).jpeg; Farseth\download (4).jpeg; Farseth\download.jpeg,4.2,38.1,Moderate
253,rajbiraj,saptari,Spring/Autumn,"Cultural, Rural",Cultural & Religious Sites,"Sightseeing, Local Walks",Easy,Accessible by road,26.54868,86.74996,2,"Rajbiraj is the headquarters of Saptari district and one of the oldest planned towns in Nepal. Designed in a grid pattern, it is a bustling urban center with administrative offices, markets, temples, and cultural diversity",Take a direct flight from Kathmandu to Rajbiraj Airport or travel by road along the East-West Highway.,59,Historical city with planned layout and cultural heritage.,Rajbiraj\download (1).jpeg; Rajbiraj\download (2).jpeg; Rajbiraj\download (3).jpeg; Rajbiraj\download (4).jpeg; Rajbiraj\download.jpeg,4.1,41.8,Moderate
254,didhawa,saptari,Spring/Autumn,"Cultural, Rural",Cultural & Religious Sites,"Sightseeing, Local Walks",Easy,Mostly accessible by local roads,26.55068,86.75136,2,"Didhawa is a rural settlement in Saptari, surrounded by fertile land and rivers. It reflects traditional farming practices and community bonds, offering a glimpse into Terai village life.","Drive from Kathmandu towards Rajbiraj, then continue by local transport to Didhawa.",44,Serene agricultural village.,Didhawa\download (1).jpeg; Didhawa\download (2).jpeg; Didhawa\download (3).jpeg; Didhawa\download (5).jpeg; Didhawa\download.jpeg,4.2,19.1,Low
255,pakari,saptari,Spring/Autumn,"Cultural, Rural",Cultural & Religious Sites,"Sightseeing, Local Walks",Easy,Mostly accessible by local roads,26.55268,86.75276,2,"Pakari is a rural settlement in Siraha district, located in the fertile Terai plains. It is primarily an agricultural community, with rice and wheat cultivation forming the backbone of local livelihoods.","From Kathmandu, travel to Saptari by highway, then proceed to Pakari village.",51,Rural village known for simplicity and greenery.,Pakari\download (1).jpeg; Pakari\download (2).jpeg; Pakari\download (3).jpeg; Pakari\download (4).jpeg; Pakari\download.jpeg,4.2,39.9,Moderate
256,maleth,saptari,Spring/Autumn,"Cultural, Rural",Cultural & Religious Sites,"Sightseeing, Local Walks",Easy,Mostly accessible by local roads,26.55318,86.75416,2,"Maleth is a culturally significant village in Saptari district. It is known for its strong community traditions and agricultural productivity, reflecting the Terai lifestyle","Take a bus from Kathmandu to Rajbiraj, then continue locally to Maleth area.",39,Historic village with cultural importance.,Maleth\download (1).jpeg; Maleth\download (2).jpeg; Maleth\download (3).jpeg; Maleth\download.jpeg; Maleth\images.jpeg,4.4,40.8,Moderate
257,basbiti,saptari,Spring/Autumn,"Cultural, Rural",Cultural & Religious Sites,"Sightseeing, Local Walks",Easy,Mostly accessible by local roads,26.54018,86.75796,2,"Basbiti is a rural settlement surrounded by fertile fields. It represents the simple charm of Terai villages, where farming and local trade sustain the community.",Drive from Kathmandu to Saptari and continue by local roads to Basbiti.,68,Calm village with traditional Terai lifestyle.,Basbiti\download (1).jpeg; Basbiti\download (2).jpeg; Basbiti\download (3).jpeg; Basbiti\download (4).jpeg; Basbiti\download.jpeg,4.1,38.7,Moderate
258,rayapur,siraha,Spring/Autumn,"Cultural, Rural",Cultural & Religious Sites,"Sightseeing, Local Walks",Easy,Accessible by road,26.65511,86.2081,2,"Rayapur is a village in Siraha district, known for its farming communities and cultural diversity. It is surrounded by agricultural land and rivers, offering a peaceful environment.","From Kathmandu, travel to Lahan and then continue locally to Rayapur village.",77,Lively community with temples and local events.,,4.2,23,Low
259,hariharpur,saptari,Spring/Autumn,"Cultural, Rural",Cultural & Religious Sites,"Sightseeing, Local Walks",Easy,Mostly accessible by local roads,26.54118,86.75876,2,"Hariharpur is a settlement in the Terai, named after Lord Harihar (a form of Vishnu and Shiva). It is culturally significant, with temples and festivals celebrated by the local population.","Drive from Kathmandu to Saptari District through the East-West Highway and reach Hariharpur.From Kathmandu, drive west via Mahendra Highway to reach Hariharpur in Bardiya District.",42,Culturally rich area with Hindu temples. Traditional settlement with local temples and farmland.,Hariharpur\download (1).jpeg; Hariharpur\download (2).jpeg; Hariharpur\download (3).jpeg; Hariharpur\download (5).jpeg; Hariharpur\download.jpeg,4.3,22.4,Low
260,prasabani,saptari,Spring/Autumn,"Cultural, Rural",Cultural & Religious Sites,"Sightseeing, Local Walks",Easy,Mostly accessible by local roads,26.54318,86.74616,2,"Prasabani is a rural settlement in Siraha district, reflecting traditional farming practices. It is surrounded by fertile plains and forests, offering a glimpse into Terai village life.","From Kathmandu, drive to Rajbiraj, then continue locally to Prasabani village.",58,Peaceful village known for farming.,Prasabani\download (1).jpeg; Prasabani\download (2).jpeg; Prasabani\download (3).jpeg; Prasabani\download (5).jpeg; Prasabani\download.jpeg,4.2,29.3,Low
261,lahan,siraha,Spring/Autumn,"Cultural, Rural",Cultural & Religious Sites,"Sightseeing, Local Walks",Easy,Accessible by road,26.65661,86.2089,2,"Lahan is a bustling town in Siraha district, located along the East-West Highway. It is a major commercial hub, with hospitals, schools, and markets serving the surrounding villages. Lahan is also known for its cultural diversity and growing urban development.","From Kathmandu, take a direct highway bus or private car to Lahan in Siraha District.",85,Major commercial hub with good road links.,,4.3,39.3,Moderate
262,govindpur taregana,siraha,Spring/Autumn,"Cultural, Rural",Cultural & Religious Sites,"Sightseeing, Local Walks",Easy,Accessible by road,26.65711,86.2127,2,"Govindpur Taregana is a settlement in Siraha district, known for its agricultural productivity. It reflects the Terai lifestyle, with farming as the main livelihood and strong community traditions.","Travel by road from Kathmandu to Siraha, then continue locally to Govindpur Taregana.",37,Known for local fairs and temples.,Govindpur Taregana\download (1).jpeg; Govindpur Taregana\download.jpeg; Govindpur Taregana\images (1).jpeg; Govindpur Taregana\images (2).jpeg; Govindpur Taregana\images.jpeg,4,43.5,Moderate
263,chure mai mandir,saptari,Spring/Autumn,"Cultural, Rural",Cultural & Religious Sites,"Sightseeing, Photography, Pilgrimage",Easy,Mostly accessible by local roads,26.54918,86.75536,2,"Chure Mai Mandir is a Hindu temple located near the Chure hills. It is a local pilgrimage site dedicated to Goddess Mai, attracting devotees during festivals and religious gatherings.",Drive from Kathmandu to Siraha District and visit Chure Mai Mandir near Lahan.,49,Sacred temple located on the Chure hills.,Chure Mai Mandir\download (5).jpeg; Chure Mai Mandir\images (1).jpeg; Chure Mai Mandir\images (2).jpeg; Chure Mai Mandir\images (3).jpeg; Chure Mai Mandir\images.jpeg,4.3,33.1,Low
264,hardiya,saptari,Spring/Autumn,"Cultural, Rural",Cultural & Religious Sites,"Sightseeing, Local Walks",Easy,Mostly accessible by local roads,26.55018,86.75736,2,"Hardiya is a rural settlement in Siraha district, surrounded by fertile land. It reflects traditional farming practices and community bonds, offering a glimpse into Terai life","From Kathmandu, travel to Lahan and continue locally to Hardiya village.",92,Small agricultural community.,Hardiya\download (1).jpeg; Hardiya\download (2).jpeg; Hardiya\download (3).jpeg; Hardiya\download (4).jpeg; Hardiya\download.jpeg,4.1,25.3,Low
265,kushaha,saptari,Spring/Autumn,"Cultural, Rural",Cultural & Religious Sites,"Sightseeing, Local Walks",Easy,Mostly accessible by local roads,26.55218,86.75876,2,"Kushaha is a settlement in Siraha, known for its agricultural fields and cultural diversity. It is a peaceful village with strong community traditions.",Take a road trip from Kathmandu to Siraha and proceed locally to Kushaha area.,41,Riverside area near Koshi Barrage.,Kushaha\download (1).jpeg; Kushaha\download (2).jpeg; Kushaha\download (3).jpeg; Kushaha\download (5).jpeg; Kushaha\download.jpeg,4.4,32.7,Low
266,pansera,saptari,Spring/Autumn,"Cultural, Rural",Cultural & Religious Sites,"Sightseeing, Local Walks",Easy,Mostly accessible by local roads,26.55418,86.74616,2,"Pansera is a rural settlement in Siraha district, surrounded by fertile plains. It reflects the Terai’s agricultural lifestyle, with farming as the main occupation.",Drive from Kathmandu through Itahari and Lahan to reach Pansera village in Siraha District.,131,Quiet and green farming village.,Pansera\download (1).jpeg; Pansera\download (2).jpeg; Pansera\download (3).jpeg; Pansera\download (4).jpeg; Pansera\download.jpeg,4.4,40.1,Moderate
267,khojpur,saptari,Spring/Autumn,"Cultural, Rural",Cultural & Religious Sites,"Sightseeing, Local Walks",Easy,Mostly accessible by local roads,26.53968,86.74996,2,"Khojpur is a village in Siraha district, known for its farming communities and cultural heritage. It is surrounded by fields and rivers, offering a peaceful environment","Travel from Kathmandu to Siraha District by highway bus, then continue locally to Khojpur.",57,Culturally diverse rural settlement.,Khojpur\download (1).jpeg; Khojpur\download (2).jpeg; Khojpur\download (3).jpeg; Khojpur\download (5).jpeg; Khojpur\download.jpeg,4,26.4,Low
268,banarjhula,saptari,Spring/Autumn,"Cultural, Rural",Cultural & Religious Sites,"Sightseeing, Local Walks",Easy,Mostly accessible by local roads,26.54168,86.75136,2,"Banarjhula is a rural settlement in Siraha, reflecting traditional farming practices. It is surrounded by fertile land and forests, making it a charming Terai village.","From Kathmandu, drive via Lahan to Siraha and reach Banarjhula village.",63,Simple Terai village surrounded by farmlands.,Banarjhula\download (1).jpeg; Banarjhula\download (2).jpeg; Banarjhula\download (3).jpeg; Banarjhula\download (4).jpeg; Banarjhula\download.jpeg,4.2,32,Low
269,malhanama,saptari,Spring/Autumn,"Cultural, Rural",Cultural & Religious Sites,"Sightseeing, Local Walks",Easy,Mostly accessible by local roads,26.54368,86.75276,2,"Malhanama is a settlement in Siraha district, known for its agricultural productivity. It reflects the Terai lifestyle, with farming and local trade sustaining the community","Take a long-distance bus from Kathmandu to Siraha, then proceed locally to Malhanama.",55,Peaceful countryside area.,Malhanama\download (1).jpeg; Malhanama\download (5).jpeg; Malhanama\download.jpeg; Malhanama\images (1).jpeg; Malhanama\images.jpeg,4.3,32.6,Low
270,haripur,siraha,Spring/Autumn,"Cultural, Rural",Cultural & Religious Sites,"Sightseeing, Local Walks",Easy,Accessible by road,26.65861,86.2129,2,"Haripur is a town in Siraha district, serving as a local market hub. It is culturally diverse and surrounded by fertile land, making it an important center for trade and agriculture","From Kathmandu, travel to Siraha District and continue locally to Haripur settlement.",38,Growing town with trade and cultural mix.,,4,16.7,Low
271,tikuliya,saptari,Spring/Autumn,"Cultural, Rural",Cultural & Religious Sites,"Sightseeing, Local Walks",Easy,Mostly accessible by local roads,26.54468,86.75596,2,"Tikuliya is a rural settlement in Siraha, surrounded by fields and rivers. It reflects traditional farming practices and community bonds, offering a glimpse into Terai village life.",Drive from Kathmandu to Siraha and continue to Tikuliya near the southern plains.,47,Small local village with welcoming locals.,Tikuliya\download (1).jpeg; Tikuliya\download (2).jpeg; Tikuliya\download (3).jpeg; Tikuliya\download (4).jpeg; Tikuliya\download.jpeg,4,36.5,Moderate
272,sakhuwanankarkatti,saptari,Spring/Autumn,"Cultural, Rural",Cultural & Religious Sites,"Sightseeing, Local Walks",Easy,Mostly accessible by local roads,26.54668,86.75736,2,"Sakhuwanankarkatti is a rural settlement in Siraha district, located in the fertile Terai plains. It is primarily an agricultural community, with rice and wheat cultivation forming the backbone of local livelihoods.","Travel from Kathmandu to Siraha by road, then continue to Sakhuwanankarkatti village.",88,Rural area rich in agriculture.,Sakhuwanankarkatti\download (1).jpeg; Sakhuwanankarkatti\download (2).jpeg; Sakhuwanankarkatti\download (3).jpeg; Sakhuwanankarkatti\download (5).jpeg; Sakhuwanankarkatti\download.jpeg,4.1,35.6,Moderate
273,itarhawa,saptari,Spring/Autumn,"Cultural, Rural",Cultural & Religious Sites,"Sightseeing, Local Walks",Easy,Mostly accessible by local roads,26.54718,86.75876,2,"Itarhawa is a village in Siraha, surrounded by farmlands and traditional homes. It reflects the Terai lifestyle, where farming and small-scale trade sustain the community","Drive from Kathmandu to Siraha, then proceed locally to Itarhawa.",34,Village surrounded by natural greenery.,Itarhawa\download (1).jpeg; Itarhawa\download (2).jpeg; Itarhawa\download (3).jpeg; Itarhawa\download (4).jpeg; Itarhawa\download.jpeg,4.3,44.3,Moderate
274,nahara rigoul,saptari,Spring/Autumn,"Cultural, Rural",Cultural & Religious Sites,"Sightseeing, Local Walks",Easy,Mostly accessible by local roads,26.54918,86.74616,2,"Nahara Rigoul is a settlement in Siraha district, known for its agricultural productivity. It is a peaceful village with strong community ties and cultural traditions.","From Kathmandu, take the East-West Highway to Siraha District, then continue to Nahara Rigoul.",102,Calm settlement with strong community ties.,,4.2,23.2,Low
275,bhagwanpur,siraha,Spring/Autumn,"Cultural, Rural",Cultural & Religious Sites,"Sightseeing, Local Walks",Easy,Accessible by road,26.66111,86.2167,2,"Bhagwanpur is a culturally diverse settlement in Siraha, named after “Bhagwan” (God). It is home to temples and shrines that serve as centers of local religious life.","Drive from Kathmandu to Lahan, then continue locally to Bhagwanpur area.",28,Culturally vibrant village with temples.,,4.5,28.1,Low
276,geruwaha,saptari,Spring/Autumn,"Cultural, Rural",Cultural & Religious Sites,"Sightseeing, Local Walks",Easy,Mostly accessible by local roads,26.55018,86.74936,2,"Geruwaha is a rural settlement in Siraha, surrounded by fertile plains. It reflects traditional farming practices and community bonds, offering a glimpse into Terai village life.",Travel from Kathmandu to Siraha District and continue to Geruwaha village.,36,Scenic area with natural and rural charm.,,4.4,21.8,Low
277,sothiyan,saptari,Spring/Autumn,"Cultural, Rural",Cultural & Religious Sites,"Sightseeing, Local Walks",Easy,Mostly accessible by local roads,26.55218,86.75076,2,"Sothiyan is a village in Siraha district, known for its farming communities. It is surrounded by agricultural fields and rivers, offering a peaceful environment",Drive from Kathmandu to Lahan and continue locally to Sothiyan.,33,Sothiyan – Peaceful Terai village with traditional Madheshi lifestyle.,,4.4,27.8,Low
278,mauwahi,saptari,Spring/Autumn,"Cultural, Rural",Cultural & Religious Sites,"Sightseeing, Local Walks",Easy,Mostly accessible by local roads,26.55418,86.75216,2,"Mauwahi is a rural settlement in Siraha, reflecting the agricultural richness of the Terai. It is culturally diverse, with farming as the main occupation.","From Kathmandu, travel to Siraha District by road, then continue to Mauwahi village.Again, follow the same route from Kathmandu to Siraha and reach Mauwahi for continuity.",426,Mauwahi – Calm farming village known for its greenery and simplicity. Kachanari – Scenic settlement surrounded by paddy fields.,,4.2,42.6,Moderate
279,kachanari,siraha,Spring/Autumn,"Cultural, Rural",Cultural & Religious Sites,"Sightseeing, Local Walks",Easy,Accessible by road,26.66211,86.2181,2,"Kachanari is a settlement in Siraha district, surrounded by fertile land. It reflects traditional farming lifestyles and community traditions.","Drive from Kathmandu to Siraha via the East-West Highway, then continue to Kachanari village.Travel again from Kathmandu via Lahan to reach Kachanari for route continuity.",357,Navarajpur – Typical Terai village reflecting rural Nepalese life. Janakinagar – Agricultural area with cultural and religious value.,,4.5,35.7,Moderate
280,navarajpur,saptari,Spring/Autumn,"Cultural, Rural",Cultural & Religious Sites,"Sightseeing, Local Walks",Easy,Mostly accessible by local roads,26.54218,86.75676,2,"Navarajpur is a rural municipality in Siraha district, comprising several villages. It is known for its agricultural productivity and cultural diversity, with strong community traditions.","From Kathmandu, travel by road to Siraha and continue locally to Navarajpur.",29,"Majhaura – Small, friendly community with cultural charm.",,4.3,29.8,Low
281,majhaura,saptari,Spring/Autumn,"Cultural, Rural",Cultural & Religious Sites,"Sightseeing, Local Walks",Easy,Mostly accessible by local roads,26.54268,86.75816,2,"Majhaura is a village in Siraha, surrounded by fields and forests. It reflects traditional farming practices and community bonds, offering a glimpse into Terai life",Drive from Kathmandu to Siraha District and proceed to Majhaura settlement.,45,Khoksi – Riverside village ideal for short nature walks.,,4.2,27.5,Low
282,janakinagar,siraha,Spring/Autumn,"Cultural, Rural",Cultural & Religious Sites,"Sightseeing, Local Walks",Easy,Accessible by road,26.66611,86.2095,2,"Janakinagar is a settlement named after Goddess Janaki (Sita), reflecting Hindu cultural heritage. It is home to temples and shrines, making it spiritually significant",Drive from Kathmandu to Siraha District and continue locally to Janakinagar village.,21,Tenuwapatti – Serene village with traditional Mithila homes.,,3.9,17.1,Low
283,bariyarpatti,siraha,Spring/Autumn,"Cultural, Rural",Cultural & Religious Sites,"Sightseeing, Local Walks",Easy,Accessible by road,26.66811,86.2109,2,"Bariyarpatti is a culturally rich village in Siraha district, known for its diverse communities and agricultural lifestyle. It is surrounded by fertile plains and rivers.","From Kathmandu, travel by road via the East–West Highway to Siraha District, then continue locally to Bariyarpatti village.",26,Gadha – Peaceful farming settlement in the lowlands.,,4,35.2,Moderate
284,tenuwapatti,saptari,Spring/Autumn,"Cultural, Rural",Cultural & Religious Sites,"Sightseeing, Local Walks",Easy,Mostly accessible by local roads,26.54518,86.74796,2,"Tenuwapatti is a rural settlement in Siraha, reflecting traditional farming practices. It is surrounded by fields and forests, offering a peaceful environment",Drive from Kathmandu to Siraha District and continue locally toward Tenuwapatti settlement.,24,Aurahi – Rural town showcasing authentic Madhesh culture.,,4.4,39.2,Moderate
285,gadha,saptari,Spring/Autumn,"Cultural, Rural",Cultural & Religious Sites,"Sightseeing, Local Walks",Easy,Mostly accessible by local roads,26.54568,86.74936,2,"Gadha is a village in Siraha district, known for its farming communities and cultural traditions. It is surrounded by fertile land and rivers.","From Kathmandu, take a bus toward Dhanusha District via Janakpur, then continue locally to Gadha village.",30,Aurahi Minor Shrine – Small yet revered local temple.,,4.2,21.2,Low
286,aurahi,aurahi,Oct–Feb,"Village, Culture",Village & Rural Tourism,"Village Walks, Homestay",Easy,Road accessible,26.75,86.95,2,"Aurahi is a rural municipality in Siraha district, comprising several villages. It is known for its agricultural productivity and cultural diversity, with strong community traditions.","Travel from Kathmandu by road or flight to Janakpur, then continue locally to Aurahi village area.",35,Baba Haridwar Dham – Spiritual pilgrimage site inspired by Haridwar.,,4.4,51.6,Moderate
287,aurahi minor shrine,aurahi,Oct–Mar,Temple; Local; Offbeat,Cultural & Religious Sites,Worship; Photography; Short Walk,Easy,Road Accessible,26.72,85.92,2,"Aurahi Minor Shrine is a local religious site in Aurahi, dedicated to Hindu deities. It serves as a spiritual center for nearby communities, especially during festivals.","From Kathmandu, reach Janakpur city and continue by local route to visit the small shrine located in Aurahi area.",783,"Baba Taal – Small lake with a tranquil, devotional atmosphere.",,3.9,63.6,High
288,baba haridwar dham,saptari,Oct–Mar,Temple; Pilgrimage; Hindu; Cultural,Cultural & Religious Sites,Worship; Pilgrimage; Photography; Cultural Tour,Easy,Road Accessible,26.619,86.71,2,"Baba Haridwar Dham is a Hindu pilgrimage site in Siraha, modeled after the holy city of Haridwar in India. It is a spiritual hub where devotees gather for worship and rituals.",Travel from Kathmandu to Sarlahi District by road and continue locally to visit Baba Haridwar Dham temple.,1008,Barhathwa Heritage Street – Historic street with cultural architecture.,,4,80.8,High
289,baba taal,saptari,Oct–Mar,Lake; Pilgrimage; Nature,Natural Attractions,Boating; Birdwatching; Photography,Easy,Road Accessible,26.6333,86.75,2,"Baba Taal is a sacred pond in Siraha district, associated with local legends and religious rituals. It is visited by devotees during festivals and serves as a peaceful natural site.","From Kathmandu, drive toward Sarlahi or Rautahat District and continue locally to reach Baba Taal lake area.",23,Bharat Lake – Beautiful artificial lake and recreation spot.,Baba Taal\Baba Taal 1.1.jpeg; Baba Taal\Baba Taal 1.10.jpeg; Baba Taal\Baba Taal 1.2.jpeg; Baba Taal\Baba Taal 1.3.jpeg; Baba Taal\Baba Taal 1.4.jpeg; Baba Taal\Baba Taal 1.5.jpeg; Baba Taal\Baba Taal 1.6.jpeg; Baba Taal\Baba Taal 1.7.jpeg; Baba Taal\Baba Taal 1.8.jpeg; Baba Taal\Baba Taal 1.9.jpeg,4.1,25.3,Low
290,barhathwa heritage street,sarlahi,Oct–Mar,Historical; Heritage; Local Culture,Cultural & Religious Sites,Sightseeing; Photography; Local Exploration; Cultural Tour,Easy,Road Accessible,26.923,85.536,2,"Barhathwa Heritage Street is a culturally significant area in Siraha, known for its traditional houses, temples, and community spaces. It reflects the historical and cultural richness of the Terai region.",Take a road trip from Kathmandu to Sarlahi District via Lalbandi and continue to Barhathwa town to explore its heritage streets.,32,Birgunj Heritage Sites – Blend of trade history and cultural heritage.,,4.4,42.2,Moderate
291,bharat lake,sarlahi,All year,"Lake, Nature",Natural Attractions,"Boating, Picnicking",Easy,Road,27.0333,85.55,2,"Bharat Lake, located in Sarlahi district, is one of Nepal’s largest man-made lakes. It is a popular destination for boating, picnics, and local tourism, surrounded by greenery and offering a peaceful environment for visitors","From Kathmandu, drive toward Sarlahi District and continue to reach Bharat Lake, a popular freshwater destination.From Kathmandu, proceed along the East–West Highway to Sarlahi District and visit Bharat Lake near Madhesh Province.",28,Chhath Ghat (Sunsari) – Sacred riverside area for Chhath Puja rituals. Bharat Lake – Beautiful artificial lake and popular recreation area.,Bharat Lake\Bharat Lake 1.1.jpeg; Bharat Lake\Bharat Lake 1.10.jpeg; Bharat Lake\Bharat Lake 1.2.jpeg; Bharat Lake\Bharat Lake 1.3.jpeg; Bharat Lake\Bharat Lake 1.4.jpeg; Bharat Lake\Bharat Lake 1.5.jpeg; Bharat Lake\Bharat Lake 1.6.jpeg; Bharat Lake\Bharat Lake 1.7.jpeg; Bharat Lake\Bharat Lake 1.8.jpeg; Bharat Lake\Bharat Lake 1.9.jpeg,4.5,28.1,Low
292,birgunj heritage sites,parsa,Oct–Mar,Historical; Heritage; Architecture; Cultural,Cultural & Religious Sites,Cultural Tour; Photography; Historical Exploration,Easy,Road Accessible,27,84.8667,2,"Birgunj, a major trade city in Parsa district, is rich in cultural and historical landmarks. Heritage sites include old temples, traditional marketplaces, and colonial-era structures that reflect the city’s importance as a gateway to India","Travel from Kathmandu to Birgunj city by road or flight and explore the local heritage sites within the city area.From Kathmandu, travel south through Hetauda to reach Birgunj city, where heritage temples, old streets, and local bazaars can be explored.",119,Chhinnamasta Riverbank Areas – Holy riverside landscapes for pilgrims. Birgunj Heritage Sites – Blend of trade history and cultural monuments in Parsa.,Birgunj\download (1).jpeg; Birgunj\download (2).jpeg; Birgunj\download (5).jpeg; Birgunj\download.jpeg; Birgunj\images.jpeg,3.9,21.1,Low
293,chhath ghat (sunsari),sunsari,Oct–Nov,Religious; River; Festival; Cultural,Natural Attractions,Festival Celebration; Worship; Photography; Local Culture,Easy,Road Accessible,26.675,87.01,2,"Chhath Ghat in Sunsari is a sacred riverbank where devotees gather during the Chhath festival to worship the Sun God. It becomes vibrant with rituals, offerings, and cultural celebrations, reflecting Terai traditions",Drive from Kathmandu toward Sunsari District via Itahari and continue locally to the riverbanks used for Chhath celebrations.,54,Chhinnamasta Temple – Renowned Hindu temple dedicated to Goddess Chhinnamasta.,,4,19.9,Low
294,chhinnamasta riverbank areas,saptari,Oct–Mar,River; Nature; Scenic,Natural Attractions,Sightseeing; Photography; Birdwatching; Picnic,Easy,Road Accessible,26.615,86.72,2,"The riverbanks near Chhinnamasta in Saptari are culturally significant, serving as gathering places during festivals and rituals. They are also scenic spots where locals engage in daily activities like fishing and farming","From Kathmandu, travel to Saptari District and continue to the riverbanks near Chhinnamasta for scenic views.From Kathmandu, travel southeast to Saptari District via Bardibas and Rajbiraj to explore the riverbanks near Chhinnamasta Temple.",141,Chhireshwor Temple – Popular Shiva temple surrounded by local markets. Chhinnamasta Riverbank Areas – Sacred riverside zones used for rituals and Chhath celebrations.,,4,25.6,Low
295,chhinnamasta temple,saptari,Oct–Apr,"Religious, Spiritual",Cultural & Religious Sites,"Pilgrimage, Festivals",Easy,Road Accessible,26.6098,86.7485,2,"Chhinnamasta Temple in Saptari is dedicated to Goddess Chhinnamasta, a fierce form of Shakti. It is one of the most important pilgrimage sites in eastern Terai, attracting devotees from Nepal and India.","From Kathmandu, take the East–West Highway to Saptari District and visit the famous Chhinnamasta Temple.",952,Chitwan–Parsa Elephant Corridor – Vital wildlife route connecting national parks.,,4,73.9,High
296,chhireshwor temple,saptari,Oct–Mar,Temple; Pilgrimage; Hindu,Cultural & Religious Sites,Worship; Pilgrimage; Photography; Local Festival,Easy,Road Accessible,26.612,86.725,2,"Chhireshwor Temple in Dhanusha district is a Hindu shrine dedicated to Lord Shiva. It is a local pilgrimage site, especially crowded during Maha Shivaratri, reflecting the spiritual traditions of the region.","Drive from Kathmandu to Dhanusha District via Janakpur, then continue locally to Chhireshwor Temple.",829,Chure Hills (Eastern Belt) – Biodiverse foothills offering scenic trails.,Chhireshwor Temple\Chhireshwor Temple 1.1.jpeg; Chhireshwor Temple\Chhireshwor Temple 1.10.jpeg; Chhireshwor Temple\Chhireshwor Temple 1.2.jpeg; Chhireshwor Temple\Chhireshwor Temple 1.3.jpeg; Chhireshwor Temple\Chhireshwor Temple 1.4.jpeg; Chhireshwor Temple\Chhireshwor Temple 1.5.jpeg; Chhireshwor Temple\Chhireshwor Temple 1.6.jpeg; Chhireshwor Temple\Chhireshwor Temple 1.7.jpeg; Chhireshwor Temple\Chhireshwor Temple 1.8.jpeg; Chhireshwor Temple\Chhireshwor Temple 1.9.jpeg,4.1,65.1,High
297,chitwan–parsa elephant corridor,parsa,Nov–Feb,"Wildlife, Conservation",Wildlife & Conservation,"Eco-tourism, Wildlife Photography",Moderate,Road + Jungle Routes,27.36,84.69,2,"The Chitwan–Parsa Elephant Corridor is a vital wildlife passage connecting Chitwan National Park and Parsa Wildlife Reserve. It allows elephants and other species to migrate safely, supporting biodiversity and conservation efforts","From Kathmandu, drive or fly to Bharatpur, then continue toward Parsa National Park to visit the elephant corridor area.",2036,Famous religious site linked to Ramayana.,,4.6,86.8,Very High
298,chure hills (eastern belt),sarlahi / rautahat,Oct–Mar,"Nature, Hiking",Natural Attractions,"Short Hikes, Photography",Moderate,Road + Trekking,27.1,85,2,"The Chure Hills stretch across Nepal’s midlands, forming a natural barrier between the Terai and hill regions. The eastern belt is rich in forests, rivers, and biodiversity, playing a crucial role in water conservation and ecology.","Travel from Kathmandu through Hetauda and continue along the Chure range region in the eastern belt.From Kathmandu, travel through Hetauda and Lalbandi towards the eastern section of the Chure range for hill views.",59,Cultural street filled with local life and traditions. Chure Hills (Eastern Belt) – Foothill zone rich in forests and scenic drives.,,4.7,27,Low
299,dhanushadham (dhanusha),dhanusha,"Oct-Dec, Feb-Apr","Religious, Mythical",Cultural & Religious Sites,"Pilgrimage, Sightseeing",Easy,"Road, Easy",26.7383,85.9345,2,"Dhanushadham is a sacred Hindu site in Dhanusha district, believed to be where a fragment of Lord Rama’s bow fell during the Ramayana era. It is a major pilgrimage destination, especially during Makar Sankranti.","From Kathmandu, drive to Janakpur or fly there, then continue 18 km east to Dhanushadham pilgrimage site.From Kathmandu, take the East–West Highway via Bardibas to Janakpur and visit the famous Dhanushadham Temple.",760,Natural area surrounding the famous Gadhimai temple. Dhanushadham (Dhanusha) – Famous Ramayana-linked pilgrimage site.,,4,60.4,High
300,dhobi tole (janakpur),dhanusha,Oct–Dec,"Cultural, Historic",Cultural & Religious Sites,"Photography, Cultural Walks",Easy,Road accessible,26.7167,86.7333,2,"Dhobi Tole in Janakpur is a historic neighborhood known for its traditional Mithila culture. It is home to artisans, temples, and vibrant community life, reflecting Janakpur’s heritage.","Travel from Kathmandu to Janakpur by road or flight, then visit Dhobi Tole near the Janaki Temple area.",869,Major temple known for large-scale fairs and rituals.,Dho\download (1).jpeg; Dho\download (2).jpeg; Dho\download (3).jpeg; Dho\download (5).jpeg; Dho\download.jpeg,3.9,67.5,High
301,gadhi mai forest area,rautahat,Oct–Apr,"Nature, Eco-tourism",Natural Attractions,"Nature Walk, Bird Watching",Easy,Road Accessible,27.05,85.3167,2,"The Gadhi Mai Forest Area in Bara district surrounds the famous Gadhimai Temple. It is a natural space with cultural significance, often visited by pilgrims and locals during festivals.",Drive from Kathmandu to Bara District and continue locally to explore the Gadhi Mai forest region.,28,Site of Nepal’s significant cultural fair.,Gadhi Mai Forest Area\Gadhi Mai Forest Area 1.1.jpeg; Gadhi Mai Forest Area\Gadhi Mai Forest Area 1.2.jpeg; Gadhi Mai Forest Area\Gadhi Mai Forest Area 1.3.jpeg; Gadhi Mai Forest Area\Gadhi Mai Forest Area 1.4.jpeg,4.1,15.3,Low
302,gadhi mai temple (bara),bara,"Jan-Mar, Oct-Dec","Religious, Fair",Cultural & Religious Sites,"Pilgrimage, Cultural Fair",Easy,"Road, Easy",27,85.0667,2,"Gadhimai Temple in Bara district is dedicated to Goddess Gadhimai. It is one of Nepal’s most famous temples, historically known for large-scale animal sacrifices during the Gadhimai Mela, though practices have been changing in recent years.","From Kathmandu, take a road trip via Hetauda to Bara District and visit the Gadhi Mai Temple.",847,Peaceful Terai village with rich agriculture.,,4.4,67.6,High
303,gadhimai mela ground,bara,Nov–Dec (every 5 yrs),"Cultural, Festival",Cultural & Religious Sites,"Festival Gathering, Cultural Tourism",Easy,Road Accessible,27.0836,85.0479,2,"The Gadhimai Mela Ground is the site of the massive Gadhimai festival, which attracts hundreds of thousands of devotees from Nepal and India. It is one of the largest religious gatherings in the Terai.",Travel from Kathmandu to Bara District and visit the Gadhimai Mela Ground where the large fair is held every five years.,33,District hub known for trade and historic significance.,,4.3,44.8,Moderate
304,gamhariya village,bara,Oct–Mar,Cultural Village; Local Life,Cultural & Religious Sites,Cultural Tour; Photography; Local Interaction; Traditional Food,Easy,Road Accessible,26.975,85.16,2,"Gamhariya is a rural settlement in Bara district, reflecting traditional farming practices and community life. It is surrounded by fertile plains and rivers, offering a glimpse into Terai village culture.","From Kathmandu, drive toward Rautahat District and continue locally to Gamhariya village.From Kathmandu, travel south through Hetauda and Kalaiya to reach Gamhariya, a culturally rich village in Bara District.",25,Historic temples and local cultural landmarks. Gamhariya Village – Quiet farming community with strong cultural roots.,,4.3,26.2,Low
305,gaur,rautahat,Oct–Mar,"Historical, Cultural, City",Cultural & Religious Sites,"Sightseeing, Heritage Walks",Easy,Road Accessible,27,85.2,2,"Gaur is the headquarters of Rautahat district, located near the Nepal–India border. It is a bustling town with markets, administrative offices, and cultural diversity, serving as a hub for trade and governance.",Drive from Kathmandu to Gaur via Chandranigahapur and Hetauda to reach the Rautahat District headquarters.,29,Important Hindu site with religious gatherings.,Gaur (Rautahat)Heritae SItes\Gaur (Rautahat) Heritage Sites 1.1.jpeg; Gaur (Rautahat)Heritae SItes\Gaur (Rautahat) Heritage Sites 1.10.jpeg; Gaur (Rautahat)Heritae SItes\Gaur (Rautahat) Heritage Sites 1.2.jpeg; Gaur (Rautahat)Heritae SItes\Gaur (Rautahat) Heritage Sites 1.3.jpeg; Gaur (Rautahat)Heritae SItes\Gaur (Rautahat) Heritage Sites 1.4.jpeg; Gaur (Rautahat)Heritae SItes\Gaur (Rautahat) Heritage Sites 1.5.jpeg; Gaur (Rautahat)Heritae SItes\Gaur (Rautahat) Heritage Sites 1.6.jpeg; Gaur (Rautahat)Heritae SItes\Gaur (Rautahat) Heritage Sites 1.7.jpeg; Gaur (Rautahat)Heritae SItes\Gaur (Rautahat) Heritage Sites 1.8.jpeg; Gaur (Rautahat)Heritae SItes\Gaur (Rautahat) Heritage Sites 1.9.jpeg,4.2,42.7,Moderate
306,gaur (rautahat) heritage sites,rautahat,Oct-Mar,"Historical, Cultural",Cultural & Religious Sites,"Heritage Walk, Photography",Easy,"Road, Easy",26.9,85.1833,2,"Heritage sites in Gaur include old temples, shrines, and traditional marketplaces. These landmarks reflect the cultural richness of Rautahat and its historical importance as a border town.","From Kathmandu, travel to Gaur town and explore its local temples and historical sites.",45,Rural settlement with simple lifestyle and warm locals.,Rauta\download (1).jpeg; Rauta\download (2).jpeg; Rauta\download (3).jpeg; Rauta\download (4).jpeg; Rauta\download.jpeg,3.9,38.7,Moderate
307,gaurighat temple,rautahat,Oct–Mar,Temple; Pilgrimage; Hindu,Cultural & Religious Sites,Worship; Pilgrimage; Cultural Experience; Photography,Easy,Road Accessible,26.8935,85.235,2,"Gaurighat Temple is a Hindu shrine dedicated to Goddess Gauri. It is a local pilgrimage site where devotees gather during festivals, adding to the spiritual heritage of the Terai.",Travel from Kathmandu to Janakpur and continue locally to visit Gaurighat Temple in the Dhanusha region.,917,Spiritual destination known for annual festivities.,,4.1,73.7,High
308,hariharpur village,mahottari,Oct–Mar,Cultural Village; Local Life,Cultural & Religious Sites,Cultural Tour; Local Experience; Photography; Homestay,Easy,Road Accessible,26.89,85.905,2,"Hariharpur is a rural settlement in Bara district, named after Lord Harihar (a form of Vishnu and Shiva). It is known for its cultural traditions and agricultural lifestyle.",Drive from Kathmandu toward Rautahat or Sarlahi District and continue locally to Hariharpur village.,21,Renowned pilgrimage town of Mahadev devotees.,Hariharpur\download (1).jpeg; Hariharpur\download (2).jpeg; Hariharpur\download (3).jpeg; Hariharpur\download (5).jpeg; Hariharpur\download.jpeg,4,24.6,Low
309,jagdamba temple,sarlahi,Oct–Apr,"Religious, Spiritual",Cultural & Religious Sites,"Pilgrimage, Local Rituals",Easy,Road Accessible,26.9,85.55,2,"Jagdamba Temple is a Hindu shrine in the Terai, dedicated to Goddess Jagdamba. It is a spiritual center for local communities, especially during Navaratri and other festivals.","From Kathmandu, travel to Rautahat District by road and visit Jagdamba Temple near Gaur area.",847,Sacred temple dedicated to Lord Shiva.,,4.1,68.1,High
310,jaleshwar dham,mahottari,Oct–Apr,"Religious, Spiritual",Cultural & Religious Sites,"Pilgrimage, Local Festivals",Easy,Road Accessible,26.65,85.8,2,"Jaleshwar Dham in Mahottari district is a famous Hindu pilgrimage site dedicated to Lord Shiva. It is one of the most important temples in the Terai, attracting thousands of devotees during Shivaratri and other religious occasions.","Drive or fly from Kathmandu to Janakpur, then continue 18 km south to Jaleshwar Dham temple site.",949,Smaller shrines surrounding the main Janaki Temple.,,4.4,77.1,High
311,jaleshwor mahadev temple,mahottari,Oct–Mar,Temple; Pilgrimage; Hindu,Cultural & Religious Sites,Worship; Pilgrimage; Photography; Cultural Experience,Easy,Road Accessible,26.874,85.912,2,"Located in Mahottari district, Jaleshwor Mahadev Temple is a revered Hindu shrine dedicated to Lord Shiva. It is believed that the lingam here is self-manifested, making it a sacred pilgrimage site, especially during Maha Shivaratri.","From Kathmandu, travel to Mahottari District and visit the sacred Jaleshwor Mahadev Temple.",971,Heart of Mithila culture and major pilgrimage city.,,4.2,79.3,High
312,janaki temple minor complex,dhanusha,Oct–Nov,"Spiritual, Temple",Cultural & Religious Sites,"Temple Visit, Photography",Easy,Road accessible,26.73,85.921,2,"The Janaki Temple Minor Complex in Janakpur consists of smaller shrines and courtyards surrounding the grand Janaki Mandir. These minor temples honor deities linked to the Ramayana, adding depth to the spiritual atmosphere of Janakpur.",Travel from Kathmandu to Janakpur city and explore smaller shrines within the Janaki Temple complex.,809,Serene riverfront used for rituals and ceremonies.,,4.1,64.2,High
313,janakpur dham,dhanusha,Oct–Mar,"Religious,Cultural",Cultural & Religious Sites,"Pilgrimage, Sightseeing, Photography",Easy,Road + Train,26.7288,85.925,2,"Janakpur Dham is one of Nepal’s most important religious and cultural centers, associated with Goddess Sita and King Janak. It is home to the iconic Janaki Mandir, vibrant Mithila culture, and numerous festivals, including Vivaha Panchami.",Take a flight or drive from Kathmandu to Janakpur to visit the famous Janaki Temple and cultural center.,986,Historic village with strong Mithila cultural roots.,,4.4,80.3,High
314,janakpur ghats,dhanusha,Oct–Mar,River; Pilgrimage; Cultural,Natural Attractions,Sightseeing; Pilgrimage; Cultural Tour; Photography,Easy,Road Accessible,26.718,85.925,2,"Janakpur Ghats are sacred bathing sites along ponds and rivers, where devotees perform rituals during Chhath and other festivals. They are central to Mithila spirituality and community gatherings.","From Kathmandu, travel to Janakpur and explore the sacred ghats around the Dhanush Sagar and Ganga Sagar ponds.",987,Small riverside worship spot.,,4.3,79.6,High
315,kachorwa,kachorwa,Oct–Feb,"Village, Culture",Village & Rural Tourism,"Village Walks, Homestay",Easy,Road accessible,26.733,86.917,2,"Kachorwa is a settlement in Bara district, known for its cultural diversity and agricultural lifestyle. It is surrounded by fertile plains and serves as a hub for local traditions.",Drive from Kathmandu to Bara District via Hetauda and continue locally to Kachorwa village.,97,Traditional community known for handicrafts.,Kachorwa Village\Kachorwa Village 1.1.jpeg; Kachorwa Village\Kachorwa Village 1.10.jpeg; Kachorwa Village\Kachorwa Village 1.2.jpeg; Kachorwa Village\Kachorwa Village 1.3.jpeg; Kachorwa Village\Kachorwa Village 1.4.jpeg; Kachorwa Village\Kachorwa Village 1.5.jpeg; Kachorwa Village\Kachorwa Village 1.6.jpeg; Kachorwa Village\Kachorwa Village 1.7.jpeg; Kachorwa Village\Kachorwa Village 1.8.jpeg; Kachorwa Village\Kachorwa Village 1.9.jpeg,4.4,38.5,Moderate
316,kachorwa tiny ghat,kachorwa,Oct–Mar,River; Offbeat; Scenic,Natural Attractions,Photography; Picnic; Nature Walk,Easy,Road Accessible,26.725,85.91,2,The small ghat in Kachorwa is a local religious site where villagers gather for rituals and offerings. It reflects the intimate spiritual practices of rural communities,"From Kathmandu, travel toward Bara District and visit the small river ghat in Kachorwa area.From Kathmandu, take the East–West Highway to Bara District and continue to Kachorwa to reach the small river ghat.",88,One of the tallest Shiva statues in the world. Kachorwa Tiny Ghat – Small riverside site used for local rituals.,,4.1,17.3,Low
317,kachorwa village,dhanusha,Oct–Mar,Cultural Village; Local Life,Cultural & Religious Sites,Cultural Tour; Photography; Local Experience; Homestay,Easy,Road Accessible,26.72,85.91,2,"Kachorwa Village is a culturally rich settlement in Bara, blending farming traditions with religious life. It is home to temples and shrines that serve as community centers.",Travel from Kathmandu to Bara District and continue locally to Kachorwa village area.,42,Peaceful site for spiritual activities along the river.,Kachorwa Village\Kachorwa Village 1.1.jpeg; Kachorwa Village\Kachorwa Village 1.10.jpeg; Kachorwa Village\Kachorwa Village 1.2.jpeg; Kachorwa Village\Kachorwa Village 1.3.jpeg; Kachorwa Village\Kachorwa Village 1.4.jpeg; Kachorwa Village\Kachorwa Village 1.5.jpeg; Kachorwa Village\Kachorwa Village 1.6.jpeg; Kachorwa Village\Kachorwa Village 1.7.jpeg; Kachorwa Village\Kachorwa Village 1.8.jpeg; Kachorwa Village\Kachorwa Village 1.9.jpeg,4.4,32.8,Low
318,kailashnath mahadev statue,bara,Oct–Mar,Statue; Religious; Pilgrimage; Hindu,Cultural & Religious Sites,Sightseeing; Pilgrimage; Photography; Cultural Experience,Easy,Road Accessible,26.973,85.15,2,"Located in Sanga, on the border of Bhaktapur and Kavrepalanchok, the Kailashnath Mahadev Statue is one of the tallest Shiva statues in the world. Standing at 143 feet, it is a major pilgrimage and tourist attraction.","From Kathmandu, drive to Sanga on the Kathmandu–Bhaktapur border to visit the Kailashnath Mahadev Statue.",54,Iconic dam and birdwatching location.,,4.2,17.7,Low
319,kalyanpur ghat,parsa,Oct–Mar,River; Nature; Photography,Natural Attractions,Sightseeing; River Walk; Photography; Birdwatching,Easy,Road Accessible,27.005,84.99,2,"Kalyanpur Ghat is a sacred riverbank in the Terai, used for rituals, bathing, and festivals like Chhath. It is a spiritual gathering place for local communities.","Drive from Kathmandu to Sarlahi District and continue locally to reach Kalyanpur Ghat.From Kathmandu, proceed southeast through Bardibas and Janakpur to visit the riverside Kalyanpur Ghat in Dhanusha.",76,Excellent spot to watch sunrise and river flow. Kalyanpur Ghat – Peaceful riverside spot for Hindu rituals and bathing.,Kalyanpur Ghat\Kalyanpur Ghat 1.1.jpeg; Kalyanpur Ghat\Kalyanpur Ghat 1.2.jpeg; Kalyanpur Ghat\Kalyanpur Ghat 1.3.jpeg; Kalyanpur Ghat\Kalyanpur Ghat 1.4.jpeg; Kalyanpur Ghat\Kalyanpur Ghat 1.5.jpeg; Kalyanpur Ghat\Kalyanpur Ghat 1.6.jpeg; Kalyanpur Ghat\Kalyanpur Ghat 1.7.jpeg,4.1,21.8,Low
320,koshi barrage,saptari,Oct–Mar,Nature; Engineering; River; Viewpoint,Natural Attractions,Photography; Sightseeing; Birdwatching; Picnic,Easy,Road Accessible,26.666,86.716,2,"The Koshi Barrage in Sunsari district is a massive dam and bridge across the Koshi River. It is vital for irrigation, flood control, and transport, while also serving as a scenic viewpoint.","From Kathmandu, drive or fly to Biratnagar, then continue toward the Koshi Barrage site near the Sunsari–Saptari border.",141,Holy temple complex with growing town nearby.,Koshi Barrage\Koshi Barrage 1.1.jpeg; Koshi Barrage\Koshi Barrage 1.10.jpeg; Koshi Barrage\Koshi Barrage 1.2.jpeg; Koshi Barrage\Koshi Barrage 1.3.jpeg; Koshi Barrage\Koshi Barrage 1.4.jpeg; Koshi Barrage\Koshi Barrage 1.5.jpeg; Koshi Barrage\Koshi Barrage 1.6.jpeg; Koshi Barrage\Koshi Barrage 1.7.jpeg; Koshi Barrage\Koshi Barrage 1.8.jpeg; Koshi Barrage\Koshi Barrage 1.9.jpeg,4.1,31.2,Low
321,koshi barrage viewpoint,saptari,Oct–Mar,Viewpoint; Nature; Photography,Natural Attractions,Sightseeing; Birdwatching; Photography; Picnic,Easy,Road Accessible,26.667,86.716,2,The viewpoint near Koshi Barrage offers panoramic views of the Koshi River and wetlands. It is popular among visitors for birdwatching and enjoying the vast landscapes.,Travel from Kathmandu to Sunsari and visit the Koshi Barrage Viewpoint for panoramic river views.,66,Cross-border trading point with India.,Koshi Barrage\Koshi Barrage 1.1.jpeg; Koshi Barrage\Koshi Barrage 1.10.jpeg; Koshi Barrage\Koshi Barrage 1.2.jpeg; Koshi Barrage\Koshi Barrage 1.3.jpeg; Koshi Barrage\Koshi Barrage 1.4.jpeg; Koshi Barrage\Koshi Barrage 1.5.jpeg; Koshi Barrage\Koshi Barrage 1.6.jpeg; Koshi Barrage\Koshi Barrage 1.7.jpeg; Koshi Barrage\Koshi Barrage 1.8.jpeg; Koshi Barrage\Koshi Barrage 1.9.jpeg,4.1,43.4,Moderate
322,lahan / shambhunath temple,siraha,Oct–Mar,Temple; Pilgrimage; Cultural,Cultural & Religious Sites,Worship; Pilgrimage; Photography; Cultural Tour,Easy,Road Accessible,26.7175,86.5169,2,"Lahan in Siraha district is a bustling town, and nearby Shambhunath Temple is a sacred Hindu site dedicated to Lord Shiva. It attracts pilgrims during Shivaratri and other festivals.",Drive from Kathmandu to Siraha District and continue locally to visit Shambhunath Temple near Lahan.,969,Immersive cultural stays with local families.,,4.4,76.8,High
323,laukaha border market,siraha,All year,Market; Trade; Local Culture,Village & Rural Tourism,Shopping; Food Exploration; Photography; Cultural Observation,Easy,Road Accessible,26.638,86.9,2,"Laukaha is a border town in Madhesh Province, serving as a trade hub between Nepal and India. Its market is vibrant with cross-border commerce, cultural exchange, and local products.","From Kathmandu, travel to Mahottari or Dhanusha and continue southward to reach Laukaha border market.From Kathmandu, drive east through Lahan and Siraha to reach the Laukaha border area, a busy cross-border trading point.",250,Colorful local celebrations year-round. Laukaha Border Market – Busy Indo-Nepal border market fostering local trade.,Laukaha Border Market\Laukaha Border Market 1.1.jpeg; Laukaha Border Market\Laukaha Border Market 1.2.jpeg; Laukaha Border Market\Laukaha Border Market 1.3.jpeg; Laukaha Border Market\Laukaha Border Market 1.4.jpeg; Laukaha Border Market\Laukaha Border Market 1.5.jpeg; Laukaha Border Market\Laukaha Border Market 1.6.jpeg; Laukaha Border Market\Laukaha Border Market 1.7.jpeg; Laukaha Border Market\Laukaha Border Market 1.8.jpeg,4.5,40.5,Moderate
324,local homestays & village experiences,aurahi/kachorwa/hariharpur,Oct–Mar,Village; Cultural; Homestay,Cultural & Religious Sites,Cultural Tour; Homestay Experience; Local Food; Photography,Easy,Road Accessible,26.721,85.915,2,"Homestays in Madhesh villages offer authentic cultural immersion, where visitors can experience Mithila art, traditional food, and rural hospitality. They highlight the warmth of community life.",Travel from Kathmandu to various Madhesh villages such as Sarlahi or Dhanusha to stay in local homestays.,350,"Showcases Madhesi art, history, and lifestyle.",,4.6,43.3,Moderate
325,local seasonal festivals (remote villages),mahottari/sarlahi,Oct–Nov,Cultural; Festival; Local,Cultural & Religious Sites,Festival Participation; Photography; Local Experience,Easy,Road Accessible,26.9,85.93,2,"Remote villages in Madhesh celebrate seasonal festivals like Chhath, Holi, and Vivaha Panchami with unique local traditions. These festivals strengthen community bonds and preserve cultural heritage.","From Kathmandu, reach the Madhesh plains and visit rural villages during Chhath or Holi festivals for cultural immersion.",330,Small religious sites along rivers.,,4.2,15.3,Low
326,madhesh museum & cultural center,janakpur,Oct–Mar,Museum; Cultural; Heritage,Cultural & Religious Sites,Museum Tour; Cultural Exploration; Photography; Local History,Easy,Road Accessible,26.716,85.917,2,"The Madhesh Museum and Cultural Center showcases the history, art, and traditions of the Terai region. It preserves Mithila paintings, artifacts, and cultural narratives for future generations.","From Kathmandu, drive or fly to Janakpur and visit the Madhesh Museum & Cultural Center.From Kathmandu, take the route via Bardibas to Janakpur and visit the Madhesh Museum & Cultural Center to learn about regional traditions.",700,Hidden cultural treasures across the plains. Madhesh Museum & Cultural Center – Preserves the history and lifestyle of the Madheshi people.,,4.4,39.1,Moderate
327,minor ghats & river confluences,saptari/dhanusha,Oct–Mar,River; Pilgrimage; Festival,Natural Attractions,Festival Participation; Photography; Birdwatching; Sightseeing,Easy,Road Accessible,26.618,86.715,2,"Smaller ghats and river confluences across Madhesh serve as local ritual sites. They are important for daily worship, cremation ceremonies, and seasonal festivals.",Travel from Kathmandu to the Tarai region and explore smaller ghats and river confluences in Saptari and Siraha.,112,Local shrines preserving old traditions.,,4.5,28,Low
328,minor heritage sites,sarlahi/rautahat/bara,Oct–Mar,Temple; Heritage; Historical,Cultural & Religious Sites,Sightseeing; Photography; Cultural Exploration; Worship,Easy,Road Accessible,26.925,85.54,2,"Minor heritage sites in Madhesh include small temples, shrines, and historic structures that reflect local craftsmanship and community devotion. They are integral to preserving rural identity.","From Kathmandu, visit different towns in Bara, Rautahat, and Dhanusha to explore minor heritage and religious sites.",88,Centers showcasing traditional Mithila paintings.,,4.5,22.2,Low
329,minor village temples (sarlahi/bara/rautahat),sarlahi/bara/rautahat,Oct–Mar,Temple; Local; Pilgrimage,Cultural & Religious Sites,Worship; Photography; Cultural Tour,Easy,Road Accessible,26.92,85.55,2,"Village temples in Sarlahi, Bara, and Rautahat districts are central to community life. They host daily worship, seasonal rituals, and festivals, reflecting the deep spiritual traditions of the Terai.","Drive from Kathmandu to Sarlahi, Bara, or Rautahat and explore small local temples in each district.",980,Heritage park celebrating Mithila art and customs.,Minor Village Temples\Minor Village Temples 1.1.jpeg; Minor Village Temples\Minor Village Temples 1.10.jpeg; Minor Village Temples\Minor Village Temples 1.2.jpeg; Minor Village Temples\Minor Village Temples 1.3.jpeg; Minor Village Temples\Minor Village Temples 1.4.jpeg; Minor Village Temples\Minor Village Temples 1.5.jpeg; Minor Village Temples\Minor Village Temples 1.6.jpeg; Minor Village Temples\Minor Village Temples 1.7.jpeg; Minor Village Temples\Minor Village Temples 1.8.jpeg; Minor Village Temples\Minor Village Temples 1.9.jpeg,4,79.4,High
330,mithila art sites,dhanusha / siraha,All Year,"Cultural, Art, Heritage",Cultural & Religious Sites,"Art Tours, Workshops, Cultural Exploration",Easy,Road Accessible,26.75,85.95,2,"Mithila art sites in Janakpur and surrounding villages showcase the vibrant paintings and crafts of the Maithil people. These artworks depict religious stories, daily life, and cultural motifs, making them globally recognized.","From Kathmandu, visit Janakpur city to explore Mithila art centers and wall paintings.",900,Hands-on art site preserving ancient styles.,,4.3,35.7,Moderate
331,mithila cultural park,dhanusha,Oct–Mar,Cultural; Heritage; Art,Cultural & Religious Sites,Cultural Tour; Photography; Workshops; Local Experience,Easy,Road Accessible,26.722,85.92,2,"Mithila Cultural Park in Janakpur is a vibrant center showcasing the art, traditions, and heritage of the Mithila region. It features exhibitions of Mithila paintings, cultural performances, and traditional crafts, making it a hub for preserving and promoting Maithil identity.",Travel from Kathmandu to Janakpur and visit the Mithila Cultural Park dedicated to regional heritage.,500,"Wildlife haven with elephants, tigers, and rich flora.",,4.2,40.6,Moderate
332,mithila painting workshop,dhanusha,Oct–Mar,Cultural; Art; Workshop,Cultural & Religious Sites,Art Workshop; Photography; Cultural Tour; Local Experience,Easy,Road Accessible,26.723,85.922,2,"Mithila Painting Workshops are held across Janakpur and nearby villages, where local artists teach the traditional art form. These workshops allow visitors to learn the techniques of Mithila painting, which depict religious stories, daily life, and nature in bright colors and intricate patterns.",Drive or fly from Kathmandu to Janakpur and participate in a Mithila painting workshop conducted by local artists.,102,Ancient village with cultural and archaeological value.,,4.2,25.5,Low
333,parsa national park,parsa,Oct–Mar,National Park; Wildlife; Safari; Nature,Natural Attractions,Wildlife Safari; Birdwatching; Nature Walks; Photography,Easy,Road Accessible,27.0556,84.9792,2,"Parsa National Park, located in the central Terai, is a protected area rich in biodiversity. It is home to elephants, tigers, leopards, and diverse bird species. The park forms part of the Chitwan–Parsa–Valmiki conservation landscape, supporting wildlife corridors and eco-tourism.","From Kathmandu, drive or fly to Birgunj and continue to Parsa National Park near Adhabhar.",1983,Major temple of Goddess Rajdevi in Gaur.,,4.5,87,Very High
334,pipara (historical site),mahottari,Oct–Apr,"Historical, Archaeological",Village & Rural Tourism,"Sightseeing, Research, Photography",Easy,Road Accessible,26.7,85.85,2,"Pipara is a historical site in the Terai, associated with ancient settlements and cultural heritage. It reflects the long history of Mithila civilization, with remnants of old structures and local legends tied to its past.","Travel from Kathmandu to Bara District and continue locally to Pipara, known for its historical background.",700,Central temple symbolizing Ram–Sita heritage.,,4.3,37.7,Moderate
335,rajdevi temple,rautahat,Oct–Mar,Temple; Pilgrimage; Hindu; Local Culture,Cultural & Religious Sites,Worship; Pilgrimage; Photography; Cultural Tour,Easy,Road Accessible,26.896,85.228,2,"Rajdevi Temple in Rajbiraj, Saptari, is a famous Hindu shrine dedicated to Goddess Rajdevi. It is a major pilgrimage site, especially during Navaratri, attracting devotees from Nepal and India.","Drive from Kathmandu to Rajbiraj or Gaur and visit the Rajdevi Temple, a significant pilgrimage site.From Kathmandu, drive through Hetauda and Kalaiya to Gaur in Rautahat District to visit the Rajdevi Temple.",1028,Busy Indo-Nepal trade and travel crossing. Rajdevi Temple – Important temple dedicated to Goddess Rajdevi in Gaur.,Rajdevi Temple\download (1).jpeg; Rajdevi Temple\download (2).jpeg; Rajdevi Temple\download (3).jpeg; Rajdevi Temple\download (5).jpeg; Rajdevi Temple\download.jpeg,4.1,81.5,High
336,ram janaki temple,mahottari,Oct–Mar,Temple; Pilgrimage; Hindu,Cultural & Religious Sites,Worship; Pilgrimage; Cultural Tour; Photography,Easy,Road Accessible,26.893,85.89,2,"Ram Janaki Temple in Janakpur is a smaller shrine dedicated to Lord Ram and Goddess Sita. It complements the grand Janaki Mandir, serving as a spiritual site for daily worship and local rituals.",Travel from Kathmandu to Janakpur city and visit the Ram Janaki Temple within the main complex.,870,Cross-border marketplace with lively trade.,,4,64.2,High
337,raxaul / bhitthamore border,bara / india border,All year,"Border, Trade",Urban & Modern Attractions,"Sightseeing, Trading",Easy,Road accessible,26.7667,85.1833,2,"The Raxaul–Bhitthamore border is one of the busiest trade and transit points between Nepal and India. It connects Birgunj and Janakpur regions with Bihar, facilitating commerce, cultural exchange, and cross-border travel.","From Kathmandu, drive to Birgunj or Janakpur and continue to reach Raxaul or Bhitthamore border points with India.",450,Sacred temple set amid peaceful surroundings.,Raxaul  Bhitthamore Border\download (1).jpeg; Raxaul  Bhitthamore Border\download (4).jpeg; Raxaul  Bhitthamore Border\download.jpeg; Raxaul  Bhitthamore Border\images (1).jpeg; Raxaul  Bhitthamore Border\images.jpeg,3.9,31.1,Low
338,raxaul border / bhitthamore market,mahottari,All year,Market; Trade; Cultural; Border,Cultural & Religious Sites,Shopping; Local Food; Cultural Observation; Photography,Easy,Road Accessible,26.5811,85.09,2,"The market near the Raxaul–Bhitthamore border is bustling with traders and visitors. It offers goods ranging from agricultural produce to textiles, reflecting the vibrant economic and cultural ties between Nepal and India.","Travel from Kathmandu to Birgunj and explore the Raxaul border market, or from Janakpur toward Bhitthamore trade area.",77,Natural garden preserving regional biodiversity.,,3.9,19.4,Low
339,sakhuwa mahadev temple,saptari,Oct–Apr,"Religious, Spiritual",Cultural & Religious Sites,"Pilgrimage, Festivals",Easy,Road Accessible,26.6,86.75,2,"Sakhuwa Mahadev Temple in Sarlahi district is a Hindu shrine dedicated to Lord Shiva. It is a local pilgrimage site, especially crowded during Maha Shivaratri, and reflects the spiritual traditions of the Terai.","Drive from Kathmandu to Sarlahi District and continue locally to visit Sakhuwa Mahadev Temple.From Kathmandu, travel via Hetauda and Lalbandi towards Sarlahi District to visit the sacred Sakhuwa Mahadev Temple.",900,"District rich in culture, farming, and festivals. Sakhuwa Mahadev Temple – Revered Shiva temple amid tranquil surroundings.",,4.2,84,High
340,salhesh botanical garden,siraha,Oct-Mar,"Botanical, Nature",Natural Attractions,"Nature Walks, Photography",Easy,"Road, Easy",26.7167,86.2333,2,"Salhesh Botanical Garden in Siraha is a cultural and natural heritage site linked to the legend of Salhesh, a local folk hero. The garden is rich in biodiversity and hosts annual fairs during the Salhesh festival, blending nature with cultural traditions.","From Kathmandu, travel to Siraha or Saptari District and visit the Salhesh Botanical Garden near Lahan.",124,Local temple or heritage location.,Salhesh Botanical Garden\Salhesh Botanical Garden 1.1.jpeg; Salhesh Botanical Garden\Salhesh Botanical Garden 1.2.jpeg; Salhesh Botanical Garden\Salhesh Botanical Garden 1.3.jpeg; Salhesh Botanical Garden\Salhesh Botanical Garden 1.4.jpeg; Salhesh Botanical Garden\Salhesh Botanical Garden 1.5.jpeg,4.5,31.1,Low
341,sarlahi,sarlahi,Oct–Feb,"Cultural, Temple",Cultural & Religious Sites,"Sightseeing, Photography",Easy,Road accessible,26.916,85.55,2,"Sarlahi is a district in Madhesh Province, known for its fertile plains, cultural diversity, and vibrant markets. It is home to temples, rivers, and agricultural communities, making it both economically and culturally significant","From Kathmandu, drive along the East–West Highway and reach Sarlahi District via Hetauda and Lalbandi.From Kathmandu, drive via Hetauda and Lalbandi to reach Sarlahi District, the heart of Madhesh’s agricultural region.",123,Hindu shrine dedicated to Lord Shiva. Sarlahi – Fertile district known for agriculture and cultural diversity.,Sarlahi\download (1).jpeg; Sarlahi\download (2).jpeg; Sarlahi\download (3).jpeg; Sarlahi\download (4).jpeg; Sarlahi\download.jpeg,4.2,32.4,Low
342,sarlahi minor cultural site,sarlahi,Oct–Nov,"Culture, Heritage",Cultural & Religious Sites,"Sightseeing, Photography",Easy,Road accessible,26.931,85.537,2,"Minor cultural sites in Sarlahi include small temples, shrines, and village gathering places. These sites preserve local traditions and serve as centers for festivals and rituals.","Travel from Kathmandu to Sarlahi District and continue locally to explore small cultural and heritage sites.From Kathmandu, drive southeast through Lalbandi to reach Sarlahi District and visit local cultural sites and shrines.",258,Revered Shiva temple near Janakpur. Sarlahi Minor Cultural Site – Small but significant heritage or temple location.,Sarlahi\download (1).jpeg; Sarlahi\download (2).jpeg; Sarlahi\download (3).jpeg; Sarlahi\download (4).jpeg; Sarlahi\download.jpeg,4.4,33.6,Low
343,shivala temple,siraha,Oct–Mar,Temple; Pilgrimage; Hindu,Cultural & Religious Sites,Worship; Pilgrimage; Photography; Cultural Experience,Easy,Road Accessible,26.71,86.518,2,"Shivala Temple is a Hindu shrine dedicated to Lord Shiva, found in various Terai towns. It is a place of daily worship and community gatherings, reflecting the deep devotion of local people.","From Kathmandu, travel southeast along the East–West Highway via Bardibas and Janakpur to reach Shivala Temple in Dhanusha District.From Kathmandu, head southeast through Dhalkebar to Dhanusha District and visit Shivala Temple near Janakpur.",768,Historical city ruins of medieval Mithila kingdom. Shivala Temple – Historic Shiva temple symbolizing faith and devotion.,,4.1,63.3,High
344,shivala temple (dhanusha),dhanusha,Sep–Nov,"Spiritual, Culture",Cultural & Religious Sites,"Temple Visits, Photography",Easy,Road accessible,26.7167,86.7333,2,"The Shivala Temple in Dhanusha district is a prominent Shiva shrine, attracting devotees during Shivaratri and other festivals. It is culturally significant and part of the region’s spiritual landscape.","From Kathmandu, continue your journey through Dhalkebar to Dhanusha District and visit Shivala Temple located near Janakpur city.",1007,Sanctuary with diverse bird species and wetlands.,,4.3,79.2,High
345,simraungadh,bara,Oct–Mar,"Historical, Archaeological",Village & Rural Tourism,"Sightseeing, Heritage Walk",Easy,Road Accessible,27.1833,85.0833,2,"Simraungadh in Bara district is an ancient historical site, once the capital of the Karnat dynasty in the Mithila region. It holds archaeological remains, temples, and legends, making it an important heritage destination.","From Kathmandu, drive towards Bara District through Birgunj and Kalaiya to reach the historical site of Simraungadh.From Kathmandu, head through Hetauda to Bara District and continue to the Simraungadh historical ruins.",654,Important ecological water bodies. Simraungadh – Ancient city ruins reflecting the glory of medieval Mithila.,Simraungadh(Bara)\Simraungadh (Bara) 1.1.jpeg; Simraungadh(Bara)\Simraungadh (Bara) 1.10.jpeg; Simraungadh(Bara)\Simraungadh (Bara) 1.2.jpeg; Simraungadh(Bara)\Simraungadh (Bara) 1.3.jpeg; Simraungadh(Bara)\Simraungadh (Bara) 1.4.jpeg; Simraungadh(Bara)\Simraungadh (Bara) 1.5.jpeg; Simraungadh(Bara)\Simraungadh (Bara) 1.6.jpeg; Simraungadh(Bara)\Simraungadh (Bara) 1.7.jpeg; Simraungadh(Bara)\Simraungadh (Bara) 1.8.jpeg; Simraungadh(Bara)\Simraungadh (Bara) 1.9.jpeg,4.4,41.3,Moderate
346,sirsia bird sanctuary,rautahat,Nov–Feb,"Nature, Wildlife, Bird Sanctuary",Natural Attractions,"Birdwatching, Nature Walks, Photography",Easy,Road Accessible,27.0333,85.2333,2,"Sirsia Bird Sanctuary in the Terai is a haven for migratory and local bird species. It is a peaceful wetland area, ideal for birdwatching and eco-tourism, supporting biodiversity conservation.","From Kathmandu, head south through Hetauda and Birgunj to reach the Sirsia area near the Indian border, where the bird sanctuary is located.",321,Ethnic villages rich in culture and tradition.,Sirsia Bird Sanctuary (Rautahat)\Sirsia Bird Sanctuary (Rautahat) 1.1.jpeg; Sirsia Bird Sanctuary (Rautahat)\Sirsia Bird Sanctuary (Rautahat) 1.2.jpeg; Sirsia Bird Sanctuary (Rautahat)\Sirsia Bird Sanctuary (Rautahat) 1.3.jpeg; Sirsia Bird Sanctuary (Rautahat)\Sirsia Bird Sanctuary (Rautahat) 1.4.jpeg; Sirsia Bird Sanctuary (Rautahat)\Sirsia Bird Sanctuary (Rautahat) 1.5.jpeg; Sirsia Bird Sanctuary (Rautahat)\Sirsia Bird Sanctuary (Rautahat) 1.6.jpeg,4.3,35.7,Moderate
347,small wetlands & ponds (saptari/dhanusha),saptari/dhanusha,Oct–Mar,Nature; Wetland; Birdwatching,Natural Attractions,Sightseeing; Birdwatching; Photography,Easy,Road Accessible,26.62,86.71,2,"The small wetlands and ponds scattered across Saptari and Dhanusha districts are vital for local ecology and culture. They serve as habitats for birds and fish, while also being used for rituals during Chhath and other festivals.","From Kathmandu, take the East–West Highway towards Lahan and Rajbiraj, where several small wetlands and ponds can be explored.From Kathmandu, continue along the East–West Highway towards Rajbiraj and Janakpur to visit local ponds and wetland ecosystems.",68,Peaceful riverside site for Chhath Puja and festivals. Small Wetlands & Ponds (Saptari/Dhanusha) – Peaceful natural habitats rich in birdlife.,,4.1,17,Low
348,tharu villages,udayapur/sunsari,Oct–Mar,Cultural Village; Tharu,Cultural & Religious Sites,Cultural Tours; Local Festivals; Photography,Easy,Road Accessible,26.7,86.9,2,"Tharu villages in the Terai showcase the unique culture of the Tharu people, with traditional mud houses, folk dances, and agricultural practices. Visitors can experience Tharu hospitality and learn about their deep connection to forests and rivers.","From Kathmandu, travel south through Hetauda and Chitwan towards Parsa or Sarlahi Districts to visit Tharu settlements and experience their culture.From Kathmandu, head to Chitwan or Bara through Hetauda to explore traditional Tharu communities and their cultural homes.",87,Border area with trade and cultural exchange. Tharu Villages – Ethnic villages famous for traditional houses and warm hospitality.,Tharu Village\Tharu Villages 1.1.jpeg; Tharu Village\Tharu Villages 1.10.jpeg; Tharu Village\Tharu Villages 1.2.jpeg; Tharu Village\Tharu Villages 1.3.jpeg; Tharu Village\Tharu Villages 1.4.jpeg; Tharu Village\Tharu Villages 1.5.jpeg; Tharu Village\Tharu Villages 1.6.jpeg; Tharu Village\Tharu Villages 1.7.jpeg; Tharu Village\Tharu Villages 1.8.jpeg; Tharu Village\Tharu Villages 1.9.jpeg,4.1,21.8,Low
349,tilathi ghat,saptari,Oct–Mar,River; Nature; Photography,Natural Attractions,Sightseeing; Photography; River Walk; Birdwatching,Easy,Road Accessible,26.612,86.715,2,Tilathi Ghat in Saptari is a sacred riverbank where devotees gather during Chhath and other festivals to worship the Sun God. It is both a spiritual and cultural gathering place.,"From Kathmandu, proceed via Bardibas and Lahan to Rajbiraj and continue to Tilathi Ghat along the Saptakoshi River.From Kathmandu, travel via Bardibas and Lahan to Rajbiraj and continue to the riverside area of Tilathi Ghat.",125,Hub for Madheshi arts and community events. Tilathi Ghat – Prominent riverside site for religious ceremonies.,Tilathi Ghat\download (1).jpeg; Tilathi Ghat\download (2).jpeg; Tilathi Ghat\download (3).jpeg; Tilathi Ghat\download (4).jpeg; Tilathi Ghat\download.jpeg,4.5,33.7,Low
350,tilathi–koilabas border village,saptari/siraha,Oct–Mar,Border; River; Village,Natural Attractions,Sightseeing; Photography; Cultural Tour; Local Interaction,Easy,Road Accessible,26.635,86.91,2,"Tilathi–Koilabas is a border village connecting Nepal with India. It is a hub of cross-border trade and cultural exchange, reflecting the shared traditions and livelihoods of communities on both sides.","From Kathmandu, take the East–West Highway towards Dang District and travel further south to reach the Koilabas border region.From Kathmandu, travel westwards along the East–West Highway to Dang District and further south to the Koilabas border area.",136,Famous garden and spiritual site celebrating Lord Salhesh. Tilathi–Koilabas Border Village – Border village highlighting cross-cultural exchanges.,,3.9,40.5,Moderate
351,tulsipur cultural center,mahottari,Oct–Mar,Cultural; Local Art; Heritage,Cultural & Religious Sites,Cultural Tour; Workshops; Photography; Local Experience,Easy,Road Accessible,26.895,85.91,2,"Tulsipur Cultural Center is a hub for preserving and promoting the traditions of the Madhesh and Terai region. It hosts cultural programs, exhibitions, and community events that highlight Mithila art, folk music, and local heritage.","From Kathmandu, drive via Hetauda and Ghorahi to Tulsipur in Dang District to visit the Tulsipur Cultural Center.From Kathmandu, head west via Narayangarh and Ghorahi to reach Tulsipur Cultural Center again for cultural experiences.",98,"Town with temples and cultural landmarks. Tulsipur Cultural Center – Hub of Madheshi art, music, and traditional performances.",Tulsipur\download (1).jpeg; Tulsipur\download (2).jpeg; Tulsipur\download (3).jpeg; Tulsipur\download (4).jpeg; Tulsipur\download.jpeg,4.4,24.6,Low
352,dhobi tole / cultural street,janakpur,Oct–Mar,Cultural; Local Market; Food; Heritage,Cultural & Religious Sites,Food Exploration; Photography; Local Experience; Shopping,Easy,Road Accessible,26.709,85.9225,2,"Dhobi Tole is a vibrant cultural street known for its traditional artisans, local markets, and historic houses. It is a living museum of Madheshi lifestyle, where visitors can experience folk music, street food, and colorful festivals. The street embodies the everyday rhythm of Terai towns, blending commerce with culture.","From Kathmandu, continue through Janakpur city to reach Dhobi Tole, known for its cultural and heritage activities.",85,Dhobi Tole / Cultural Street – Lively street showcasing Janakpur’s daily culture.,Dho\download (1).jpeg; Dho\download (2).jpeg; Dho\download (3).jpeg; Dho\download (5).jpeg; Dho\download.jpeg,4.3,21.3,Low
353,salhesh fulbari,siraha,Mar–May (Sal tree blossoms),"Nature, Cultural",Natural Attractions,"Nature Walk, Photography, Festivals",Easy,Road Accessible,26.66,86.2,2,"Situated in Siraha, Salhesh Fulbari is a historic garden tied to local mythology. It is famous for orchids that bloom only on the first day of the Nepali New Year (Baishakh). Thousands gather here annually for the Fulbari Mela, celebrating the demigod Salhesh and the romantic legends associated with the site.","From Kathmandu, drive towards Siraha District through Bardibas and Lahan to reach the famous Salhesh Fulbari pilgrimage site.",500,Salhesh Fulbari – Sacred garden associated with the legend of Lord Salhesh.,,4.4,15.3,Low
354,bariyarpur historical sites,siraha,Oct–Mar,Historical; Heritage; Culture,Cultural & Religious Sites,Cultural Tour; Photography; Exploration,Easy,Road Accessible,26.711,86.517,2,"Bariyarpur in Bara District is famous for the Gadhimai Temple, where the world’s largest animal sacrifice festival is held every five years. The town’s history is tied to devotion to the goddess Gadhimai, making it both culturally significant and controversial","From Kathmandu, head south through Hetauda and Kalaiya to reach Bariyarpur, known for its ancient temples and monuments.",369,Bariyarpur Historical Sites – Ancient town with rich cultural and spiritual heritage.,,4.4,24,Low
355,chinnamasta bhagawati temple,saptari,Oct-Dec,"Religious, Pilgrimage",Cultural & Religious Sites,"Pilgrimage, Rituals",Easy,"Road, Easy",26.6667,86.75,2,"Located in Saptari District, this temple is one of Nepal’s most revered Shakti Peethas. Dedicated to Goddess Chinnamasta, it is famous for its tantric significance and draws thousands of devotees during Dashain and other Hindu festivals. The temple’s architecture and rituals reflect centuries of devotion to the goddess of power and transformation.","From Kathmandu, travel through Lahan to Saptari District to reach the Chinnamasta Bhagawati Temple near Rajbiraj.",796,Chinnamasta Bhagawati Temple – Powerful temple dedicated to Goddess Chhinnamasta.,,4.3,64.6,High
356,laukaha border market (siraha),siraha,All year,"Trade, Market",Urban & Modern Attractions,"Sightseeing, Shopping",Easy,Road accessible,26.6167,86.7333,2,"Situated near the Indo‑Nepal border, Laukaha is a bustling market town that connects Siraha District with Bihar, India. It has long been a hub for cross‑border trade, attracting Nepali shoppers during festivals. Historically, it was linked to the Karnat dynasty and remains a lively commercial zone.","From Kathmandu, proceed along the East–West Highway through Lahan to reach Laukaha, a popular trade hub on the border.",131,Laukaha Border Market (Siraha) – Key trade hub between Nepal and India.,Laukaha Border Market\Laukaha Border Market 1.1.jpeg; Laukaha Border Market\Laukaha Border Market 1.2.jpeg; Laukaha Border Market\Laukaha Border Market 1.3.jpeg; Laukaha Border Market\Laukaha Border Market 1.4.jpeg; Laukaha Border Market\Laukaha Border Market 1.5.jpeg; Laukaha Border Market\Laukaha Border Market 1.6.jpeg; Laukaha Border Market\Laukaha Border Market 1.7.jpeg; Laukaha Border Market\Laukaha Border Market 1.8.jpeg,3.7,32.8,Low
357,tulsipur cultural center (mahottari),mahottari,Oct–Dec,"Cultural, Art",Cultural & Religious Sites,"Cultural Tours, Photography",Easy,Road accessible,26.6167,86.7333,2,"This cultural center in Mahottari District serves as a hub for preserving and promoting Madheshi traditions. It hosts exhibitions, folk performances, and educational programs that highlight the district’s rich heritage. The center is a gathering place for artists and community leaders.","From Kathmandu, head via Bardibas to Jaleshwar in Mahottari District to reach the Tulsipur Cultural Center.",125,Tulsipur Cultural Center (Mahottari) – Local center promoting regional arts and heritage.,Tulsipur\download (1).jpeg; Tulsipur\download (2).jpeg; Tulsipur\download (3).jpeg; Tulsipur\download (4).jpeg; Tulsipur\download.jpeg,4.1,42.4,Moderate
358,sakhuwa mahadev temple (sarlahi),sarlahi,Sep–Nov,"Spiritual, Culture",Cultural & Religious Sites,"Temple Visits, Cultural Tours",Easy,Road accessible,26.9333,85.55,2,"A sacred Shiva temple in Sarlahi, Sakhuwa Mahadev is revered for its ancient Shivling and local legends. Pilgrims visit to seek blessings, especially during Shivaratri. The temple is surrounded by serene natural settings, making it both a spiritual and peaceful retreat.","From Kathmandu, drive southeast to Lalbandi and visit the holy Sakhuwa Mahadev Temple located in Sarlahi District.",964,Sakhuwa Mahadev Temple (Sarlahi) – Sacred Shiva shrine and regional pilgrimage point.,Sarlahi\download (1).jpeg; Sarlahi\download (2).jpeg; Sarlahi\download (3).jpeg; Sarlahi\download (4).jpeg; Sarlahi\download.jpeg,4.1,69,High
359,birgunj heritage sites (parsa),parsa,Oct–Dec,"Historical, Cultural",Cultural & Religious Sites,"Heritage Walks, Photography",Easy,Road accessible,27,84.8667,2,"Birgunj, the “Gateway to Nepal,” is rich in heritage sites such as old temples, ghats, and colonial‑era structures. Its multicultural identity is reflected in Hindu shrines, mosques, and bustling bazaars. These sites narrate the city’s role as a trade hub between Nepal and India.","From Kathmandu, travel via Hetauda and Pathlaiya to reach Birgunj, where heritage temples and old quarters can be explored.",104,Birgunj Heritage Sites (Parsa) – Cultural and historical landmarks of the Parsa district.,Birgunj\download (1).jpeg; Birgunj\download (2).jpeg; Birgunj\download (5).jpeg; Birgunj\download.jpeg; Birgunj\images.jpeg,3.9,26.2,Low
360,bardibas,mahottari,All Year,Municipality,Urban & Modern Attractions,"Local Visit, Market",Easy,Road Access,26.9,85.9,2,"Bardibas in Mahottari District is a growing commercial town and a key junction on the East‑West Highway. It is known for its lively markets, transport connections, and cultural blend of hill and Terai communities. The town is rapidly developing into a regional hub","From Kathmandu, head southeast along the BP Highway to reach Bardibas, a key junction of Madhesh Province.",250,Bardibas – Growing commercial town connecting Terai and hill regions.,Bardibas\download (1).jpeg; Bardibas\download (2).jpeg; Bardibas\download (3).jpeg; Bardibas\download (5).jpeg; Bardibas\download.jpeg,4,28,Low
361,laxminiya,mahottari,All Year,Village,Village & Rural Tourism,Local Visit,Easy,Road Access,26.88,85.88,2,"Laxminiya in Dhanusha District is a rural settlement known for its agricultural lifestyle and traditional Madheshi culture. The village hosts local fairs and religious gatherings, reflecting the community’s close ties to land and tradition","From Kathmandu, continue towards Janakpur through Dhalkebar and reach Laxminiya village in Dhanusha District.From Kathmandu, drive southeast to Dhanusha District and reach Laxminiya village.",350,Laxminiya – Peaceful village known for traditional Madhesi life. Friendly agricultural settlement.,Laxminiya\download (1).jpeg; Laxminiya\download (2).jpeg; Laxminiya\download (3).jpeg; Laxminiya\download (4).jpeg; Laxminiya\download.jpeg,4.7,54.8,Moderate
362,belgachhi,dhanusha,All Year,Village,Village & Rural Tourism,Local Visit,Easy,Road Access,26.85,85.87,2,Belgachhi in Morang District is a small town with historical significance as a trading post. It is surrounded by fertile plains and is known for its vibrant local markets. The area reflects the multicultural fabric of eastern Terai,"From Kathmandu, proceed to Biratnagar via Itahari and visit Belgachhi village area near the Koshi region.",330,Belgachhi – Agricultural village surrounded by paddy fields.,Belgachhi\download (1).jpeg; Belgachhi\download.jpeg; Belgachhi\images (1).jpeg; Belgachhi\images (2).jpeg; Belgachhi\images.jpeg,4.3,35.3,Moderate
363,hathilet,dhanusha,All Year,Village,Village & Rural Tourism,Local Visit,Easy,Road Access,26.84,85.86,2,"Hathilet in Mahottari District is a rural municipality with deep cultural roots. It is known for its temples, agricultural fields, and traditional Madheshi lifestyle. Festivals and fairs are central to its identity.","From Kathmandu, drive via Bardibas and Janakpur to Hathilet, a well-known village in Mahottari District.",700,Hathilet – Typical Terai settlement with simple lifestyle.,Hathilet\Dhanusha_District_locator.png; Hathilet\download (5).jpeg; Hathilet\images (1).jpeg; Hathilet\images (2).jpeg; Hathilet\images (3).jpeg; Hathilet\images.jpeg; Hathilet\sddefault.jpg,4.6,67.8,High
364,dhalkebar,dhanusha,All Year,"Village, Temple",Cultural & Religious Sites,"Local Visit, Religious",Easy,Road Access,26.82,85.85,2,"Dhalkebar in Dhanusha District is a major transport hub, famous for the Dhalkebar Substation—the largest electricity transmission station in Nepal. It is also a growing commercial town with strong cultural traditions.","From Kathmandu, travel southeast via BP Highway to reach Dhalkebar, an important town connecting the East–West Highway.",120,Dhalkebar – Important transport hub linking highways and trade routes.,Dhalkebar\download (1).jpeg; Dhalkebar\download (2).jpeg; Dhalkebar\download (3).jpeg; Dhalkebar\download (4).jpeg; Dhalkebar\download.jpeg,4.5,30.1,Low
365,batauwa,dhanusha,All Year,Village,Village & Rural Tourism,Local Visit,Easy,Road Access,26.8,85.83,2,"Batauwa is a small settlement in the Terai, known for its agricultural fields and traditional village life. It reflects the everyday rhythm of Madheshi communities, with close‑knit families and seasonal festivals.","From Kathmandu, continue along the highway through Lalbandi to reach Batauwa village in Sarlahi District.",1000,Batauwa – Calm farming village with a rural charm.,Batauwa\download (1).jpeg; Batauwa\download (2).jpeg; Batauwa\download (5).jpeg; Batauwa\download.jpeg; Batauwa\images.jpeg,4.6,42.7,Moderate
366,bharatpur,parsa,All Year,Town,Urban & Modern Attractions,"Market, Cultural Visit",Easy,Road Access,27,84.99,2,"Bharatpur in Chitwan District is one of Nepal’s fastest‑growing cities. It is a gateway to Chitwan National Park and a hub for healthcare, education, and commerce. The city blends modern development with cultural heritage.","From Kathmandu, drive southwest through Mugling to reach Bharatpur city in Chitwan District.From Kathmandu, drive south via Mugling and Tandi to reach Bharatpur in Chitwan District.",93,Bharatpur – Modern city gateway to Chitwan National Park. Gateway city to Chitwan National Park and wildlife tours.,Bharatpur\download (1).jpeg; Bharatpur\download (2).jpeg; Bharatpur\download (3).jpeg; Bharatpur\download (5).jpeg; Bharatpur\download.jpeg,4.1,23.4,Low
367,fulakaha,parsa,All Year,Village,Village & Rural Tourism,Local Visit,Easy,Road Access,26.98,84.97,2,"Fulakaha in Siraha District is a rural settlement tied to local legends and traditional farming. It is known for its cultural fairs and religious rituals, which bring together the community during festive seasons.","From Kathmandu, continue your journey via Janakpur and reach Fulakaha village area in Dhanusha District.",105,Fulakaha – Village area with natural and cultural beauty.,Fulakaha\download (1).jpeg; Fulakaha\download (2).jpeg; Fulakaha\download (3).jpeg; Fulakaha\download (4).jpeg; Fulakaha\download.jpeg,4.4,26.3,Low
368,birgunj,parsa,All Year,"City, Trade Hub",Urban & Modern Attractions,"Market, Trade, Cultural",Easy,Road Access,27,84.87,2,"Birgunj is Nepal’s main trade gateway with India, located in Parsa District. It is a bustling city with diverse communities, historic temples, and vibrant markets. Its role as a commercial hub makes it vital to Nepal’s economy.","From Kathmandu, drive through Hetauda and Pathlaiya to reach Birgunj, a major commercial city on the Indian border.",500,Industrial and trading capital of southern Nepal.,Birgunj\download (1).jpeg; Birgunj\download (2).jpeg; Birgunj\download (5).jpeg; Birgunj\download.jpeg; Birgunj\images.jpeg,4.1,23.8,Low
369,motisar,parsa,All Year,Village,Village & Rural Tourism,Local Visit,Easy,Road Access,26.95,84.9,2,"Motisar is a rural settlement in Madhesh Province, known for its agricultural lifestyle and traditional village culture. It reflects the Terai’s close connection to farming and seasonal rituals.","From Kathmandu, travel south via Hetauda and Kalaiya to reach Motisar village area in Bara District.",101,Small community reflecting rural traditions.,Motisar\download (1).jpeg; Motisar\download (2).jpeg; Motisar\download (3).jpeg; Motisar\download (4).jpeg; Motisar\download.jpeg,4.4,25.4,Low
370,bhatauda,bara,All Year,Village,Village & Rural Tourism,Local Visit,Easy,Road Access,27,85,2,Bhatauda in Bara District is a small town with cultural and historical significance. It is surrounded by fertile plains and is known for its temples and local fairs.,"From Kathmandu, continue towards Rautahat through Kalaiya to reach Bhatauda.",369,Agricultural area with scenic surroundings.,Bhatauda\download (1).jpeg; Bhatauda\download (2).jpeg; Bhatauda\download (5).jpeg; Bhatauda\download.jpeg; Bhatauda\images.jpeg,4.4,54.9,Moderate
371,kalaiya,bara,All Year,Municipality,Urban & Modern Attractions,"Town, Local Visit",Easy,Road Access,26.92,85.05,2,"Kalaiya, the headquarters of Bara District, is a growing municipality with a mix of modern development and cultural heritage. It is home to important temples and serves as a commercial hub for the surrounding villages.","From Kathmandu, drive via Hetauda and Pathlaiya to reach Kalaiya, the district headquarters of Bara.",700,Bustling town and administrative center of Bara.,Kalai\download (1).jpeg; Kalai\download (2).jpeg; Kalai\download (3).jpeg; Kalai\download (5).jpeg; Kalai\download.jpeg,4,42.4,Moderate
372,karaiya,bara,All Year,Village,Village & Rural Tourism,Local Visit,Easy,Road Access,26.9,85.02,2,"Karaiya is a rural settlement in Madhesh Province, known for its agricultural fields and traditional Madheshi lifestyle. It reflects the Terai’s cultural richness and community‑based living.","From Kathmandu, travel southeast through Hetauda and Birgunj to reach Karaiya village.",500,Local village with cultural and farming roots.,Karaiya\download (1).jpeg; Karaiya\download (2).jpeg; Karaiya\download (3).jpeg; Karaiya\download (5).jpeg; Karaiya\download.jpeg,4.4,35.3,Moderate
373,maheshpur,bara,All Year,Village,Village & Rural Tourism,Local Visit,Easy,Road Access,26.88,85.03,2,"Maheshpur in Jhapa District is a border town near India. It is known for its cross‑border trade, fertile lands, and multicultural communities. The town plays a role in connecting eastern Nepal with neighboring regions.","From Kathmandu, proceed via Hetauda to reach Maheshpur village in Bara District.",400,Peaceful agricultural village.,Maheshpur\download (1).jpeg; Maheshpur\download (2).jpeg; Maheshpur\download (3).jpeg; Maheshpur\download (4).jpeg; Maheshpur\download.jpeg,4.4,52.8,Moderate
374,dohari,bara,All Year,Municipality,Urban & Modern Attractions,"Town, Local Visit",Easy,Road Access,26.9,85.08,2,"Dohari is a settlement in the Terai region, known for its agricultural lifestyle and traditional Madheshi culture. The community thrives on farming and seasonal fairs, reflecting the close connection between land and livelihoo","From Kathmandu, continue along the East–West Highway towards Sarlahi and visit Dohari village area.",450,Small settlement with authentic Terai life.,Dohari\download (1).jpeg; Dohari\download (2).jpeg; Dohari\download (3).jpeg; Dohari\download.jpeg; Dohari\images.jpeg,4.1,33.7,Low
375,bhodaha,bara,All Year,Village,Village & Rural Tourism,Local Visit,Easy,Road Access,26.87,85.04,2,"Bhodaha in Bara District is a rural municipality with fertile plains and a strong cultural identity. It is home to temples, local markets, and traditional village life, making it a representative example of Terai settlements.","From Kathmandu, travel southeast via Bardibas to reach Bhodaha in Mahottari District.",650,Rural area known for cultural diversity.,Bhodaha\download (1).jpeg; Bhodaha\download (5).jpeg; Bhodaha\download.jpeg; Bhodaha\images (1).jpeg; Bhodaha\images.jpeg,4.5,41.7,Moderate
376,haraiya,bara,All Year,Village,Village & Rural Tourism,Local Visit,Easy,Road Access,26.86,85.05,2,"Haraiya is a village area in Rautahat District, characterized by its farming community and cultural diversity. It hosts local fairs and religious gatherings, which bring together residents in celebration of Madheshi traditions.","From Kathmandu, head through Hetauda and Birgunj to reach Haraiya village in Parsa.",900,Friendly village with farmlands and simple lifestyle.,Haraiya\download (1).jpeg; Haraiya\download (2).jpeg; Haraiya\download (3).jpeg; Haraiya\download (4).jpeg; Haraiya\download.jpeg,4.7,45.3,Moderate
377,kolhabi,bara,All Year,Village,Village & Rural Tourism,Local Visit,Easy,Road Access,26.85,85.06,2,"Kolhabi in Bara District is a growing municipality along the East‑West Highway. It is known for its bustling markets, transport connections, and blend of rural and urban lifestyles.","From Kathmandu, travel through Hetauda to reach Kolhabi, a developing town in Bara District.",136,Developing town with growing markets.,Kolhabi\download (1).jpeg; Kolhabi\download (4).jpeg; Kolhabi\download.jpeg; Kolhabi\images (1).jpeg; Kolhabi\images.jpeg,4.3,34.1,Low
378,rangapur,bara,All Year,Village,Village & Rural Tourism,Local Visit,Easy,Road Access,26.84,85.07,2,Rangapur in Rautahat District is a rural settlement with strong ties to agriculture and traditional Madheshi customs. Its temples and community festivals highlight the cultural richness of the area.,"From Kathmandu, head southeast through Kalaiya and reach Rangapur in Rautahat District.",123,Quiet community known for local fairs.,Rangapur\download (1).jpeg; Rangapur\download (2).jpeg; Rangapur\download (3).jpeg; Rangapur\download (5).jpeg; Rangapur\download.jpeg,4.7,44.2,Moderate
379,chandrapur,bara,All Year,Village,Village & Rural Tourism,Local Visit,Easy,Road Access,26.83,85.08,2,"Chandrapur in Rautahat District is a rapidly developing municipality. It is a commercial hub with schools, markets, and temples, serving as a link between rural villages and modern infrastructure.","From Kathmandu, drive through Hetauda and reach Chandrapur, a growing municipality in Rautahat.Travel from Kathmandu along the East–West Highway to reach Chandrapur municipality in Rautahat District.",258,Major municipality with cultural and natural appeal. Developing city with cultural diversity.,Chandrapur\download (1).jpeg; Chandrapur\download (2).jpeg; Chandrapur\download (3).jpeg; Chandrapur\download (4).jpeg; Chandrapur\download.jpeg,4.7,34.5,Low
380,paurai,rautahat,All Year,Village,Village & Rural Tourism,Local Visit,Easy,Road Access,26.7,85.2,2,"Paurai in Rautahat District is a small town known for its agricultural fields and traditional village life. It reflects the everyday rhythm of Terai communities, with close‑knit families and seasonal rituals.","From Kathmandu, continue along the same highway past Chandrapur to reach Paurai village area.",159,Peaceful settlement with a rural backdrop.,Paurai\download (1).jpeg; Paurai\download (2).jpeg; Paurai\download (3).jpeg; Paurai\download (5).jpeg; Paurai\download.jpeg,4.3,41.1,Moderate
381,pahritol,rautahat,All Year,Village,Village & Rural Tourism,Local Visit,Easy,Road Access,26.72,85.22,2,"Pahritol is a rural settlement in Bara District, characterized by its farming lifestyle and cultural traditions. It is a quiet village where agriculture and community festivals dominate daily life.","From Kathmandu, travel south through Kalaiya and reach Pahritol village in Bara District.",357,Small village reflecting traditional Madhesi architecture.,Pahritol\download (1).jpeg; Pahritol\download (2).jpeg; Pahritol\download (3).jpeg; Pahritol\download (4).jpeg; Pahritol\download.jpeg,4.4,28.9,Low
382,sakhuwa dhamaura,rautahat,All Year,Village,Village & Rural Tourism,Local Visit,Easy,Road Access,26.71,85.21,2,"Sakhuwa Dhamaura in Rautahat District is a municipality with a mix of rural traditions and modern development. It is known for its temples, schools, and growing infrastructure.","From Kathmandu, drive southeast via Hetauda to reach Sakhuwa Dhamaura, known for its rural cultural charm.",654,Rural village surrounded by fertile land.,Sakhuwa Dhamaura\download (1).jpeg; Sakhuwa Dhamaura\download (2).jpeg; Sakhuwa Dhamaura\download (4).jpeg; Sakhuwa Dhamaura\download.jpeg; Sakhuwa Dhamaura\images.jpeg,4.2,73.4,High
383,pratappur paltuwa,rautahat,All Year,Village,Village & Rural Tourism,Local Visit,Easy,Road Access,26.73,85.23,2,Pratappur Paltuwa in Bara District is a rural municipality with fertile lands and cultural heritage. It is home to traditional Madheshi communities and reflects the agricultural backbone of the Terai.,"From Kathmandu, drive southeast along the East–West Highway via Hetauda and continue to reach Pratappur Paltuwa in Bara District.",321,Calm settlement known for its simplicity.,Pratappur Paltuwa\download (1).jpeg; Pratappur Paltuwa\download (2).jpeg; Pratappur Paltuwa\download (3).jpeg; Pratappur Paltuwa\download.jpeg; Pratappur Paltuwa\images.jpeg,4.3,38.7,Moderate
384,laxmipur belbichawa,rautahat,All Year,Village,Village & Rural Tourism,Local Visit,Easy,Road Access,26.74,85.24,2,Laxmipur Belbichawa in Rautahat District is a settlement known for its farming lifestyle and cultural fairs. It is a representative example of Madheshi village life.,"Travel from Kathmandu along the East–West Highway to reach Belbichawa in Jhapa District, then continue locally to Laxmipur Belbichawa area.",130,Agricultural community with local traditions.,Laxmipur Belbichawa\download (3).jpeg; Laxmipur Belbichawa\download.jpeg; Laxmipur Belbichawa\images (1).jpeg; Laxmipur Belbichawa\images (2).jpeg; Laxmipur Belbichawa\images.jpeg,4.3,32.7,Low
385,faparbadi,rautahat,All Year,Village,Village & Rural Tourism,Local Visit,Easy,Road Access,26.75,85.25,2,"Faparbadi is a rural settlement in Bara District, where agriculture dominates daily life. The community is closely tied to traditional rituals and seasonal festivals.","From Kathmandu, drive via Hetauda and Birgunj to reach Faparbadi in Bara District.",654,Village offering glimpses of authentic Terai life.,,4.3,35.8,Moderate
386,balchanpur,rautahat,All Year,Village,Village & Rural Tourism,Local Visit,Easy,Road Access,26.76,85.26,2,Balchanpur in Bara District is a small village with fertile plains and cultural traditions. It reflects the Terai’s agricultural rhythm and community‑based living,Travel from Kathmandu along the East–West Highway to Bara District and continue to Balchanpur village.,125,"Quiet, green farming village.",Balchanpur\download (3).jpeg; Balchanpur\images (1).jpeg; Balchanpur\images (2).jpeg; Balchanpur\images (3).jpeg; Balchanpur\images.jpeg,4.3,36.5,Moderate
387,nijgadh,bara,All Year,Municipality,Urban & Modern Attractions,"Town, Cultural",Easy,Road Access,27.05,84.97,2,"Nijgadh in Bara District is a growing town, famous for its proposed international airport project. It is surrounded by dense forests and fertile plains, making it both ecologically and economically significant","From Kathmandu, take the East–West Highway south via Hetauda to reach Nijgadh in Bara District, known for its airport and forested area.",136,Gateway town to the proposed international airport.,Nijgadh\download (1).jpeg; Nijgadh\download (2).jpeg; Nijgadh\download (5).jpeg; Nijgadh\download.jpeg; Nijgadh\images.jpeg,4.4,29.9,Low
388,dhiyal,bara,All Year,Village,Village & Rural Tourism,Local Visit,Easy,Road Access,27.03,84.96,2,Dhiyal in Makwanpur District is a rural settlement with strong ties to agriculture. It is known for its traditional Madheshi lifestyle and community festivals.,"From Kathmandu, drive via Hetauda and Birgunj to reach Dhiyal village area in Bara.",652,Scenic village near the Chure range.,Dhiyal\download (1).jpeg; Dhiyal\download (2).jpeg; Dhiyal\download (3).jpeg; Dhiyal\download (4).jpeg; Dhiyal\download.jpeg,4.6,50.8,Moderate
389,kudawa,bara,All Year,Village,Village & Rural Tourism,Local Visit,Easy,Road Access,27.02,84.95,2,"Kudawa in Bara District is a small village with fertile lands and cultural heritage. It reflects the everyday life of Terai communities, centered on farming and rituals",Travel from Kathmandu along the East–West Highway through Hetauda to reach Kudawa in Bara District.,250,Simple rural area with paddy fields.,Kudawa\download (1).jpeg; Kudawa\download (2).jpeg; Kudawa\download (3).jpeg; Kudawa\download.jpeg; Kudawa\images.jpeg,4.5,38.5,Moderate
390,amarpatti,parsa,All Year,Village,Village & Rural Tourism,Local Visit,Easy,Road Access,27.01,84.9,2,Amarpatti in Bara District is a rural municipality with agricultural fields and traditional Madheshi culture. It is known for its temples and community gatherings.,"From Kathmandu, continue along the highway to Bara District and reach Amarpatti village area.",350,Vibrant local community in the Terai plains.,Amarpatti\download (1).jpeg; Amarpatti\download (2).jpeg; Amarpatti\download (4).jpeg; Amarpatti\download.jpeg; Amarpatti\images.jpeg,4.2,28.4,Low
391,pathera,parsa,All Year,Village,Village & Rural Tourism,Local Visit,Easy,Road Access,27.02,84.91,2,Pathera in Bara District is a settlement with fertile plains and cultural traditions. It reflects the Terai’s agricultural lifestyle and close‑knit communities,Travel from Kathmandu through Hetauda and Birgunj to reach Pathera village in Bara.,330,Peaceful agricultural area with cultural heritage.,Pathera\download (1).jpeg; Pathera\download (2).jpeg; Pathera\download (3).jpeg; Pathera\download.jpeg; Pathera\images.jpeg,4.6,42.7,Moderate
392,mahendra adarsha,parsa,All Year,Village,Village & Rural Tourism,Local Visit,Easy,Road Access,27.03,84.92,2,"Mahendra Adarsha in Bara District is a municipality that blends rural traditions with modern development. It is home to schools, temples, and growing infrastructure.","From Kathmandu, take the East–West Highway to Bara District and visit Mahendra Adarsha settlement.",700,Educational and administrative locality.,,4.7,40.9,Moderate
393,saunaraniya,parsa,All Year,Village,Village & Rural Tourism,Local Visit,Easy,Road Access,27.04,84.93,2,Saunaraniya in Bara District is a rural settlement with fertile lands and cultural heritage. It reflects the Terai’s agricultural rhythm and traditional Madheshi lifestyle,"From Kathmandu, drive south via Hetauda to reach Saunaraniya village in Bara District.",750,Calm village with traditional values.,Saunaraniya\images (1).jpeg; Saunaraniya\images (2).jpeg; Saunaraniya\images (3).jpeg; Saunaraniya\images (4).jpeg; Saunaraniya\images.jpeg,4.6,38.2,Moderate
394,paterwa,parsa,All Year,Village,Village & Rural Tourism,Local Visit,Easy,Road Access,27.05,84.94,2,"Paterwa in Bara District is a rural settlement known for its fertile plains and traditional Madheshi lifestyle. Agriculture dominates daily life, and the community celebrates local fairs and religious festivals that strengthen social bonds.",Travel from Kathmandu along the East–West Highway and continue to Paterwa village in Bara District.,1000,Farming settlement near trade routes.,Paterwa\download (1).jpeg; Paterwa\download (3).jpeg; Paterwa\download.jpeg; Paterwa\images (1).jpeg; Paterwa\images.jpeg,4.3,54.8,Moderate
395,tedhakatti,parsa,All Year,Village,Village & Rural Tourism,Local Visit,Easy,Road Access,27.06,84.95,2,"Tedhakatti in Bara District is a village municipality with a strong agricultural base. It is characterized by rice fields, temples, and cultural gatherings that reflect the Terai’s heritage.","From Kathmandu, take the highway south through Hetauda to reach Tedhakatti village in Bara.",980,Agricultural village with friendly residents.,Tedhakatti\download (1).jpeg; Tedhakatti\download (2).jpeg; Tedhakatti\download (5).jpeg; Tedhakatti\download.jpeg; Tedhakatti\images.jpeg,4.6,35.6,Moderate
396,tengraha,parsa,All Year,Village,Village & Rural Tourism,Local Visit,Easy,Road Access,27.07,84.96,2,"Tengraha is a settlement in the Terai region, where farming and livestock are central to the economy. The village is known for its close‑knit community and seasonal fairs.",Travel from Kathmandu via the East–West Highway to Bara District and reach Tengraha village area.,900,Quiet countryside area rich in greenery.,Raha\download (1).jpeg; Raha\download (2).jpeg; Raha\download (3).jpeg; Raha\download (4).jpeg; Raha\download.jpeg,4.5,44,Moderate
397,maryadpur,parsa,All Year,Village,Village & Rural Tourism,Local Visit,Easy,Road Access,27.08,84.97,2,Maryadpur in Rautahat District is a rural municipality with fertile lands and cultural traditions. It is home to temples and shrines that serve as focal points for community life.,"From Kathmandu, drive southeast via Hetauda to Bara District to reach Maryadpur village.",500,Peaceful village known for local farming.,Maryadpur\download (1).jpeg; Maryadpur\download (2).jpeg; Maryadpur\download (3).jpeg; Maryadpur\download.jpeg; Maryadpur\images.jpeg,4.4,41,Moderate
398,katahariya,rautahat,All Year,Municipality,Urban & Modern Attractions,"Town, Local Visit",Easy,Road Access,26.7,85.15,2,"Katahariya in Rautahat District is a growing municipality with markets, schools, and temples. It blends rural traditions with modern development, making it a hub for surrounding villages.",Travel from Kathmandu along the East–West Highway to Bara or Rautahat District to reach Katahariya settlement.,102,Busy market town and municipal hub.,Katahariya\download.jpeg; Katahariya\images (1).jpeg; Katahariya\images (2).jpeg; Katahariya\images (3).jpeg; Katahariya\images.jpeg,4,25.7,Low
399,dudhouli,rautahat,All Year,Village,Village & Rural Tourism,Local Visit,Easy,Road Access,26.71,85.16,2,"Dudhouli in Sindhuli District lies in the hilly belt of Madhesh Province. It is known for its scenic landscapes, rivers, and cultural diversity, serving as a gateway between the Terai and hill regions.","From Kathmandu, drive via Hetauda to Bara District and reach Dudhouli village.",369,Small hilly town known for natural scenery.,Dho\download (1).jpeg; Dho\download (2).jpeg; Dho\download (3).jpeg; Dho\download (5).jpeg; Dho\download.jpeg,4.6,54.6,Moderate
400,bagahi,rautahat,All Year,Village,Village & Rural Tourism,Local Visit,Easy,Road Access,26.72,85.17,2,"Bagahi in Bara District is a small settlement with fertile fields and traditional Madheshi culture. It reflects the agricultural rhythm of the Terai, with community rituals tied to farming cycles.",Travel from Kathmandu along the East–West Highway and continue to Bagahi in Bara District.,135,Rural community known for simplicity.,Bagahi\download (1).jpeg; Bagahi\download (2).jpeg; Bagahi\download (3).jpeg; Bagahi\download (4).jpeg; Bagahi\download.jpeg,4.3,33.8,Low
401,garuda,rautahat,All Year,Municipality,Urban & Modern Attractions,"Town, Local Visit",Easy,Road Access,26.73,85.18,2,"Garuda in Rautahat District is a municipality with bustling markets and growing infrastructure. It is a commercial hub that connects rural villages to modern facilities, while retaining its cultural identity.","From Kathmandu, drive via Hetauda to reach Garuda town in Bara District.",500,Thriving business town in Rautahat district.,Garuda\download (1).jpeg; Garuda\download (2).jpeg; Garuda\download (3).jpeg; Garuda\download (5).jpeg; Garuda\download.jpeg,4,17.3,Low
402,dharampur,rautahat,All Year,Village,Village & Rural Tourism,Local Visit,Easy,Road Access,26.74,85.19,2,Dharampur in Bara District is a rural settlement where agriculture and religious traditions dominate daily life. Temples and fairs are central to its cultural fabric.,Travel from Kathmandu south via Hetauda and Birgunj to reach Dharampur village in Bara District.,400,Agricultural village with vibrant community life.,Dharampur\download (1).jpeg; Dharampur\download (2).jpeg; Dharampur\download (3).jpeg; Dharampur\download (4).jpeg; Dharampur\download.jpeg,4.3,40.6,Moderate
403,sangrampur,rautahat,All Year,Village,Village & Rural Tourism,Local Visit,Easy,Road Access,26.75,85.2,2,Sangrampur in Rautahat District is a village municipality with fertile lands and traditional Madheshi lifestyle. It is known for its temples and seasonal festivals.,"From Kathmandu, take the East–West Highway to reach Sangrampur village in Bara District.",450,Peaceful settlement with local markets.,Sangrampur\download (1).jpeg; Sangrampur\download (2).jpeg; Sangrampur\download (3).jpeg; Sangrampur\download (5).jpeg; Sangrampur\download.jpeg,4.5,35.8,Moderate
404,bahuwa madanpur,rautahat,All Year,Village,Village & Rural Tourism,Local Visit,Easy,Road Access,26.76,85.21,2,Bahuwa Madanpur in Bara District is a rural settlement with strong agricultural roots. It reflects the Terai’s farming culture and community‑based living,Travel from Kathmandu along the highway to reach Bahuwa Madanpur in Bara District.,118,Culturally active rural area.,Bahuwa Madanpur\download (1).jpeg; Bahuwa Madanpur\download (2).jpeg; Bahuwa Madanpur\download (3).jpeg; Bahuwa Madanpur\download (4).jpeg; Bahuwa Madanpur\download.jpeg,4.7,29.5,Low
405,umarjan,rautahat,All Year,Village,Village & Rural Tourism,Local Visit,Easy,Road Access,26.77,85.22,2,Umarjan in Bara District is a small village where agriculture and traditional rituals shape daily life. The community is closely tied to its land and cultural heritage.,"From Kathmandu, drive southwest toward Lalitpur and reach Umarjan village area.",900,Serene village surrounded by paddy fields.,Umarjan\download (1).jpeg; Umarjan\download (2).jpeg; Umarjan\download (3).jpeg; Umarjan\download (6).jpeg; Umarjan\download.jpeg,4.5,53.8,Moderate
406,rampurwa,rautahat,All Year,Village,Village & Rural Tourism,Local Visit,Easy,Road Access,26.78,85.23,2,Rampurwa in Bara District is a rural settlement with fertile plains and cultural traditions. It is known for its temples and fairs that bring the community together.,Travel from Kathmandu via the East–West Highway to reach Rampurwa village in Bara District.,875,Quiet farming area reflecting Terai lifestyle.,Rampurwa\download (1).jpeg; Rampurwa\download (2).jpeg; Rampurwa\download (3).jpeg; Rampurwa\download (4).jpeg; Rampurwa\download (5).jpeg; Rampurwa\download.jpeg,4.6,37.8,Moderate
407,kanakpur,rautahat,All Year,Village,Village & Rural Tourism,Local Visit,Easy,Road Access,26.8,85.25,2,Kanakpur in Rautahat District is a rural municipality with fertile lands and cultural heritage. It is home to temples and shrines that serve as focal points for community life.,"From Kathmandu, take the highway via Hetauda to Bara District to reach Kanakpur village.",258,Local town known for agriculture and trade.,,4.5,47.3,Moderate
408,lokaha,rautahat,All Year,Village,Village & Rural Tourism,Local Visit,Easy,Road Access,26.82,85.27,2,Lokaha in Siraha District is a rural settlement with fertile plains and traditional Madheshi lifestyle. It reflects the Terai’s agricultural rhythm and community‑based living,"From Kathmandu, drive southeast via Hetauda and Kalaiya to reach Lokaha village area in Bara.",357,Calm rural village near forested regions.,Lokaha\download (1).jpeg; Lokaha\download (5).jpeg; Lokaha\download.jpeg; Lokaha\images (1).jpeg; Lokaha\images.jpeg,4.6,28.2,Low
409,nuwakot micro lake,nuwakot,Oct–Mar,Lake; Nature; Offbeat,Natural Attractions,Photography; Short Walk; Nature Observation,Easy,Road + Short Walk,27.95,85.17,3,"Nuwakot Micro Lake in Rautahat District is a small artificial lake created for irrigation and local use. It has become a scenic spot for nearby communities, offering a peaceful environment.","From Kathmandu, drive northwest toward Nuwakot District and reach a small micro lake near Nuwakot town.",654,Small scenic lake surrounded by hills.,,4.2,39.7,Moderate
410,kaleshwor mahadev temple,dhading,Oct–Mar,Temple; Hindu; Local,Cultural & Religious Sites,Worship; Cultural Visit; Photography,Easy,Road Accessible,27.715,85.555,3,"Kaleshwor Mahadev Temple in Sindhuli District is a revered Shiva shrine located in a hilly setting. Pilgrims visit during Shivaratri and other festivals, making it a spiritual landmark in the region.","From Kathmandu, drive northeast to Sindhupalchok District to reach Kaleshwor Mahadev Temple.From Kathmandu, drive northeast via Sindhupalchok District to Kaleshwor Mahadev Temple.",937,Sacred hilltop temple dedicated to Lord Shiva. Historic temple perched in scenic hilltop location.,Kaleshwor Mahadev Temple\Kaleshwor Mahadev Temple 1.1.jpeg; Kaleshwor Mahadev Temple\Kaleshwor Mahadev Temple 1.2.jpeg; Kaleshwor Mahadev Temple\Kaleshwor Mahadev Temple 1.3.jpeg; Kaleshwor Mahadev Temple\Kaleshwor Mahadev Temple 1.4.jpeg; Kaleshwor Mahadev Temple\Kaleshwor Mahadev Temple 1.5.jpeg; Kaleshwor Mahadev Temple\Kaleshwor Mahadev Temple 1.6.jpeg; Kaleshwor Mahadev Temple\Kaleshwor Mahadev Temple 1.7.jpeg; Kaleshwor Mahadev Temple\Kaleshwor Mahadev Temple 1.8.jpeg; Kaleshwor Mahadev Temple\Kaleshwor Mahadev Temple 1.9.jpeg,4.3,76.4,High
411,bhimeshwor temple,dolakha,Oct–Mar,Temple; Hindu; Pilgrimage,Cultural & Religious Sites,Worship; Cultural Tour; Photography,Moderate,Road + Hike,27.9,86.1,3,"Bhimeshwor Temple in Dolakha District is one of Nepal’s most famous Shiva temples. It is associated with the Mahabharata legend of Bhim and is a major pilgrimage site, attracting devotees from across Nepal and India.","From Kathmandu, travel northeast via Banepa to Dolakha District to reach Bhimeshwor Temple.From Kathmandu, drive northeast via Dolakha Bazaar to Bhimeshwor Temple.",987,Historic temple known for religious importance. Revered Hindu temple in the Kathmandu Valley.,Bhimeshwor Temple\Bhimeshwor Temple 1.1.jpeg; Bhimeshwor Temple\Bhimeshwor Temple 1.10.jpeg; Bhimeshwor Temple\Bhimeshwor Temple 1.2.jpeg; Bhimeshwor Temple\Bhimeshwor Temple 1.3.jpeg; Bhimeshwor Temple\Bhimeshwor Temple 1.4.jpeg; Bhimeshwor Temple\Bhimeshwor Temple 1.5.jpeg; Bhimeshwor Temple\Bhimeshwor Temple 1.6.jpeg; Bhimeshwor Temple\Bhimeshwor Temple 1.7.jpeg; Bhimeshwor Temple\Bhimeshwor Temple 1.8.jpeg; Bhimeshwor Temple\Bhimeshwor Temple 1.9.jpeg,4.4,76.5,High
412,rasuwagadhi fort,rasuwa,Oct–Mar,Fort; Historical; Scenic,Natural Attractions,Sightseeing; Photography; Trekking; History Exploration,Moderate,Road + Trekking,28.2333,85.4333,3,"Rasuwagadhi Fort, located on the Nepal–Tibet border in Rasuwa District, is a historic fortress built to guard trade routes and defend against invasions. Overlooking the Bhote Koshi River, it carries centuries of military and cultural significance, symbolizing Nepal’s resilience and cross‑border connections.","From Kathmandu, drive north via Trishuli Bazaar and Dhunche to reach Rasuwagadhi Fort on the Nepal-Tibet border.From Kathmandu, drive north via Trishuli Bazaar and Dhunche to reach Rasuwagadhi Fort near the Nepal-Tibet border.",13,Ancient border fort symbolizing Nepalese history. Historic fort at the Nepal-China border with scenic views.,Rasuwa\Rasuwa 1.1.jpeg; Rasuwa\Rasuwa 1.10.jpeg; Rasuwa\Rasuwa 1.2.jpeg; Rasuwa\Rasuwa 1.3.jpeg; Rasuwa\Rasuwa 1.4.jpeg; Rasuwa\Rasuwa 1.5.jpeg; Rasuwa\Rasuwa 1.6.jpeg; Rasuwa\Rasuwa 1.7.jpeg; Rasuwa\Rasuwa 1.8.jpeg; Rasuwa\Rasuwa 1.9.jpeg,4.8,10.9,Very Low
413,balthali village,kavrepalanchok,Oct–Mar,Village; Trekking; Nature,Trekking & Adventure,Trekking; Cultural Tour; Homestay; Photography,Easy,Road + Short Hike,27.63,85.533,3,"Balthali Village in Kavrepalanchok District is a serene countryside retreat surrounded by terraced fields, traditional houses, and lush forests. It offers panoramic views of the Himalayas and is popular for eco‑tourism, village walks, and cultural immersion with local communities.","From Kathmandu, travel east via Bhaktapur and Panauti to reach Balthali village in Kavrepalanchok District.From Kathmandu, drive east via Bhaktapur and Panauti to reach Balthali village.",125,Tranquil hill village offering beautiful landscapes. Peaceful village with trekking opportunities and scenic landscapes.,Balthali Village\Balthali Village 1.1.jpeg; Balthali Village\Balthali Village 1.10.jpeg; Balthali Village\Balthali Village 1.2.jpeg; Balthali Village\Balthali Village 1.3.jpeg; Balthali Village\Balthali Village 1.4.jpeg; Balthali Village\Balthali Village 1.5.jpeg; Balthali Village\Balthali Village 1.6.jpeg; Balthali Village\Balthali Village 1.7.jpeg; Balthali Village\Balthali Village 1.8.jpeg; Balthali Village\Balthali Village 1.9.jpeg,4.3,59.3,Moderate
414,bajrabarahi temple,lalitpur (chapagaun),Oct–Mar,Temple; Hindu; Local; Pilgrimage,Cultural & Religious Sites,Worship; Cultural Visit; Photography,Easy,Road Accessible,27.652,85.3,3,"Located in Lalitpur District, Bajrabarahi Temple is a sacred shrine dedicated to Goddess Bajrabarahi, a tantric form of the goddess. The temple is surrounded by dense forests and is an important pilgrimage site, blending Hindu and Buddhist traditions.","From Kathmandu, drive south via Kulekhani and Chapagaun to reach Bajrabarahi Temple in Lalitpur District.",988,Sacred temple nestled within lush forests.,Bajrabarahi Temple\Bajrabarahi Temple 1.1.jpeg; Bajrabarahi Temple\Bajrabarahi Temple 1.10.jpeg; Bajrabarahi Temple\Bajrabarahi Temple 1.2.jpeg; Bajrabarahi Temple\Bajrabarahi Temple 1.3.jpeg; Bajrabarahi Temple\Bajrabarahi Temple 1.4.jpeg; Bajrabarahi Temple\Bajrabarahi Temple 1.5.jpeg; Bajrabarahi Temple\Bajrabarahi Temple 1.6.jpeg; Bajrabarahi Temple\Bajrabarahi Temple 1.7.jpeg; Bajrabarahi Temple\Bajrabarahi Temple 1.8.jpeg; Bajrabarahi Temple\Bajrabarahi Temple 1.9.jpeg,4.2,71,High
415,langtang valley,rasuwa,"Mar-May, Sep-Nov","Trekking, Mountain",Natural Attractions,"Trekking, Nature",Moderate-High,Road + Trek,28.2067,85.5317,3,"Langtang Valley, north of Kathmandu, is a stunning Himalayan region known for its glaciers, alpine meadows, and Tamang culture. It is part of Langtang National Park and offers trekking routes with breathtaking views of Langtang Lirung and surrounding peaks.","From Kathmandu, drive north via Sundarijal and Syabrubesi to enter Langtang Valley in Rasuwa District.",17,Stunning Himalayan valley famous for trekking.,Langtang Valley\Langtang Valley 1.1.jpeg; Langtang Valley\Langtang Valley 1.10.jpeg; Langtang Valley\Langtang Valley 1.2.jpeg; Langtang Valley\Langtang Valley 1.3.jpeg; Langtang Valley\Langtang Valley 1.4.jpeg; Langtang Valley\Langtang Valley 1.5.jpeg; Langtang Valley\Langtang Valley 1.6.jpeg; Langtang Valley\Langtang Valley 1.7.jpeg; Langtang Valley\Langtang Valley 1.8.jpeg; Langtang Valley\Langtang Valley 1.9.jpeg,4.6,14.5,Very Low
416,phulchoki viewpoints,lalitpur,Mar–May; Sep–Nov,Hill; Scenic; Nature,Natural Attractions,Photography; Hiking; Nature Walks,Moderate,Road + Trekking,27.61,85.36,3,"Phulchoki, the highest hill near Kathmandu Valley, is famous for its viewpoints offering sweeping vistas of the valley and distant Himalayan ranges. It is also a biodiversity hotspot, with rhododendron forests and birdwatching opportunities.","From Kathmandu, drive south via Godavari and Chapagaun to reach Phulchoki Hill viewpoints in Lalitpur District.",17,Highest hill near Kathmandu with panoramic views.,Phulchoki Viewpoint\Phulchoki Viewpoints  1.9.jpeg; Phulchoki Viewpoint\Phulchoki Viewpoints 1.1.jpeg; Phulchoki Viewpoint\Phulchoki Viewpoints 1.10.jpeg; Phulchoki Viewpoint\Phulchoki Viewpoints 1.2.jpeg; Phulchoki Viewpoint\Phulchoki Viewpoints 1.3.jpeg; Phulchoki Viewpoint\Phulchoki Viewpoints 1.4.jpeg; Phulchoki Viewpoint\Phulchoki Viewpoints 1.5.jpeg; Phulchoki Viewpoint\Phulchoki Viewpoints 1.6.jpeg; Phulchoki Viewpoint\Phulchoki Viewpoints 1.7.jpeg; Phulchoki Viewpoint\Phulchoki Viewpoints 1.8.jpeg; Phulchoki Viewpoint\Phulchoki Viewpoints 1.9.jpeg,4.5,14.8,Very Low
417,lele village,lalitpur,Oct–Mar,Village; Cultural; Farming,Cultural & Religious Sites,Cultural Tour; Photography; Local Experience,Easy,Road Accessible,27.65,85.311,3,"Lele Village in Lalitpur is a traditional Newar settlement surrounded by terraced fields and temples. It is known for its cultural festivals, ancient architecture, and peaceful rural atmosphere just outside the bustling Kathmandu Valley.","From Kathmandu, travel south via Godavari and Chapagaun to reach Lele Village near Patan.From Kathmandu, drive south via Godavari and Chapagaun to reach Lele village near Patan.",350,Traditional Newar village surrounded by green fields. Traditional Newar village with agricultural charm.,Lele Village\Lele Village 1.1.jpeg; Lele Village\Lele Village 1.10.jpeg; Lele Village\Lele Village 1.2.jpeg; Lele Village\Lele Village 1.3.jpeg; Lele Village\Lele Village 1.4.jpeg; Lele Village\Lele Village 1.5.jpeg; Lele Village\lele village 1.6.jpeg; Lele Village\Lele Village 1.7.jpeg; Lele Village\Lele Village 1.8.jpeg; Lele Village\Lele Village 1.9.jpeg,4.3,27.6,Low
418,chisapani,nuwakot,Oct–Mar,Hill; Trekking; Nature,Trekking & Adventure,Trekking; Camping; Photography,Moderate,Road + Trekking,27.95,85.183,3,"Chisapani is a hilltop village north of Kathmandu, popular among trekkers for its panoramic sunrise and sunset views over the Himalayas. It serves as a gateway to the Helambu and Langtang trekking routes, offering a blend of natural beauty and local hospitality.","From Kathmandu, drive north via Sundarijal or Budhanilkantha to Chisapani in Shivapuri National Park.From Kathmandu, drive north via Sundarijal to Chisapani in Shivapuri National Park.",330,Popular trekking stop offering sunrise and mountain vistas. Hilltop trekking stop with panoramic mountain views.,Chisapani\Chisapani 1.1.jpeg; Chisapani\Chisapani 1.10.jpeg; Chisapani\Chisapani 1.2.jpeg; Chisapani\Chisapani 1.3.jpeg; Chisapani\Chisapani 1.4.jpeg; Chisapani\Chisapani 1.5.jpeg; Chisapani\Chisapani 1.6.jpeg; Chisapani\Chisapani 1.7.jpeg; Chisapani\Chisapani 1.8.jpeg; Chisapani\Chisapani 1.9.jpeg,4.9,42.8,Moderate
419,gosaikunda lesser spots,rasuwa,Aug–Oct,Lake; Trekking; Offbeat,Trekking & Adventure,Trekking; Photography; Camping,Hard,Road + Trekking,28.18,85.495,3,"Beyond the famous Gosaikunda Lake, the surrounding lesser‑known lakes such as Saraswati Kunda and Bhairab Kunda add to the spiritual and scenic charm of the area. These spots are revered in Hindu mythology and provide peaceful trekking destinations.","From Kathmandu, drive north via Dhunche and Singati to reach small lakes near Gosaikunda in Rasuwa District.From Kathmandu, drive north via Dhunche and trek to explore smaller lakes near Gosaikunda.",700,Remote holy lakes and serene trekking paths. Smaller lakes and holy sites around Gosaikunda Lake.,Gosaikunda Lesser Spots\Gosaikunda Lesser Spots 1.1.jpeg; Gosaikunda Lesser Spots\Gosaikunda Lesser Spots 1.10.jpeg; Gosaikunda Lesser Spots\Gosaikunda Lesser Spots 1.2.jpeg; Gosaikunda Lesser Spots\Gosaikunda Lesser Spots 1.3.jpeg; Gosaikunda Lesser Spots\Gosaikunda Lesser Spots 1.4.jpeg; Gosaikunda Lesser Spots\Gosaikunda Lesser Spots 1.5.jpeg; Gosaikunda Lesser Spots\Gosaikunda Lesser Spots 1.6.jpeg; Gosaikunda Lesser Spots\Gosaikunda Lesser Spots 1.7.jpeg; Gosaikunda Lesser Spots\Gosaikunda Lesser Spots 1.8.jpeg; Gosaikunda Lesser Spots\Gosaikunda Lesser Spots 1.9.jpeg,4.8,37.3,Moderate
420,paldor peak base camp,rasuwa,Mar–May; Sep–Nov,Trekking; Scenic Views,Trekking & Adventure,Trekking; Camping,Challenging,Road + Trek,28,85.2,3,"Paldor Peak Base Camp in Rasuwa District is the starting point for climbing Paldor Peak (5,896 m). It offers trekkers stunning views of Ganesh Himal and surrounding valleys, blending adventure with cultural encounters in Tamang villages.","From Kathmandu, drive north toward Langtang Valley to reach the base camp for Paldor Peak.",114,Base for trekking adventures with breathtaking mountain views.,Paldor Peak Base Camp\Paldor Peak Base Camp 1.1.jpeg; Paldor Peak Base Camp\Paldor Peak Base Camp 1.10.jpeg; Paldor Peak Base Camp\Paldor Peak Base Camp 1.2.jpeg; Paldor Peak Base Camp\Paldor Peak Base Camp 1.3.jpeg; Paldor Peak Base Camp\Paldor Peak Base Camp 1.4.jpeg; Paldor Peak Base Camp\Paldor Peak Base Camp 1.5.jpeg; Paldor Peak Base Camp\Paldor Peak Base Camp 1.6.jpeg; Paldor Peak Base Camp\Paldor Peak Base Camp 1.7.jpeg; Paldor Peak Base Camp\Paldor Peak Base Camp 1.8.jpeg; Paldor Peak Base Camp\Paldor Peak Base Camp 1.9.jpeg,4.7,28.5,Low
421,ganga jamuna waterfall,dhading,Oct–Mar,Natural Attraction; Waterfall,Natural Attractions,Sightseeing; Photography,Moderate,Road Accessible,27.8,85.5,3,"Located in Dhading District, Ganga Jamuna Waterfall is a twin cascade named after the sacred rivers Ganga and Jamuna. It is a pilgrimage site as well as a natural attraction, surrounded by lush forests and rural settlements.","From Kathmandu, travel northeast via Kavrepalanchok and Roshi area to reach Ganga Jamuna Waterfall.",106,"Stunning waterfall nestled in serene hills, perfect for nature lovers.",Jamuna\download (1).jpeg; Jamuna\download (2).jpeg; Jamuna\download (3).jpeg; Jamuna\download (4).jpeg; Jamuna\download.jpeg,4,26.6,Low
422,sailung,dolakha,Oct–Mar,Trekking; Scenic Views,Natural Attractions,Trekking; Camping,Moderate,Road + Trek,27.7,85.8,3,"Sailung in Dolakha District is a high ridge offering panoramic views of more than 100 Himalayan peaks. It is also culturally significant, with sacred sites for both Hindus and Buddhists, and is known for its rolling hills and spiritual atmosphere.","From Kathmandu, drive southeast via Hetauda and Sindhuli District to reach Sailung Plateau.",116,Peaceful hilltop offering panoramic mountain and valley views.,Sailung\Sailung 1.1.jpeg; Sailung\Sailung 1.10.jpeg; Sailung\Sailung 1.2.jpeg; Sailung\Sailung 1.3.jpeg; Sailung\Sailung 1.4.jpeg; Sailung\Sailung 1.5.jpeg; Sailung\Sailung 1.6.jpeg; Sailung\Sailung 1.7.jpeg; Sailung\Sailung 1.8.jpeg; Sailung\Sailung 1.9.jpeg,4.7,29,Low
423,kamalamai temple,sindhuli,Oct–Mar,Temple; Hindu,Cultural & Religious Sites,Worship; Cultural Tour,Easy,Road Accessible,27.56,85.98,3,"Kamalamai Temple in Sindhuli District is a revered shrine dedicated to Goddess Kamalamai. It is an important pilgrimage site, especially during festivals, and reflects the deep spiritual traditions of the region.","From Kathmandu, drive southeast via Sindhuli Bazaar to visit Kamalamai Temple.From Kathmandu, drive southeast via Sindhuli Bazaar to reach Kamalamai Temple in Sindhuli District.",900,Revered religious site attracting devotees from surrounding regions. Revered religious site in Makwanpur attracting pilgrims.,Kamalamai\Kamalamai Temple 1.1.jpeg; Kamalamai\Kamalamai Temple 1.10.jpeg; Kamalamai\Kamalamai Temple 1.2.jpeg; Kamalamai\Kamalamai Temple 1.3.jpeg; Kamalamai\Kamalamai Temple 1.4.jpeg; Kamalamai\Kamalamai Temple 1.5.jpeg; Kamalamai\Kamalamai Temple 1.6.jpeg; Kamalamai\Kamalamai Temple 1.7.jpeg; Kamalamai\Kamalamai Temple 1.8.jpeg; Kamalamai\Kamalamai Temple 1.9.jpeg,3.9,79.4,High
424,ayurvedic spas (kathmandu),kathmandu,Oct–Mar,Wellness; Spa; Ayurveda,Wellness & Relaxation,Relaxation; Treatments; Cultural Experience,Easy,Road Accessible,27.7172,85.324,3,"Kathmandu hosts numerous Ayurvedic spas that blend ancient healing practices with modern wellness. These centers offer herbal treatments, massages, and detox therapies rooted in Nepal’s Ayurvedic heritage, attracting both locals and international visitors.","Within Kathmandu, visit local Ayurvedic spas in Thamel, Lazimpat, or Patan.",2120,Relaxing wellness centers offering traditional treatments.,Ayurvedic Spas\Ayurvedic Spas (Kathmandu) 1.1.jpeg; Ayurvedic Spas\Ayurvedic Spas (Kathmandu) 1.10.jpeg; Ayurvedic Spas\Ayurvedic Spas (Kathmandu) 1.2.jpeg; Ayurvedic Spas\Ayurvedic Spas (Kathmandu) 1.3.jpeg; Ayurvedic Spas\Ayurvedic Spas (Kathmandu) 1.4.jpeg; Ayurvedic Spas\Ayurvedic Spas (Kathmandu) 1.5.jpeg; Ayurvedic Spas\Ayurvedic Spas (Kathmandu) 1.6.jpeg; Ayurvedic Spas\Ayurvedic Spas (Kathmandu) 1.7.jpeg; Ayurvedic Spas\Ayurvedic Spas (Kathmandu) 1.8.jpeg; Ayurvedic Spas\Ayurvedic Spas (Kathmandu) 1.9.jpeg,4.5,87.3,Very High
425,yoga n meditation retreats (nagarkot/dhulikhel),bhaktapur/kavrepalanchok,Oct–Mar,Wellness; Yoga; Meditation; Nature,Natural Attractions,Yoga; Meditation; Relaxation; Photography,Easy,Road Accessible,27.63,85.416,3,"Peaceful scenic retreats located along the ridges of Nagarkot and Dhulikhel, offering guided yoga, structural meditation, and sunrise Himalayan views.","From Kathmandu, take a direct public bus, tourist coach, or private taxi to Nagarkot or Dhulikhel via the Araniko Highway.",93,An incredibly peaceful escape from the city with beautiful sunrise views over the mountains.,Dhulikhel\download (1).jpeg; Dhulikhel\download (2).jpeg; Dhulikhel\download (3).jpeg; Dhulikhel\download (4).jpeg; Dhulikhel\download.jpeg,4.3,23.3,Low
426,garden of dreams,kathmandu,Oct–Mar,Garden; Heritage; Relaxation,Cultural & Religious Sites,Sightseeing; Photography; Relaxation; Walking,Easy,Road Accessible,27.7107,85.313,3,"The Garden of Dreams in Kathmandu is a neo‑classical garden built in the early 20th century. Known as the “Swapna Bagaicha,” it features pavilions, fountains, and landscaped gardens, offering a peaceful escape from the city’s bustle","Within Kathmandu, visit Garden of Dreams in Kaiser Mahal, Thamel.",369,Beautiful historical garden in Kathmandu with colonial charm.,Garden Of Dreams\Garden of Dreams 1.1.jpeg; Garden Of Dreams\Garden of Dreams 1.10.jpeg; Garden Of Dreams\Garden of Dreams 1.2.jpeg; Garden Of Dreams\Garden of Dreams 1.3.jpeg; Garden Of Dreams\Garden of Dreams 1.4.jpeg; Garden Of Dreams\Garden of Dreams 1.5.jpeg; Garden Of Dreams\Garden of Dreams 1.6.jpeg; Garden Of Dreams\Garden of Dreams 1.7.jpeg; Garden Of Dreams\Garden of Dreams 1.8.jpeg; Garden Of Dreams\Garden of Dreams 1.9.jpeg,4.4,15.9,Low
427,ruby valley,dhading,Oct–Mar,Cultural; Trekking,Cultural & Religious Sites,Trekking; Cultural Tour,Moderate,Road + Trek,27.5,85.3,3,"Ruby Valley in Dhading District is a hidden gem between Langtang and Manaslu regions. It is named after the precious stones found in the area and is known for its pristine landscapes, Tamang and Gurung culture, and off‑the‑beaten‑path trekking routes.","From Kathmandu, drive east to Kavrepalanchok District to reach Ruby Valley.",61,Scenic valley with tranquil rivers and forested surroundings.,Ruby Valley\Ruby Valley 1.1.jpeg; Ruby Valley\Ruby Valley 1.10.jpeg; Ruby Valley\Ruby Valley 1.2.jpeg; Ruby Valley\Ruby Valley 1.3.jpeg; Ruby Valley\Ruby Valley 1.4.jpeg; Ruby Valley\Ruby Valley 1.5.jpeg; Ruby Valley\Ruby Valley 1.6.jpeg; Ruby Valley\Ruby Valley 1.7.jpeg; Ruby Valley\Ruby Valley 1.8.jpeg; Ruby Valley\Ruby Valley 1.9.jpeg,4.5,15.4,Low
428,nagarkot,bhaktapur,Oct–Mar,Hill Station; Mountain View; Nature,Natural Attractions,Sightseeing; Photography; Hiking; Sunrise/Sunset Viewing,Easy,Road Accessible,27.7076,85.4166,3,"Nagarkot, perched on a ridge east of Kathmandu, is famous for its sunrise and sunset views over the Himalayas. It is a popular hill station offering panoramic vistas of Everest and other peaks, along with hiking trails and resorts.","From Kathmandu, drive east to Nagarkot for panoramic Himalayan views.",500,Famous hill station offering sunrise views over the Himalayas.,Nagarkot\Nagarkot 1.1.jpeg; Nagarkot\Nagarkot 1.10.jpeg; Nagarkot\Nagarkot 1.2.jpeg; Nagarkot\Nagarkot 1.3.jpeg; Nagarkot\Nagarkot 1.4.jpeg; Nagarkot\Nagarkot 1.5.jpeg; Nagarkot\Nagarkot 1.6.jpeg; Nagarkot\Nagarkot 1.7.jpeg; Nagarkot\Nagarkot 1.8.jpeg; Nagarkot\Nagarkot 1.9.jpeg,4.4,22.3,Low
429,changu narayan temple,bhaktapur,Oct–Mar,Temple; Hindu; UNESCO,Cultural & Religious Sites,Worship; Cultural Tour,Easy,Road Accessible,27.701,85.432,3,"Changu Narayan Temple in Bhaktapur is the oldest Hindu temple in Nepal, dating back to the 4th century. Dedicated to Lord Vishnu, it is a UNESCO World Heritage Site renowned for its intricate wood and stone carvings.","From Kathmandu, drive northeast via Bhaktapur to visit Changu Narayan Temple.",1972,Ancient UNESCO World Heritage temple with exquisite architecture.,Changu Narayan Temple\Changu Narayan Temple 1.1.jpeg; Changu Narayan Temple\Changu Narayan Temple 1.10.jpeg; Changu Narayan Temple\Changu Narayan Temple 1.2.jpeg; Changu Narayan Temple\Changu Narayan Temple 1.3.jpeg; Changu Narayan Temple\Changu Narayan Temple 1.4.jpeg; Changu Narayan Temple\Changu Narayan Temple 1.5.jpeg; Changu Narayan Temple\Changu Narayan Temple 1.6.jpeg; Changu Narayan Temple\Changu Narayan Temple 1.7.jpeg; Changu Narayan Temple\Changu Narayan Temple 1.8.jpeg; Changu Narayan Temple\Changu Narayan Temple 1.9.jpeg,4.5,85.1,Very High
430,bagh bhairab temple,kathmandu,Oct–Mar,Temple; Cultural,Cultural & Religious Sites,Worship; Festival; Cultural Tour,Easy,Road Accessible,27.6667,85.28,3,"Bagh Bhairab Temple in Kirtipur is dedicated to Bhairab, the fierce form of Lord Shiva. The temple is culturally significant, with festivals and rituals that highlight Newar traditions. It is also known for its historic artifacts and community gatherings.","From Kathmandu, drive northeast via Bhaktapur to reach Bagh Bhairab Temple.",919,Iconic local temple known for festivals and religious significance. Iconic temple with historic and cultural significance.,Bagh Bhairab Temple\Bagh Bhairab Temple 1.1.jpeg; Bagh Bhairab Temple\Bagh Bhairab Temple 1.10.jpeg; Bagh Bhairab Temple\Bagh Bhairab Temple 1.2.jpeg; Bagh Bhairab Temple\Bagh Bhairab Temple 1.3.jpeg; Bagh Bhairab Temple\Bagh Bhairab Temple 1.4.jpeg; Bagh Bhairab Temple\Bagh Bhairab Temple 1.5.jpeg; Bagh Bhairab Temple\Bagh Bhairab Temple 1.6.jpeg; Bagh Bhairab Temple\Bagh Bhairab Temple 1.7.jpeg; Bagh Bhairab Temple\Bagh Bhairab Temple 1.8.jpeg; Bagh Bhairab Temple\Bagh Bhairab Temple 1.9.jpeg,3.9,76.6,High
431,patan durbar square,lalitpur,Oct–Mar,Heritage; UNESCO,Cultural & Religious Sites,Sightseeing; Cultural Tour,Easy,Road Accessible,27.6726,85.3166,3,"Patan Durbar Square in Lalitpur is a UNESCO World Heritage Site showcasing Newar architecture and artistry. It features palaces, courtyards, and temples such as Krishna Mandir, reflecting the rich cultural and historical legacy of the Malla period","Within Kathmandu Valley, drive south to Patan city to explore Patan Durbar Square.",1922,Historic square showcasing Newar architecture and cultural heritage.,Patan\download (1).jpeg; Patan\download (2).jpeg; Patan\download (3).jpeg; Patan\download (4).jpeg; Patan\download.jpeg,4.6,85.1,Very High
432,kathmandu durbar square,kathmandu,Oct–Mar,Heritage; UNESCO,Cultural & Religious Sites,Sightseeing; Cultural Tour,Easy,Road Accessible,27.7045,85.3076,3,"A UNESCO World Heritage Site, Kathmandu Durbar Square is the historic royal palace complex of the Malla and Shah kings. It features intricately carved temples, courtyards, and the famous Hanuman Dhoka Palace. The square is a cultural heart of Kathmandu, showcasing Newar architecture and hosting vibrant festivals.","Within Kathmandu, visit the central Kathmandu Durbar Square.",2019,"Central hub of Kathmandu with palaces, temples, and history.",Kathmandu\Kathmandu 1.1.jpeg; Kathmandu\Kathmandu 1.10.jpeg; Kathmandu\Kathmandu 1.2.jpeg; Kathmandu\Kathmandu 1.3.jpeg; Kathmandu\Kathmandu 1.4.jpeg; Kathmandu\Kathmandu 1.5.jpeg; Kathmandu\Kathmandu 1.6.jpeg; Kathmandu\Kathmandu 1.7.jpeg; Kathmandu\Kathmandu 1.8.jpeg; Kathmandu\Kathmandu 1.9.jpeg,4.8,91.8,Very High
433,namo buddha monastery,kavrepalanchok,Oct–Mar,Buddhist; Pilgrimage,Cultural & Religious Sites,Meditation; Cultural Tour,Moderate,Road Accessible,27.595,85.532,3,"Located in Kavrepalanchok District, Namo Buddha is one of the most sacred Buddhist pilgrimage sites in Nepal. It is associated with the legend of Prince Mahasattva, who offered his body to a starving tigress. The monastery offers serene surroundings, panoramic views, and deep spiritual significance","From Kathmandu, drive southeast via Banepa to reach Namo Buddha Monastery in Kavrepalanchok District.",875,Peaceful Buddhist monastery set amidst beautiful hills.,Namo Buddha Monastery\Namo Buddha Monastery 1.1.jpeg; Namo Buddha Monastery\Namo Buddha Monastery 1.10.jpeg; Namo Buddha Monastery\Namo Buddha Monastery 1.2.jpeg; Namo Buddha Monastery\Namo Buddha Monastery 1.3.jpeg; Namo Buddha Monastery\Namo Buddha Monastery 1.4.jpeg; Namo Buddha Monastery\Namo Buddha Monastery 1.5.jpeg; Namo Buddha Monastery\Namo Buddha Monastery 1.6.jpeg; Namo Buddha Monastery\Namo Buddha Monastery 1.7.jpeg; Namo Buddha Monastery\Namo Buddha Monastery 1.8.jpeg; Namo Buddha Monastery\Namo Buddha Monastery 1.9.jpeg,4.2,82.2,High
434,dakshinkali temple,kathmandu,Oct–Mar,Temple; Pilgrimage; Goddess Kali,Cultural & Religious Sites,Worship; Photography; Cultural Tour,Easy,Road Accessible,27.5982,85.4047,3,"Dakshinkali Temple, south of Kathmandu, is dedicated to Goddess Kali. It is one of Nepal’s most important Shakti Peethas, where devotees gather for animal sacrifices, especially during Dashain. The temple is set in a forested valley, combining spirituality with natural beauty.","From Kathmandu, drive south to Dakshinkali Temple near Kulekhani.From Kathmandu, drive south to reach Dakshinkali Temple near Kulekhani.",1015,"Popular temple dedicated to Goddess Kali, known for animal rituals. Revered temple dedicated to Goddess Kali near Kathmandu.",Dakshinkali Temple\Dakshinkali Temple 1.1.jpeg; Dakshinkali Temple\Dakshinkali Temple 1.10.jpeg; Dakshinkali Temple\Dakshinkali Temple 1.2.jpeg; Dakshinkali Temple\Dakshinkali Temple 1.3.jpeg; Dakshinkali Temple\Dakshinkali Temple 1.4.jpeg; Dakshinkali Temple\Dakshinkali Temple 1.5.jpeg; Dakshinkali Temple\Dakshinkali Temple 1.6.jpeg; Dakshinkali Temple\Dakshinkali Temple 1.7.jpeg; Dakshinkali Temple\Dakshinkali Temple 1.8.jpeg; Dakshinkali Temple\Dakshinkali Temple 1.9.jpeg,4.5,74.4,High
435,kulekhani dam & reservoir,makwanpur,Oct–Mar,Dam; Reservoir; Scenic,Natural Attractions,Sightseeing; Photography; Boating,Easy,Road Accessible,27.55,85.25,3,"Kulekhani Dam, also known as Indra Sarovar, is Nepal’s only reservoir‑based hydropower project. Surrounded by hills, the reservoir is a scenic spot for boating and picnics. It plays a vital role in electricity generation while serving as a peaceful getaway.","From Kathmandu, drive south to Kulekhani to visit the dam and reservoir.",258,Scenic dam offering boating and birdwatching opportunities. Scenic water body ideal for boating and birdwatching.,Kulekhani Dam & Reservoir\Kulekhani Dam & Reservoir 1.1.jpeg; Kulekhani Dam & Reservoir\Kulekhani Dam & Reservoir 1.10.jpeg; Kulekhani Dam & Reservoir\Kulekhani Dam & Reservoir 1.2.jpeg; Kulekhani Dam & Reservoir\Kulekhani Dam & Reservoir 1.3.jpeg; Kulekhani Dam & Reservoir\Kulekhani Dam & Reservoir 1.4.jpeg; Kulekhani Dam & Reservoir\Kulekhani Dam & Reservoir 1.5.jpeg; Kulekhani Dam & Reservoir\Kulekhani Dam & Reservoir 1.6.jpeg; Kulekhani Dam & Reservoir\Kulekhani Dam & Reservoir 1.7.jpeg; Kulekhani Dam & Reservoir\Kulekhani Dam & Reservoir 1.8.jpeg; Kulekhani Dam & Reservoir\Kulekhani Dam & Reservoir 1.9.jpeg,4.4,27.2,Low
436,local hilltop viewpoints (chapagaun/lalitpur),lalitpur,Oct–Mar,Hill; Scenic; Nature,Natural Attractions,Photography; Short Trekking; Sunrise/Sunset Views,Easy,Road + Short Hike,27.655,85.305,3,"Chapagaun and nearby hilltops in Lalitpur offer panoramic views of the Kathmandu Valley and distant Himalayan ranges. These viewpoints are popular for short hikes, village exploration, and experiencing traditional Newar culture.","From Kathmandu, drive south to Chapagaun and surrounding Lalitpur hills for local viewpoints.From Kathmandu, drive south to Chapagaun hills for local viewpoints.",159,Quiet spots for panoramic views of Kathmandu Valley. Quiet spots for panoramic Kathmandu Valley views.,Lalitpur\Lalitpur  1.1.jpeg; Lalitpur\Lalitpur 1.10.jpeg; Lalitpur\Lalitpur 1.2.jpeg; Lalitpur\Lalitpur 1.3.jpeg; Lalitpur\Lalitpur 1.4.jpeg; Lalitpur\Lalitpur 1.5.jpeg; Lalitpur\Lalitpur 1.6.jpeg; Lalitpur\Lalitpur 1.7.jpeg; Lalitpur\Lalitpur 1.8.jpeg; Lalitpur\Lalitpur 1.9.jpeg,4.3,23.8,Low
437,dhulikhel viewpoint,kavrepalanchok,Oct-Mar,"Viewpoint, Cultural",Natural Attractions,"Sunrise View, Hiking, Cultural Tours",Easy,"Road, Easy",27.545,85.5397,3,"Dhulikhel, east of Kathmandu, is a hill station famous for its sunrise and sunset views over the Himalayas. Visitors can see peaks like Langtang, Gaurishankar, and Everest on clear days. The town also preserves traditional Newar architecture and culture.","From Kathmandu, drive east to Dhulikhel for panoramic views of the Himalayas.From Kathmandu, continue to Dhulikhel town and visit the viewpoint for Himalayan panoramas.",357,Popular viewpoint with Himalayan vistas and serene surroundings. Scenic spot for sunrise and mountain vistas.,Dhulikhel\download (1).jpeg; Dhulikhel\download (2).jpeg; Dhulikhel\download (3).jpeg; Dhulikhel\download (4).jpeg; Dhulikhel\download.jpeg,4.2,20.7,Low
438,shivapuri nagarjun national park,kathmandu,Oct-Mar,"National Park, Hiking",Natural Attractions,"Hiking, Nature Walks",Easy-Moderate,"Road, Moderate",27.77,85.35,3,"This national park north of Kathmandu protects forests, wildlife, and water sources for the valley. It is home to leopards, deer, and diverse bird species. Popular for hiking, it offers trails to Baghdwar, Bishnudwar, and panoramic viewpoints","From Kathmandu, drive north to reach entry points of Shivapuri Nagarjun National Park.",2148,"Biodiverse park ideal for trekking and wildlife spotting. Biodiverse park ideal for trekking, wildlife, and nature walks.",Shivapuri Nagarjun National Park\Shivapuri Nagarjun National Park 1.1.jpeg; Shivapuri Nagarjun National Park\Shivapuri Nagarjun National Park 1.10.jpeg; Shivapuri Nagarjun National Park\Shivapuri Nagarjun National Park 1.2.jpeg; Shivapuri Nagarjun National Park\Shivapuri Nagarjun National Park 1.3.jpeg; Shivapuri Nagarjun National Park\Shivapuri Nagarjun National Park 1.4.jpeg; Shivapuri Nagarjun National Park\Shivapuri Nagarjun National Park 1.5.jpeg; Shivapuri Nagarjun National Park\Shivapuri Nagarjun National Park 1.6.jpeg; Shivapuri Nagarjun National Park\Shivapuri Nagarjun National Park 1.7.jpeg; Shivapuri Nagarjun National Park\Shivapuri Nagarjun National Park 1.8.jpeg; Shivapuri Nagarjun National Park\Shivapuri Nagarjun National Park 1.9.jpeg,4.5,95.2,Very High
439,panauti,kavrepalanchok,Oct–Mar,Town; Cultural; Heritage,Cultural & Religious Sites,Cultural Tour; Photography; Local Experience; Festival Participation,Easy,Road Accessible,27.6,85.5167,3,"Panauti is a historic Newar town in Kavrepalanchok District, known for its temples, traditional houses, and the sacred confluence of rivers. It hosts the Makar Mela every 12 years, attracting thousands of pilgrims. The town preserves medieval architecture and culture.","From Kathmandu, drive east via Banepa to reach Panauti town.",321,Historical town known for temples and riverside heritage.,Panauti\Panauti 1.1.jpeg; Panauti\Panauti 1.10.jpeg; Panauti\Panauti 1.2.jpeg; Panauti\Panauti 1.3.jpeg; Panauti\Panauti 1.4.jpeg; Panauti\Panauti 1.5.jpeg; Panauti\Panauti 1.6.jpeg; Panauti\Panauti 1.7.jpeg; Panauti\Panauti 1.8.jpeg; Panauti\Panauti 1.9.jpeg,4.2,35.4,Moderate
440,bhaktapur durbar square,bhaktapur,Oct–Mar,Heritage; UNESCO,Cultural & Religious Sites,Sightseeing; Cultural Tour,Easy,Road Accessible,27.671,85.4278,3,"Another UNESCO World Heritage Site, Bhaktapur Durbar Square is renowned for its 55‑Window Palace, Vatsala Temple, and Nyatapola Temple. It reflects the grandeur of Newar craftsmanship and is a living museum of medieval Nepal.","From Kathmandu, drive northeast to Bhaktapur city to explore Bhaktapur Durbar Square.",2262,UNESCO World Heritage site with rich medieval architecture.,Bhaktapur Durbar Square\Bhaktapur Durbar Square 1.1.jpeg; Bhaktapur Durbar Square\Bhaktapur Durbar Square 1.10.jpeg; Bhaktapur Durbar Square\Bhaktapur Durbar Square 1.2.jpeg; Bhaktapur Durbar Square\Bhaktapur Durbar Square 1.3.jpeg; Bhaktapur Durbar Square\Bhaktapur Durbar Square 1.4.jpeg; Bhaktapur Durbar Square\Bhaktapur Durbar Square 1.5.jpeg; Bhaktapur Durbar Square\Bhaktapur Durbar Square 1.6.jpg; Bhaktapur Durbar Square\Bhaktapur Durbar Square 1.7.jpeg; Bhaktapur Durbar Square\Bhaktapur Durbar Square 1.8.jpeg; Bhaktapur Durbar Square\Bhaktapur Durbar Square 1.9.jpeg,4.7,98.9,Very High
441,kirtipur,kathmandu,Oct–Mar,Hill Town; Cultural; Heritage,Natural Attractions,Sightseeing; Photography; Local Culture; Walking Tour,Easy,Road Accessible,27.666,85.288,3,"Kirtipur is an ancient hilltop town southwest of Kathmandu, known for its Newar heritage, temples, and panoramic valley views. It played a significant role in Nepal’s history, resisting King Prithvi Narayan Shah’s conquest.","From Kathmandu, drive southwest to Kirtipur, a historic hill town.",139,Traditional town with cobbled streets and historic temples.,Kirtipur\Kirtipur 1.1.jpeg; Kirtipur\Kirtipur 1.10.jpeg; Kirtipur\Kirtipur 1.2.jpeg; Kirtipur\Kirtipur 1.3.jpeg; Kirtipur\Kirtipur 1.4.jpeg; Kirtipur\Kirtipur 1.5.jpeg; Kirtipur\Kirtipur 1.6.jpeg; Kirtipur\Kirtipur 1.7.jpeg; Kirtipur\Kirtipur 1.8.jpeg; Kirtipur\Kirtipur 1.9.jpeg,4.1,34.9,Low
442,sangachok village,kavrepalanchok,Oct–Mar,Village; Cultural; Nature,Natural Attractions,Homestay; Cultural Tour; Photography; Hiking,Easy,Road + Short Hike,27.583,85.55,3,Sangachok in Sindhupalchok District is a rural settlement surrounded by hills and rivers. It reflects traditional village life and is known for its resilience after the 2015 earthquake.,"From Kathmandu, drive east via Bhaktapur to reach Sangachok village.From Kathmandu, drive east via Bhaktapur to reach Sangachok Village.",125,Village known for scenic beauty and cultural charm. Traditional village with scenic surroundings and cultural charm.,Sangachok Village\Sangachok Village 1.1.jpeg; Sangachok Village\Sangachok Village 1.10.jpeg; Sangachok Village\Sangachok Village 1.2.jpeg; Sangachok Village\Sangachok Village 1.3.jpeg; Sangachok Village\Sangachok Village 1.4.jpeg; Sangachok Village\Sangachok Village 1.5.jpeg; Sangachok Village\Sangachok Village 1.6.jpeg; Sangachok Village\Sangachok Village 1.7.jpeg; Sangachok Village\Sangachok Village 1.8.jpeg; Sangachok Village\Sangachok Village 1.9.jpeg,4.5,25.7,Low
443,nagadesh temple,lalitpur,Oct–Mar,Temple; Local; Cultural,Cultural & Religious Sites,Worship; Cultural Visit; Photography,Easy,Road Accessible,27.67,85.31,3,"Nagadesh in Bhaktapur is a cultural hub with temples dedicated to serpent deities. It is famous for the Nagadesh Jatra festival, where locals celebrate with traditional dances and rituals.","From Kathmandu, drive east via Bhaktapur to reach Nagadesh Temple.From Kathmandu, drive northeast via Bhaktapur to reach Nagadesh Temple.",1056,Local temple set amidst a peaceful rural backdrop. Local temple set amidst serene rural surroundings.,Nagadesh Temple\Nagadesh Temple 1.1.jpeg; Nagadesh Temple\Nagadesh Temple 1.10.jpeg; Nagadesh Temple\Nagadesh Temple 1.2.jpeg; Nagadesh Temple\Nagadesh Temple 1.3.jpeg; Nagadesh Temple\Nagadesh Temple 1.4.jpeg; Nagadesh Temple\Nagadesh Temple 1.5.jpeg; Nagadesh Temple\Nagadesh Temple 1.6.jpeg; Nagadesh Temple\Nagadesh Temple 1.7.jpeg; Nagadesh Temple\Nagadesh Temple 1.8.jpeg; Nagadesh Temple\Nagadesh Temple 1.9.jpeg,4,76.7,High
444,sankhu,kathmandu,Oct–Mar,Village; Cultural; Heritage,Cultural & Religious Sites,Cultural Tour; Photography; Sightseeing; Festival Participation,Easy,Road Accessible,27.695,85.42,3,"Sankhu is an ancient Newar town northeast of Kathmandu, historically a trading post on the route to Tibet. It is home to the Bajrayogini Temple, a major pilgrimage site. The town preserves medieval streets and traditions.","From Kathmandu, drive northeast via Bhaktapur to reach Sankhu village.From Kathmandu, drive northeast via Bhaktapur to reach Sankhu Village.",652,Ancient town with historic temples and Newar culture. Ancient Newar town with historic temples and cobbled streets.,Lisankhu\download (1).jpeg; Lisankhu\download (2).jpeg; Lisankhu\download (3).jpeg; Lisankhu\download (4).jpeg; Lisankhu\download.jpeg,4.1,41.4,Moderate
445,khokana,lalitpur,Oct–Mar,Village; Cultural; Traditional Craft,Cultural & Religious Sites,Cultural Tour; Photography; Local Food; Pottery Workshops,Easy,Road Accessible,27.617,85.307,3,"Khokana in Lalitpur is a traditional Newar village famous for mustard oil production. It is a living heritage site with medieval houses, temples, and unique rituals like the Khokana Jatra.","From Kathmandu, drive south via Patan to reach Khokana village.",250,Heritage village famous for traditional architecture and mustard oil production.,Khokana\Khokana 1.1.jpeg; Khokana\Khokana 1.10.jpeg; Khokana\Khokana 1.2.jpeg; Khokana\Khokana 1.3.jpeg; Khokana\Khokana 1.4.jpeg; Khokana\Khokana 1.5.jpeg; Khokana\Khokana 1.6.jpeg; Khokana\Khokana 1.7.jpeg; Khokana\Khokana 1.8.jpeg; Khokana\Khokana 1.9.jpeg,3.9,39.1,Moderate
446,mahankal temple,kathmandu,Oct–Mar,Temple; Hindu; Local,Cultural & Religious Sites,Worship; Photography; Cultural Visit,Easy,Road Accessible,27.712,85.32,3,Mahankal temples are dedicated to fierce forms of Lord Shiva. The Mahankal Temple in Kathmandu is a significant shrine where devotees seek protection and blessings,"From Kathmandu, drive south or southwest via Lalitpur to reach Mahankal Temple.From Kathmandu, drive southwest via Lalitpur to reach Mahankal Temple.",981,Historic temple perched on a hilltop with panoramic views. Historic hilltop temple with religious significance.,Mahankal Temple\Mahankal Temple 1.1.jpeg; Mahankal Temple\Mahankal Temple 1.10.jpeg; Mahankal Temple\Mahankal Temple 1.2.jpeg; Mahankal Temple\Mahankal Temple 1.3.jpeg; Mahankal Temple\Mahankal Temple 1.4.jpeg; Mahankal Temple\Mahankal Temple 1.5.jpeg; Mahankal Temple\Mahankal Temple 1.6.jpeg; Mahankal Temple\Mahankal Temple 1.7.jpeg; Mahankal Temple\Mahankal Temple 1.8.jpeg; Mahankal Temple\Mahankal Temple 1.9.jpeg,4.1,77.6,High
447,chandeshwori temple,chitwan,Oct–Mar,Temple; Hindu; Local,Cultural & Religious Sites,Worship; Photography; Cultural Visit,Easy,Road Accessible,27.55,84.45,3,"Located in Banepa, Chandeshwori Temple is dedicated to Goddess Chandeshwori, a form of Durga. It is a major pilgrimage site, especially during the Chandeshwori Jatra festival.","From Kathmandu, drive southeast via Banepa to visit Chandeshwori Temple.From Kathmandu, drive east via Banepa to reach Chandeshwori Temple.",921,"Revered temple attracting devotees, especially during festivals. Popular temple attracting local devotees in Banepa.",Chandeshwori Temple\Chandeshwori Temple 1.1.jpeg; Chandeshwori Temple\Chandeshwori Temple 1.10.jpeg; Chandeshwori Temple\Chandeshwori Temple 1.2.jpeg; Chandeshwori Temple\Chandeshwori Temple 1.3.jpeg; Chandeshwori Temple\Chandeshwori Temple 1.4.jpeg; Chandeshwori Temple\Chandeshwori Temple 1.5.jpeg; Chandeshwori Temple\Chandeshwori Temple 1.6.jpeg; Chandeshwori Temple\Chandeshwori Temple 1.7.jpeg; Chandeshwori Temple\Chandeshwori Temple 1.8.jpeg; Chandeshwori Temple\Chandeshwori Temple 1.9.jpeg,4.3,74.3,High
448,balkumari temple,lalitpur,Oct–Mar,Temple; Local; Heritage,Cultural & Religious Sites,Worship; Photography; Cultural Visit,Easy,Road Accessible,27.674,85.32,3,"Balkumari Temple in Lalitpur is dedicated to Goddess Balkumari. It is central to Newar festivals and rituals, with vibrant processions and cultural performances.","From Kathmandu, drive south via Patan to reach Balkumari Temple.From Kathmandu, drive south to Patan city to visit Balkumari Temple.",700,Iconic temple known for religious events and local traditions. Important temple in Lalitpur attracting devotees during festivals.,Balkumari Temple\Balkumari Temple 1.1.jpeg; Balkumari Temple\Balkumari Temple 1.10.jpeg; Balkumari Temple\Balkumari Temple 1.2.jpeg; Balkumari Temple\Balkumari Temple 1.3.jpeg; Balkumari Temple\Balkumari Temple 1.4.jpeg; Balkumari Temple\Balkumari Temple 1.5.jpeg; Balkumari Temple\Balkumari Temple 1.6.jpeg; Balkumari Temple\Balkumari Temple 1.7.jpeg; Balkumari Temple\Balkumari Temple 1.8.jpeg; Balkumari Temple\Balkumari Temple 1.9.jpeg,4.1,69.6,High
449,sindhuligadhi,sindhuli,Oct–Mar,Fort; Historical; Scenic,Natural Attractions,Sightseeing; Photography; Trekking; History Exploration,Moderate,Road + Trekking,27.1333,85.9667,3,Sindhuligadhi Fort in Sindhuli District is a historic site where Nepali forces defeated the British in 1767. The fort symbolizes Nepal’s military pride and offers panoramic views of hills and valleys.,"From Kathmandu, drive southeast via Charikot and Sindhuli Bazaar to reach Sindhuligadhi.",14,Historic fort with panoramic hill views and cultural significance. Historic fort with panoramic views of surrounding hills.,Sindhuligadhi\Sindhuligadhi 1.1.jpeg; Sindhuligadhi\Sindhuligadhi 1.10.jpeg; Sindhuligadhi\Sindhuligadhi 1.2.jpeg; Sindhuligadhi\Sindhuligadhi 1.3.jpeg; Sindhuligadhi\Sindhuligadhi 1.4.jpeg; Sindhuligadhi\Sindhuligadhi 1.5.jpeg; Sindhuligadhi\Sindhuligadhi 1.6.jpeg; Sindhuligadhi\Sindhuligadhi 1.7.jpeg; Sindhuligadhi\Sindhuligadhi 1.8.jpeg; Sindhuligadhi\Sindhuligadhi 1.9.jpeg,4.8,12.2,Very Low
450,manakamana temple,gorkha,Oct–Mar,Temple; Pilgrimage; Cable Car,Cultural & Religious Sites,Worship; Cable Car Ride; Photography,Easy,Road + Cable Car,27.6789,84.5723,3,"Manakamana Temple in Gorkha District is dedicated to Goddess Bhagwati, believed to fulfill wishes. Accessible by cable car, it is one of Nepal’s most visited pilgrimage sites","From Kathmandu, drive to Kurintar in Chitwan District, then take the cable car to reach Manakamana Temple.",1000,"Famous temple accessed by cable car, known for wish fulfillment.",Manakamana Temple\Manakamana Temple 1.1.jpeg; Manakamana Temple\Manakamana Temple 1.10.jpeg; Manakamana Temple\Manakamana Temple 1.2.jpeg; Manakamana Temple\Manakamana Temple 1.3.jpeg; Manakamana Temple\Manakamana Temple 1.4.jpeg; Manakamana Temple\Manakamana Temple 1.5.jpeg; Manakamana Temple\Manakamana Temple 1.6.jpeg; Manakamana Temple\Manakamana Temple 1.7.jpeg; Manakamana Temple\Manakamana Temple 1.8.jpeg; Manakamana Temple\Manakamana Temple 1.9.jpeg,3.9,64.4,High
451,netra lake,dhading,Oct–Mar,Lake; Scenic,Natural Attractions,Sightseeing; Photography,Easy,Road Accessible,27.7,85.6,3,"Netra Lake in Sindhuli District is a small natural lake surrounded by forests. It is a peaceful spot for picnics and local rituals, reflecting the ecological beauty of the region","From Kathmandu, drive southwest via Hetauda and reach Netra Lake near Chitwan National Park.From Kathmandu, drive south via Hetauda and Chitwan District to reach Netra Lake.",73,Serene lake ideal for relaxation and scenic photography. Peaceful lake perfect for relaxation and photography.,Netra Lake\Netra Lake 1.1.jpeg; Netra Lake\Netra Lake 1.10.jpeg; Netra Lake\Netra Lake 1.2.jpeg; Netra Lake\Netra Lake 1.3.jpeg; Netra Lake\Netra Lake 1.4.jpeg; Netra Lake\Netra Lake 1.5.jpeg; Netra Lake\Netra Lake 1.6.jpeg; Netra Lake\Netra Lake 1.7.jpeg; Netra Lake\Netra Lake 1.8.jpeg; Netra Lake\Netra Lake 1.9.jpeg,4.3,18.4,Low
452,tau daha,kathmandu,Oct–Mar,Lake; Nature; Birdwatching,Natural Attractions,Sightseeing; Photography; Birdwatching; Picnic,Easy,Road Accessible,27.571,85.316,3,"Tau Daha, near Kirtipur, is a sacred pond associated with serpent deities. It is popular for birdwatching and local rituals, offering a tranquil escape close to Kathmandu","From Kathmandu, drive south via Hetauda and Chitwan District to reach Tau Daha, a serene local lake.",74,Peaceful small lake surrounded by natural greenery.,Daha\download (1).jpeg; Daha\download (2).jpeg; Daha\download (3).jpeg; Daha\download (4).jpeg; Daha\download.jpeg,4,18.7,Low
453,bungamati,lalitpur,Oct–Mar,Village; Cultural; Newar,Cultural & Religious Sites,Cultural Tour; Photography; Traditional Craft Experience,Easy,Road Accessible,27.599,85.316,3,"Bungamati in Lalitpur is a traditional Newar village, home to the deity Rato Machhindranath. It is known for its medieval architecture, woodcarving, and cultural festivals.","From Kathmandu, drive southwest to Lalitpur and visit Bungamati village known for its traditional Newar culture.From Kathmandu, drive southwest to Lalitpur and visit Bungamati village.",500,Traditional Newar village known for woodcarving and culture. Heritage Newar village known for woodcarving and temples.,Bungamati\Bungamati 1.1.jpeg; Bungamati\Bungamati 1.10.jpeg; Bungamati\Bungamati 1.2.jpeg; Bungamati\Bungamati 1.3.jpeg; Bungamati\Bungamati 1.4.jpeg; Bungamati\Bungamati 1.5.jpeg; Bungamati\Bungamati 1.6.jpeg; Bungamati\Bungamati 1.7.jpeg; Bungamati\Bungamati 1.8.jpeg; Bungamati\Bungamati 1.9.jpeg,4.4,24,Low
454,gosaikunda lake,rasuwa,Aug–Oct,Lake; Trekking; Pilgrimage,Trekking & Adventure,Trekking; Photography; Pilgrimage; Camping,Hard,Road + Trekking,28.1725,85.491,3,"Gosaikunda in Rasuwa District is a sacred alpine lake at 4,380 meters. Revered by Hindus and Buddhists, it is linked to Lord Shiva and attracts thousands of pilgrims during Janai Purnima.","From Kathmandu, drive north to Dhunche, then trek to Gosaikunda Lake in Rasuwa District.",600,Sacred alpine lake and popular trekking destination.,Gosaikunda Lake\Gosaikunda Lake 1.1.jpeg; Gosaikunda Lake\Gosaikunda Lake 1.10.jpeg; Gosaikunda Lake\Gosaikunda Lake 1.2.jpeg; Gosaikunda Lake\Gosaikunda Lake 1.3.jpeg; Gosaikunda Lake\Gosaikunda Lake 1.4.jpeg; Gosaikunda Lake\Gosaikunda Lake 1.5.jpeg; Gosaikunda Lake\Gosaikunda Lake 1.6.jpeg; Gosaikunda Lake\Gosaikunda Lake 1.7.jpeg; Gosaikunda Lake\Gosaikunda Lake 1.8.jpeg; Gosaikunda Lake\Gosaikunda Lake 1.9.jpeg,4.8,49.3,Moderate
455,daman,makwanpur,Oct–Mar,Hill Station; Scenic; Mountain View,Natural Attractions,Sightseeing; Photography,Easy,Road Accessible,27.5667,85.2833,3,"Daman in Makwanpur District is a hill station offering panoramic views of the Himalayas, including Everest and Dhaulagiri. It is surrounded by forests and is ideal for hiking and relaxation.","From Kathmandu, drive south via Hetauda and Kulekhani to reach Daman for panoramic Himalayan views.",369,Hill station offering Himalayan views and a calm getaway.,Daman\Daman 1.1.jpeg; Daman\Daman 1.10.jpeg; Daman\Daman 1.2.jpeg; Daman\Daman 1.3.jpeg; Daman\Daman 1.4.jpeg; Daman\Daman 1.5.jpeg; Daman\Daman 1.6.jpeg; Daman\Daman 1.7.jpeg; Daman\Daman 1.8.jpeg; Daman\Daman 1.9.jpeg,3.9,18,Low
456,phulchowki,lalitpur,Mar–May; Sep–Nov,Hill; Nature; Trekking,Trekking & Adventure,Hiking; Photography; Birdwatching; Nature Walks,Moderate,Road + Trekking,27.6128,85.3553,3,"Phulchowki, the highest hill near Kathmandu Valley, is famous for its rhododendron forests and birdlife. It offers sweeping views of the valley and distant Himalayan ranges, making it a favorite hiking destination.","From Kathmandu, drive south to Godavari or Chapagaun to reach Phulchowki hill viewpoints.",700,"Highest hill near Kathmandu, famous for trekking and birdwatching.",Phulchowki\download (1).jpeg; Phulchowki\download (2).jpeg; Phulchowki\download (3).jpeg; Phulchowki\download (5).jpeg; Phulchowki\download.jpeg,4.9,40.2,Moderate
457,dhulikhel,kavrepalanchok,Oct–Mar,Town; Hill Station; Mountain View,Natural Attractions,Sightseeing; Photography; Hiking; Cultural Tour,Easy,Road Accessible,27.6233,85.55,3,"A charming hill town east of Kathmandu, Dhulikhel is famous for its panoramic Himalayan views stretching from Annapurna to Gaurishankar. Its traditional Newari architecture, cobbled streets, and vibrant temples make it both a cultural and scenic destination. Sunrise and sunset views here are particularly breathtaking.","From Kathmandu, drive east to Dhulikhel for Himalayan vistas and local temples.From Kathmandu, drive east to Dhulikhel town for valley views and temples.From Kathmandu, drive east to Dhulikhel town.",60,Town with rich culture and spectacular mountain viewpoints. Hill town offering stunning views of the Himalayas and cultural experiences. Hill town offering Himalayan views and traditional culture.,Dhulikhel\download (1).jpeg; Dhulikhel\download (2).jpeg; Dhulikhel\download (3).jpeg; Dhulikhel\download (4).jpeg; Dhulikhel\download.jpeg,4.2,15.2,Low
458,chandragiri hills,kathmandu,Oct–Mar,Hill; Cable Car; Mountain View,Natural Attractions,Cable Car Ride; Sightseeing; Photography; Hiking,Easy,Road + Cable Car,27.6324,85.2335,3,"Located southwest of Kathmandu, Chandragiri Hills offers sweeping views of the valley and the Himalayas. A cable car ride takes visitors to the hilltop, where the Bhaleshwor Mahadev Temple sits. It’s a blend of spiritual significance and natural beauty","From Kathmandu, drive southwest via Thankot to reach Chandragiri Hills and take the cable car.",2005,Scenic hill area with cable car access and Himalayan panoramas.,Chandragiri Hills\Chandragiri Hills 1.1.jpeg; Chandragiri Hills\Chandragiri Hills 1.10.jpeg; Chandragiri Hills\Chandragiri Hills 1.2.jpeg; Chandragiri Hills\Chandragiri Hills 1.3.jpeg; Chandragiri Hills\Chandragiri Hills 1.4.jpeg; Chandragiri Hills\Chandragiri Hills 1.5.jpeg; Chandragiri Hills\Chandragiri Hills 1.6.jpeg; Chandragiri Hills\Chandragiri Hills 1.7.jpeg; Chandragiri Hills\Chandragiri Hills 1.8.jpeg; Chandragiri Hills\Chandragiri Hills 1.9.jpeg,4.4,86.6,Very High
459,chhahare waterfall,nuwakot,Oct–Mar,Waterfall; Nature; Offbeat,Natural Attractions,Sightseeing; Photography; Short Hike,Easy,Road + Short Hike,27.95,85.2,3,"Hidden in lush greenery near Nuwakot, Chhahare Waterfall is a serene escape for nature lovers. Its cascading waters and tranquil surroundings make it a perfect spot for picnics and short hikes.","From Kathmandu, drive southwest via Godavari or Chapagaun to reach Chhahare Waterfall.From Kathmandu, drive southwest via Chapagaun to revisit Chhahare Waterfall.",450,Refreshing waterfall set amidst lush greenery. Refreshing waterfall set amidst lush forest.,Chhahare Waterfall\Chhahare Waterfall 1.1.jpeg; Chhahare Waterfall\Chhahare Waterfall 1.10.jpeg; Chhahare Waterfall\Chhahare Waterfall 1.2.jpeg; Chhahare Waterfall\Chhahare Waterfall 1.3.jpeg; Chhahare Waterfall\Chhahare Waterfall 1.4.jpeg; Chhahare Waterfall\Chhahare Waterfall 1.5.jpeg; Chhahare Waterfall\Chhahare Waterfall 1.6.jpeg; Chhahare Waterfall\Chhahare Waterfall 1.7.jpeg; Chhahare Waterfall\Chhahare Waterfall 1.8.jpeg; Chhahare Waterfall\Chhahare Waterfall 1.9.jpeg,4.4,27.4,Low
460,indrasarovar lake,nuwakot,Oct–Mar,Lake; Scenic; Picnic,Natural Attractions,Sightseeing; Photography; Picnic; Short Hike,Easy,Road + Short Hike,27.9833,85.1833,3,"Nepal’s largest man-made lake, Indrasarovar lies in Makwanpur district. Surrounded by forested hills, it is a peaceful retreat ideal for boating and birdwatching.","From Kathmandu, drive northeast via Nuwakot to reach Indrasarovar Lake.",79,Beautiful lake ideal for boating and photography.,Indrasarovar Lake\Indrasarovar Lake 1.10.jpeg; Indrasarovar Lake\Indrasarovar Lake 1.2.jpeg; Indrasarovar Lake\Indrasarovar Lake 1.3.jpeg; Indrasarovar Lake\Indrasarovar Lake 1.4.jpeg; Indrasarovar Lake\Indrasarovar Lake 1.5.jpeg; Indrasarovar Lake\Indrasarovar Lake 1.6.jpeg; Indrasarovar Lake\Indrasarovar Lake 1.7.jpeg; Indrasarovar Lake\Indrasarovar Lake 1.8.jpeg; Indrasarovar Lake\Indrasarovar Lake 1.9.jpeg,4.4,19.8,Low
461,pashupatinath temple,kathmandu,Oct-Mar,"Religious, UNESCO",Cultural & Religious Sites,"Pilgrimage, Cultural",Easy,"Road, Easy",27.71,85.3486,3,"One of the holiest Hindu temples in the world, Pashupatinath on the banks of the Bagmati River is dedicated to Lord Shiva. It is a UNESCO World Heritage Site and a center of spiritual energy, especially during Maha Shivaratri.","From Kathmandu, head east within the city to reach the sacred Pashupatinath Temple.",14200,Iconic Hindu temple and UNESCO World Heritage site.,Pashupatinath Temple\Pashupatinath Temple 1.1.jpeg; Pashupatinath Temple\Pashupatinath Temple 1.10.jpeg; Pashupatinath Temple\Pashupatinath Temple 1.2.jpeg; Pashupatinath Temple\Pashupatinath Temple 1.3.jpeg; Pashupatinath Temple\Pashupatinath Temple 1.4.jpeg; Pashupatinath Temple\Pashupatinath Temple 1.5.jpeg; Pashupatinath Temple\Pashupatinath Temple 1.6.jpeg; Pashupatinath Temple\Pashupatinath Temple 1.7.jpeg; Pashupatinath Temple\Pashupatinath Temple 1.8.jpeg; Pashupatinath Temple\Pashupatinath Temple 1.9.jpeg,4.2,78.3,High
462,chitwan national park,chitwan,Oct-Mar,"Wildlife, Safari",Wildlife & Conservation,"Jungle Safari, Bird Watching, Tharu Culture",Easy-Moderate,"Road, Moderate",27.5299,84.3542,3,"A UNESCO World Heritage Site, Chitwan National Park is Nepal’s premier wildlife reserve. It is home to Bengal tigers, one-horned rhinoceroses, elephants, and diverse bird species. Jungle safaris and canoe rides are popular activities here.","From Kathmandu, drive south via Mugling and Tandi to reach Chitwan National Park.From Kathmandu, drive south via Mugling and Tandi to reach Chitwan National Park again.",2283,"Famous wildlife reserve home to rhinos, tigers, and elephants. Famous wildlife park with rhinos, tigers, and birdwatching.",Chitwan National Park\Chitwan National Park 1.1.jpeg; Chitwan National Park\Chitwan National Park 1.10.jpeg; Chitwan National Park\Chitwan National Park 1.2.jpeg; Chitwan National Park\Chitwan National Park 1.3.jpeg; Chitwan National Park\Chitwan National Park 1.4.jpeg; Chitwan National Park\Chitwan National Park 1.5.jpeg; Chitwan National Park\Chitwan National Park 1.6.jpeg; Chitwan National Park\Chitwan National Park 1.7.jpeg; Chitwan National Park\Chitwan National Park 1.8.jpeg; Chitwan National Park\Chitwan National Park 1.9.jpeg,4.5,91.3,Very High
463,dhading hidden village trail,dhading,Oct–Mar,Village; Trekking; Offbeat,Trekking & Adventure,Photography; Short Trek; Village Visit,Moderate,Road + Trek,27.92,85.05,3,"This trail explores remote villages in Dhading district, offering authentic glimpses of rural life. It combines terraced fields, traditional houses, and warm hospitality with scenic mountain backdrops.","From Kathmandu, drive northwest via Naubise to Dhading District, then trek along the hidden village trail.From Kathmandu, drive northwest via Naubise to Dhading District and trek again on the hidden village trail.",123,Scenic trekking route with authentic rural villages. Trekking route through authentic rural Himalayan villages.,Dhading Hidden Village Trail\Dhading Hidden Village Trail 1.1.jpeg; Dhading Hidden Village Trail\Dhading Hidden Village Trail 1.10.jpeg; Dhading Hidden Village Trail\Dhading Hidden Village Trail 1.2.jpeg; Dhading Hidden Village Trail\Dhading Hidden Village Trail 1.3.jpeg; Dhading Hidden Village Trail\Dhading Hidden Village Trail 1.4.jpeg; Dhading Hidden Village Trail\Dhading Hidden Village Trail 1.5.jpeg; Dhading Hidden Village Trail\Dhading Hidden Village Trail 1.6.jpeg; Dhading Hidden Village Trail\Dhading Hidden Village Trail 1.7.jpeg; Dhading Hidden Village Trail\Dhading Hidden Village Trail 1.8.jpeg; Dhading Hidden Village Trail\Dhading Hidden Village Trail 1.9.jpeg,4.6,25.6,Low
464,boudhanath stupa,kathmandu,Oct-Mar,"Religious, Cultural, UNESCO",Cultural & Religious Sites,"Pilgrimage, Meditation, Sightseeing",Easy,"Road, Easy",27.7215,85.362,3,"One of the largest spherical stupas in the world, Boudhanath is a spiritual hub for Tibetan Buddhism. Its massive white dome and prayer flags create a serene atmosphere, attracting pilgrims and tourists alike.","Within Kathmandu, drive northeast to Boudhanath Stupa.",14200,Massive Buddhist stupa and spiritual center of Kathmandu.,Boudhanath Stupa\download (1).jpeg; Boudhanath Stupa\download (2).jpeg; Boudhanath Stupa\download (3).jpeg; Boudhanath Stupa\download.jpeg; Boudhanath Stupa\images.jpeg,4.4,15.5,Low
465,swayambhunath stupa (monkey temple),kathmandu,Oct–Mar,Stupa; Buddhist; Heritage,Cultural & Religious Sites,Sightseeing; Photography; Cultural Tour,Moderate,Road + Stairs,27.7149,85.29,3,"Perched atop a hill overlooking Kathmandu, Swayambhunath is both a Buddhist and Hindu site. Its golden spire, prayer wheels, and resident monkeys make it iconic. The view of Kathmandu Valley from here is unmatched.","Within Kathmandu, drive west to Swayambhunath Stupa.",14200,Ancient hilltop stupa with panoramic valley views.,Swayambhunath Stupa\Swayambhunath Stupa 1.1.jpeg; Swayambhunath Stupa\Swayambhunath Stupa 1.10.jpeg; Swayambhunath Stupa\Swayambhunath Stupa 1.2.jpeg; Swayambhunath Stupa\Swayambhunath Stupa 1.3.jpeg; Swayambhunath Stupa\Swayambhunath Stupa 1.4.jpeg; Swayambhunath Stupa\Swayambhunath Stupa 1.5.jpeg; Swayambhunath Stupa\Swayambhunath Stupa 1.6.jpeg; Swayambhunath Stupa\Swayambhunath Stupa 1.7.jpeg; Swayambhunath Stupa\Swayambhunath Stupa 1.8.jpeg; Swayambhunath Stupa\Swayambhunath Stupa 1.9.jpeg,4,81.1,High
466,pharping,kathmandu,Oct–Mar,Spiritual; Monasteries; Heritage,Cultural & Religious Sites,Sightseeing; Cultural Tour; Meditation; Photography,Easy,Road Accessible,27.55,85.283,3,"A spiritual town south of Kathmandu, Pharping is known for Buddhist monasteries, caves where Guru Padmasambhava meditated, and Hindu shrines. It’s a blend of tantric traditions and peaceful retreats.","From Kathmandu, drive south via Kirtipur to Pharping for Buddhist meditation sites.From Kathmandu, drive southwest via Kirtipur to reach Pharping, a Buddhist meditation site.",357,Spiritual site with Buddhist monasteries and meditation centers. Spiritual area with Buddhist monasteries and meditation centers.,Pharping\download (1).jpeg; Pharping\download (2).jpeg; Pharping\download (4).jpeg; Pharping\download.jpeg; Pharping\images.jpeg,3.9,20.3,Low
467,nuwakot palace,nuwakot,Oct–Mar,Palace; Heritage; History,Cultural & Religious Sites,Sightseeing; Photography; Cultural Tour,Easy,Road Accessible,27.9667,85.1667,3,"This historic palace complex, built in the 18th century by King Prithvi Narayan Shah, showcases traditional architecture. It played a key role in Nepal’s unification and offers sweeping views of the Trishuli River valley.","From Kathmandu, drive north via Tokha and Bidur to reach Nuwakot Palace.",76,Historic palace offering insights into Nepalese architecture.,Nuwakot Palace\Nuwakot Palace 1.1.jpeg; Nuwakot Palace\Nuwakot Palace 1.10.jpeg; Nuwakot Palace\Nuwakot Palace 1.2.jpeg; Nuwakot Palace\Nuwakot Palace 1.3.jpeg; Nuwakot Palace\Nuwakot Palace 1.4.jpeg; Nuwakot Palace\Nuwakot Palace 1.5.jpeg; Nuwakot Palace\Nuwakot Palace 1.6.jpeg; Nuwakot Palace\Nuwakot Palace 1.7.jpeg; Nuwakot Palace\Nuwakot Palace 1.8.jpeg; Nuwakot Palace\Nuwakot Palace 1.9.jpeg,4.1,19.2,Low
468,siddhi ganesh temple,kathmandu,Oct–Mar,Temple; Hindu; Local,Cultural & Religious Sites,Worship; Photography; Cultural Visit,Easy,Road Accessible,27.7105,85.321,3,"A revered temple in Bhaktapur, Siddhi Ganesh is dedicated to Lord Ganesh, the remover of obstacles. It is a local spiritual landmark with cultural importance.","From Kathmandu, drive southwest to Chobhar to reach Siddhi Ganesh Temple.",984,"Iconic temple dedicated to Lord Ganesh, rich in local devotion. Revered temple dedicated to Lord Ganesh in Kathmandu Valley.",Siddhi Ganesh Temple\Siddhi Ganesh Temple 1.1.jpeg; Siddhi Ganesh Temple\Siddhi Ganesh Temple 1.10.jpeg; Siddhi Ganesh Temple\Siddhi Ganesh Temple 1.2.jpeg; Siddhi Ganesh Temple\Siddhi Ganesh Temple 1.3.jpeg; Siddhi Ganesh Temple\Siddhi Ganesh Temple 1.4.jpeg; Siddhi Ganesh Temple\Siddhi Ganesh Temple 1.5.jpeg; Siddhi Ganesh Temple\Siddhi Ganesh Temple 1.6.jpeg; Siddhi Ganesh Temple\Siddhi Ganesh Temple 1.7.jpeg; Siddhi Ganesh Temple\Siddhi Ganesh Temple 1.8.jpeg; Siddhi Ganesh Temple\Siddhi Ganesh Temple 1.9.jpeg,4.2,80.3,High
469,seto machhendranath temple,kathmandu,Oct–Mar,Temple; Hindu; Buddhist,Cultural & Religious Sites,Worship; Cultural Tour; Festival Participation,Easy,Road Accessible,27.705,85.312,3,"Located in Kathmandu, this temple is dedicated to Avalokiteshvara, the Bodhisattva of Compassion. The annual Seto Machhendranath Jatra is a vibrant festival celebrated here.","From Kathmandu, drive to Patan city to visit Seto Machhendranath Temple.From Kathmandu, drive south to Patan city to visit Seto Machhendranath Temple.",987,Famous temple in Patan celebrating traditional festivals. Major temple in Patan associated with local festivals.,Seto Machhendranath\Seto Machhendranath Temple 1.1.jpeg; Seto Machhendranath\Seto Machhendranath Temple 1.10.jpeg; Seto Machhendranath\Seto Machhendranath Temple 1.2.jpeg; Seto Machhendranath\Seto Machhendranath Temple 1.3.jpeg; Seto Machhendranath\Seto Machhendranath Temple 1.4.jpeg; Seto Machhendranath\Seto Machhendranath Temple 1.7.jpeg; Seto Machhendranath\Seto Machhendranath Temple 1.8.jpeg; Seto Machhendranath\Seto Machhendranath Temple 1.9.jpeg; Seto Machhendranath\Seto Machhendranath Temple1.5.jpeg; Seto Machhendranath\Seto Machhendranath Temple1.6.jpeg,4.4,65.2,High
470,thimi,bhaktapur,Oct–Mar,Village; Pottery; Cultural,Cultural & Religious Sites,Cultural Tour; Photography; Pottery Workshops; Local Food,Easy,Road Accessible,27.67,85.426,3,"A traditional Newar town between Bhaktapur and Kathmandu, Thimi is famous for pottery, masks, and festivals. Its streets are lined with artisans and colorful traditions.","From Kathmandu, drive southeast to Thimi town near Patan for traditional temples.From Kathmandu, drive southeast to Thimi near Patan for temples and local culture.",73,Heritage town known for pottery and traditional Newar lifestyle. Heritage town known for pottery and traditional Newar lifestyle.,Thimi\Thimi 1.1.jpeg; Thimi\Thimi 1.10.jpeg; Thimi\Thimi 1.2.jpeg; Thimi\Thimi 1.3.jpeg; Thimi\Thimi 1.4.jpeg; Thimi\Thimi 1.5.jpeg; Thimi\Thimi 1.6.jpeg; Thimi\Thimi 1.7.jpeg; Thimi\Thimi 1.8.jpeg; Thimi\Thimi 1.9.jpeg,4.4,18.3,Low
471,rolwaling valley,dolakha,"Spring, Autumn","Trekking, Mountains",Natural Attractions,"Trekking, Camping",Hard,Trek,27.8667,86.35,3,"A remote Himalayan valley, Rolwaling is known for rugged treks, glaciers, and views of Gaurishankar. It’s less crowded than other trekking routes, offering pristine wilderness","From Kathmandu, drive to Jagat in Dolakha District, then trek to Rolwaling Valley.From Kathmandu, drive to Jagat in Dolakha District, then trek into Rolwaling Valley.",125,Remote Himalayan valley offering trekking and stunning scenery. Remote Himalayan valley ideal for trekking and adventure.,Rolwaling Valley\Rolwaling Valley 1.1.jpeg; Rolwaling Valley\Rolwaling Valley 1.10.jpeg; Rolwaling Valley\Rolwaling Valley 1.2.jpeg; Rolwaling Valley\Rolwaling Valley 1.3.jpeg; Rolwaling Valley\Rolwaling Valley 1.4.jpeg; Rolwaling Valley\Rolwaling Valley 1.5.jpeg; Rolwaling Valley\Rolwaling Valley 1.6.jpeg; Rolwaling Valley\Rolwaling Valley 1.7.jpeg; Rolwaling Valley\Rolwaling Valley 1.8.jpeg; Rolwaling Valley\Rolwaling Valley 1.9.jpeg,4.8,19.2,Low
472,kalinchowk bhagwati,dolakha,"Winter (Snow), Autumn","Religious, Hill Station",Natural Attractions,"Pilgrimage, Cable Car, Snow Activities",Moderate,Road + Cable Car,27.75,86.0833,3,"A hilltop temple in Dolakha district, Kalinchowk Bhagwati is a pilgrimage site dedicated to Goddess Bhagwati. In winter, it transforms into a snowy wonderland popular for short treks","From Kathmandu, drive northeast via Charikot to reach Dolakha District and trek to Kalinchowk Bhagwati Temple.From Kathmandu, drive northeast via Charikot and Dolakha to trek to Kalinchowk Bhagwati Temple again.",136,Famous hilltop temple with Himalayan vistas. Famous hilltop temple with Himalayan panorama.,Kalinchowk Bhagwati\Kalinchowk Bhagwati 1.1.jpeg; Kalinchowk Bhagwati\Kalinchowk Bhagwati 1.10.jpeg; Kalinchowk Bhagwati\Kalinchowk Bhagwati 1.2.jpeg; Kalinchowk Bhagwati\Kalinchowk Bhagwati 1.3.jpeg; Kalinchowk Bhagwati\Kalinchowk Bhagwati 1.4.jpeg; Kalinchowk Bhagwati\Kalinchowk Bhagwati 1.5.jpeg; Kalinchowk Bhagwati\Kalinchowk Bhagwati 1.6.jpeg; Kalinchowk Bhagwati\Kalinchowk Bhagwati 1.7.jpeg; Kalinchowk Bhagwati\Kalinchowk Bhagwati 1.8.jpeg; Kalinchowk Bhagwati\Kalinchowk Bhagwati 1.9.jpeg,4.2,30.3,Low
473,nagarkot viewpoint,bhaktapur,Oct-Mar,"Viewpoint, Hill Station",Natural Attractions,"Sunrise Views, Hiking",Easy,"Road, Easy",27.6934,85.425,3,"Nagarkot is one of the best places near Kathmandu to witness sunrise and sunset over the Himalayas. On clear days, even Mount Everest can be seen.","From Kathmandu, drive east to Nagarkot for panoramic Himalayan views.From Kathmandu, drive east along the Araniko Highway to reach Nagarkot for panoramic Himalayan views.",101,Classic spot for sunrise and panoramic Himalayan views. Famous viewpoint offering Himalayan sunrise views.,Nagarkot\Nagarkot 1.1.jpeg; Nagarkot\Nagarkot 1.10.jpeg; Nagarkot\Nagarkot 1.2.jpeg; Nagarkot\Nagarkot 1.3.jpeg; Nagarkot\Nagarkot 1.4.jpeg; Nagarkot\Nagarkot 1.5.jpeg; Nagarkot\Nagarkot 1.6.jpeg; Nagarkot\Nagarkot 1.7.jpeg; Nagarkot\Nagarkot 1.8.jpeg; Nagarkot\Nagarkot 1.9.jpeg,4.5,25.4,Low
474,langtang valley upper trek,rasuwa,Mar–May; Sep–Nov,Trekking; Scenic; Nature; Mountains,Trekking & Adventure,Trekking; Camping; Photography; Wildlife Observation,Hard,Road + Trek,28.22,85.5,3,"This trek explores the Langtang region north of Kathmandu, offering alpine meadows, glaciers, and Tamang culture. It’s a moderate trek with stunning Himalayan scenery.","From Kathmandu, drive north via Sundarijal and Syabrubesi, then trek into Langtang Valley.",250,Scenic trekking route with mountain vistas and glaciers.,Langtang Valley\Langtang Valley 1.1.jpeg; Langtang Valley\Langtang Valley 1.10.jpeg; Langtang Valley\Langtang Valley 1.2.jpeg; Langtang Valley\Langtang Valley 1.3.jpeg; Langtang Valley\Langtang Valley 1.4.jpeg; Langtang Valley\Langtang Valley 1.5.jpeg; Langtang Valley\Langtang Valley 1.6.jpeg; Langtang Valley\Langtang Valley 1.7.jpeg; Langtang Valley\Langtang Valley 1.8.jpeg; Langtang Valley\Langtang Valley 1.9.jpeg,4.7,24.5,Low
475,lalitpur tiny temple,lalitpur,Oct–Mar,Temple; Local; Cultural,Cultural & Religious Sites,Worship; Photography; Short Walk,Easy,Road Accessible,27.66,85.32,3,"Scattered across Lalitpur are small, intricate temples reflecting Newar craftsmanship. These tiny shrines are often tucked into courtyards, showcasing devotion and artistry.","From Kathmandu, drive south to Lalitpur city and explore small temples in the area.",1054,Small heritage temple showcasing Newar architecture.,Lalitpur\Lalitpur  1.1.jpeg; Lalitpur\Lalitpur 1.10.jpeg; Lalitpur\Lalitpur 1.2.jpeg; Lalitpur\Lalitpur 1.3.jpeg; Lalitpur\Lalitpur 1.4.jpeg; Lalitpur\Lalitpur 1.5.jpeg; Lalitpur\Lalitpur 1.6.jpeg; Lalitpur\Lalitpur 1.7.jpeg; Lalitpur\Lalitpur 1.8.jpeg; Lalitpur\Lalitpur 1.9.jpeg,4,83.7,High
476,langtang upper trek,rasuwa,Mar–May; Sep–Nov,Trekking; Nature; Scenic,Trekking & Adventure,Trekking; Camping; Photography; Wildlife Observation,Hard,Road + Trekking,28.22,85.5,3,"A district bordering Tibet, Rasuwa is known for Langtang National Park, hot springs, and Tamang heritage. It’s a gateway to Himalayan treks and cultural exploration.","From Kathmandu, drive north to Syabrubesi, then trek further into Langtang Upper Valley.From Kathmandu, drive north to Syabrubesi and begin trekking into Langtang Upper Valley again.",330,Trekking route leading to alpine landscapes and remote villages. Trekking route offering alpine landscapes and remote villages.,Langtang Upper Trek\download (1).jpeg; Langtang Upper Trek\download (2).jpeg; Langtang Upper Trek\download (3).jpeg; Langtang Upper Trek\download (4).jpeg; Langtang Upper Trek\download.jpeg,4.7,26.7,Low
477,rasuwa,rasuwa,Oct–Nov,"Trekking, Nature",Trekking & Adventure,"Trekking, Photography",Hard,Trek route,28.216,85.433,3,"A district bordering Tibet, Rasuwa is known for Langtang National Park, hot springs, and Tamang heritage. It’s a gateway to Himalayan treks and cultural exploration.","From Kathmandu, drive north via Trishuli Bazaar to reach Rasuwa District.",700,Himalayan border district with trekking trails and cultural sites. Himalayan border district with trekking trails and cultural sites.,Rasuwa\Rasuwa 1.1.jpeg; Rasuwa\Rasuwa 1.10.jpeg; Rasuwa\Rasuwa 1.2.jpeg; Rasuwa\Rasuwa 1.3.jpeg; Rasuwa\Rasuwa 1.4.jpeg; Rasuwa\Rasuwa 1.5.jpeg; Rasuwa\Rasuwa 1.6.jpeg; Rasuwa\Rasuwa 1.7.jpeg; Rasuwa\Rasuwa 1.8.jpeg; Rasuwa\Rasuwa 1.9.jpeg,4.8,36.3,Moderate
478,kathmandu,kathmandu,Oct–Feb,"City, Cultural",Cultural & Religious Sites,"Sightseeing, Shopping",Easy,Road accessible,27.7172,85.324,3,"The capital city of Nepal, Kathmandu is a vibrant mix of ancient temples, bustling streets, and cultural heritage. Durbar Square, Thamel, and spiritual sites make it a hub of history and modern life.",Start at Kathmandu city itself.Return to Kathmandu city center.,2299,"Capital city blending history, culture, and urban life. Capital city blending history, culture, and vibrant urban life.",Kathmandu\Kathmandu 1.1.jpeg; Kathmandu\Kathmandu 1.10.jpeg; Kathmandu\Kathmandu 1.2.jpeg; Kathmandu\Kathmandu 1.3.jpeg; Kathmandu\Kathmandu 1.4.jpeg; Kathmandu\Kathmandu 1.5.jpeg; Kathmandu\Kathmandu 1.6.jpeg; Kathmandu\Kathmandu 1.7.jpeg; Kathmandu\Kathmandu 1.8.jpeg; Kathmandu\Kathmandu 1.9.jpeg,4.6,97.7,Very High
479,chitwan,chitwan,Oct–Feb,"Wildlife, Nature",Natural Attractions,"Safari, Photography",Easy,Road accessible,27.5345,84.3542,3,"Beyond the national park, Chitwan district offers Tharu culture, traditional villages, and river landscapes. It’s a blend of wildlife and cultural immersion.","From Kathmandu, drive southwest via Mugling and Tandi to reach Chitwan District.",2264,"Town adjacent to Chitwan National Park, gateway for wildlife tourism.",Chitwan National Park\Chitwan National Park 1.1.jpeg; Chitwan National Park\Chitwan National Park 1.10.jpeg; Chitwan National Park\Chitwan National Park 1.2.jpeg; Chitwan National Park\Chitwan National Park 1.3.jpeg; Chitwan National Park\Chitwan National Park 1.4.jpeg; Chitwan National Park\Chitwan National Park 1.5.jpeg; Chitwan National Park\Chitwan National Park 1.6.jpeg; Chitwan National Park\Chitwan National Park 1.7.jpeg; Chitwan National Park\Chitwan National Park 1.8.jpeg; Chitwan National Park\Chitwan National Park 1.9.jpeg,4.6,98.4,Very High
480,lalitpur / chapagaun,lalitpur / chapagaun,Oct–Feb,"Cultural, Temple",Cultural & Religious Sites,"Sightseeing, Photography",Easy,Road accessible,27.65,85.3,3,Chapagaun in Lalitpur is a traditional village with rich Newar culture and temples. It’s known for festivals and agricultural life.,"From Kathmandu, drive south to Lalitpur and Chapagaun villages for local cultural sites.",95,Suburban areas with traditional culture and hill views.,Lalitpur\Lalitpur  1.1.jpeg; Lalitpur\Lalitpur 1.10.jpeg; Lalitpur\Lalitpur 1.2.jpeg; Lalitpur\Lalitpur 1.3.jpeg; Lalitpur\Lalitpur 1.4.jpeg; Lalitpur\Lalitpur 1.5.jpeg; Lalitpur\Lalitpur 1.6.jpeg; Lalitpur\Lalitpur 1.7.jpeg; Lalitpur\Lalitpur 1.8.jpeg; Lalitpur\Lalitpur 1.9.jpeg,3.9,23.8,Low
481,nuwakot,nuwakot,Oct–Nov,"Historical, Scenic",Natural Attractions,"Sightseeing, Trekking",Moderate,Road + Trek,27.966,85.083,3,"A historic district with forts, temples, and scenic hills, Nuwakot played a crucial role in Nepal’s unification. Its landscapes are dotted with heritage sites","From Kathmandu, drive north via Tokha to reach Nuwakot District.From Kathmandu, drive northwest via Tokha to Nuwakot town.",16,"Historic town with ancient palace and scenic hilltop views. Historical town with fort, temples, and panoramic views.",Nuwakot Palace\Nuwakot Palace 1.1.jpeg; Nuwakot Palace\Nuwakot Palace 1.10.jpeg; Nuwakot Palace\Nuwakot Palace 1.2.jpeg; Nuwakot Palace\Nuwakot Palace 1.3.jpeg; Nuwakot Palace\Nuwakot Palace 1.4.jpeg; Nuwakot Palace\Nuwakot Palace 1.5.jpeg; Nuwakot Palace\Nuwakot Palace 1.6.jpeg; Nuwakot Palace\Nuwakot Palace 1.7.jpeg; Nuwakot Palace\Nuwakot Palace 1.8.jpeg; Nuwakot Palace\Nuwakot Palace 1.9.jpeg,4.6,13.7,Very Low
482,dhading,dhading,Oct–Nov,"Nature, Trekking",Trekking & Adventure,"Trekking, Photography",Moderate,Road + Trek,27.95,84.9,3,"A diverse district with hills, rivers, and villages, Dhading offers trekking trails and cultural experiences. It’s a mix of natural beauty and rural charm.","From Kathmandu, drive northwest via Naubise to reach Dhading District.",500,District with beautiful trekking trails and rural villages.,Dhading Hidden Village Trail\Dhading Hidden Village Trail 1.1.jpeg; Dhading Hidden Village Trail\Dhading Hidden Village Trail 1.10.jpeg; Dhading Hidden Village Trail\Dhading Hidden Village Trail 1.2.jpeg; Dhading Hidden Village Trail\Dhading Hidden Village Trail 1.3.jpeg; Dhading Hidden Village Trail\Dhading Hidden Village Trail 1.4.jpeg; Dhading Hidden Village Trail\Dhading Hidden Village Trail 1.5.jpeg; Dhading Hidden Village Trail\Dhading Hidden Village Trail 1.6.jpeg; Dhading Hidden Village Trail\Dhading Hidden Village Trail 1.7.jpeg; Dhading Hidden Village Trail\Dhading Hidden Village Trail 1.8.jpeg; Dhading Hidden Village Trail\Dhading Hidden Village Trail 1.9.jpeg,4.5,38.9,Moderate
483,patan,lalitpur,Oct–Feb,"Cultural, Heritage",Cultural & Religious Sites,"Sightseeing, Photography",Easy,Road accessible,27.672,85.316,3,"Part of Lalitpur, Patan is renowned for its Durbar Square, filled with exquisite temples and palaces. It’s a UNESCO site showcasing Newar artistry.","From Kathmandu, drive south to Patan city to explore temples and squares.",109,Cultural city famous for Durbar Square and Newar architecture.,Hiunchuli Patan\download (1).jpeg; Hiunchuli Patan\download (2).jpeg; Hiunchuli Patan\download (3).jpeg; Hiunchuli Patan\download (5).jpeg; Hiunchuli Patan\download.jpeg,4.3,27.3,Low
484,bhrikutimandap,kathmandu,Oct–Feb,"Religious, Cultural",Cultural & Religious Sites,"Sightseeing, Photography",Easy,Road accessible,27.7,85.324,3,"A cultural and exhibition ground in Kathmandu, Bhrikutimandap hosts fairs, events, and gatherings. It’s a lively space for community activities.","From Kathmandu, drive north to Bhrikutimandap near Sundarijal for hill viewpoints.",369,Hill area offering panoramic views of Kathmandu Valley.,Bhrikutimandap\Bhrikutimandap 1.1.jpeg; Bhrikutimandap\Bhrikutimandap 1.10.jpeg; Bhrikutimandap\Bhrikutimandap 1.2.jpeg; Bhrikutimandap\Bhrikutimandap 1.3.jpeg; Bhrikutimandap\Bhrikutimandap 1.4.jpeg; Bhrikutimandap\Bhrikutimandap 1.5.jpeg; Bhrikutimandap\Bhrikutimandap 1.6.jpeg; Bhrikutimandap\Bhrikutimandap 1.7.jpeg; Bhrikutimandap\Bhrikutimandap 1.8.jpeg; Bhrikutimandap\Bhrikutimandap 1.9.jpeg,4.3,38.3,Moderate
485,thamel,kathmandu,Oct–Feb,"City, Shopping, Cultural",Cultural & Religious Sites,"Sightseeing, Shopping",Easy,Road accessible,27.71,85.32,3,"Kathmandu’s tourist hub, Thamel is packed with shops, restaurants, and nightlife. It’s the starting point for treks and a center of urban energy.","In Kathmandu, visit the Thamel neighborhood for shopping and cultural spots.",700,"Bustling tourist hub with shops, restaurants, and nightlife.",Thamel\Thamel 1.1.jpeg; Thamel\thamel 1.10.jpeg; Thamel\Thamel 1.2.jpeg; Thamel\Thamel 1.3.jpeg; Thamel\Thamel 1.4.jpeg; Thamel\Thamel 1.5.jpeg; Thamel\Thamel 1.6.jpeg; Thamel\Thamel 1.7.jpeg; Thamel\Thamel 1.8.jpeg; Thamel\Thamel 1.9.jpeg,4.4,40.8,Moderate
486,changu narayan lesser shrines,bhaktapur,Oct–Mar,Temple; Hindu; Local,Cultural & Religious Sites,Worship; Photography; Cultural Visit,Easy,Road Accessible,27.702,85.431,3,Around the main Changu Narayan Temple are smaller shrines showcasing ancient stone carvings and Newar artistry. They add depth to the UNESCO site’s heritage.,"From Kathmandu, drive northeast to Changu Narayan Temple complex to explore lesser shrines.",2296,Small sacred sites around the main Changu Narayan Temple.,Changu Narayan Lesser Shrines\Changu Narayan Lesser Shrines 1.1.jpeg; Changu Narayan Lesser Shrines\Changu Narayan Lesser Shrines 1.10.jpeg; Changu Narayan Lesser Shrines\Changu Narayan Lesser Shrines 1.2.jpeg; Changu Narayan Lesser Shrines\Changu Narayan Lesser Shrines 1.3.jpeg; Changu Narayan Lesser Shrines\Changu Narayan Lesser Shrines 1.4.jpeg; Changu Narayan Lesser Shrines\Changu Narayan Lesser Shrines 1.5.jpeg; Changu Narayan Lesser Shrines\Changu Narayan Lesser Shrines 1.6.jpeg; Changu Narayan Lesser Shrines\Changu Narayan Lesser Shrines 1.7.jpeg; Changu Narayan Lesser Shrines\Changu Narayan Lesser Shrines 1.8.jpeg; Changu Narayan Lesser Shrines\Changu Narayan Lesser Shrines 1.9.jpeg,4.7,91.9,Very High
487,jayamangala (ratnanagar area),chitwan,All Year,Temple/Local area,Cultural & Religious Sites,"Pilgrimage, Local visit",Easy,Road,27.6725,84.5389,3,"Located in Ratnanagar, Chitwan, Jayamangala is a local cultural and religious site. It reflects the traditions of the Tharu community and serves as a gathering place for festivals.","From Kathmandu, drive south via Mugling and Ratnanagar to reach Jayamangala area.",357,Local town with community markets and rural charm.,Jayamangala (Ratnanagar area)\download (1).jpeg; Jayamangala (Ratnanagar area)\download (2).jpeg; Jayamangala (Ratnanagar area)\download (3).jpeg; Jayamangala (Ratnanagar area)\download (4).jpeg; Jayamangala (Ratnanagar area)\download.jpeg,4.2,17.2,Low
488,krishna pranami temple,chitwan,All Year,Religious,Cultural & Religious Sites,"Pilgrimage, Worship",Easy,Road,27.673,84.441,3,"A temple dedicated to Lord Krishna, reflecting the Pranami religious tradition. It is a peaceful spiritual site visited by devotees for prayer and meditation.","From Kathmandu, drive south via Bharatpur to Ratnanagar to reach Krishna Pranami Temple.",654,Spiritual temple dedicated to Lord Krishna with active worship.,Krishna Pranami Temple\download (1).jpeg; Krishna Pranami Temple\download (2).jpeg; Krishna Pranami Temple\download (3).jpeg; Krishna Pranami Temple\download (5).jpeg; Krishna Pranami Temple\download.jpeg,3.9,60.1,High
489,panchakanya mandir,chitwan,All Year,Religious,Cultural & Religious Sites,Pilgrimage,Easy,Road,27.6614,84.4494,3,"A Hindu temple dedicated to the five goddesses (Panchakanya). It is a local shrine with cultural importance, often associated with community rituals and worship.","From Kathmandu, drive south via Bharatpur and Ratnanagar to reach Panchakanya Mandir.",321,Religious site attracting devotees from surrounding villages.,Panchakanya Mandir\download (1).jpeg; Panchakanya Mandir\download (2).jpeg; Panchakanya Mandir\download (3).jpeg; Panchakanya Mandir\download (4).jpeg; Panchakanya Mandir\download.jpeg,4.4,16.3,Low
490,chisapani mandir,chitwan,All Year,"Temple, Hill",Natural Attractions,"Hiking, Pilgrimage",Moderate,Road + short hike,27.69,84.47,3,"Located near trekking routes north of Kathmandu, Chisapani Mandir is a small shrine surrounded by scenic hills. It is often visited by trekkers passing through the area.","From Kathmandu, drive north via Sundarijal and Shivapuri to reach Chisapani Mandir.",101,Small hilltop temple popular with trekkers and locals.,Chisapani\Chisapani 1.1.jpeg; Chisapani\Chisapani 1.10.jpeg; Chisapani\Chisapani 1.2.jpeg; Chisapani\Chisapani 1.3.jpeg; Chisapani\Chisapani 1.4.jpeg; Chisapani\Chisapani 1.5.jpeg; Chisapani\Chisapani 1.6.jpeg; Chisapani\Chisapani 1.7.jpeg; Chisapani\Chisapani 1.8.jpeg; Chisapani\Chisapani 1.9.jpeg,4,25.3,Low
491,ratnanagar,chitwan,All Year,Municipality,Urban & Modern Attractions,"Local tour, Markets",Easy,Highway,27.67,84.53,3,"A municipality in Chitwan district, Ratnanagar is known for its proximity to Chitwan National Park. It is a growing town with cultural diversity and eco-tourism opportunities.","From Kathmandu, drive south via Mugling and Bharatpur to reach Ratnanagar.",102,"Town in Chitwan District, known for agriculture and local trade.",Jayamangala (Ratnanagar area)\download (1).jpeg; Jayamangala (Ratnanagar area)\download (2).jpeg; Jayamangala (Ratnanagar area)\download (3).jpeg; Jayamangala (Ratnanagar area)\download (4).jpeg; Jayamangala (Ratnanagar area)\download.jpeg,4,25.7,Low
492,khairahani,chitwan,All Year,Town,Urban & Modern Attractions,"Local market, Services",Easy,Road,27.65,84.59,3,"A municipality in Chitwan district, Khairahani is surrounded by fertile plains and rivers. It reflects Tharu culture and is part of the broader Chitwan tourism circuit","From Kathmandu, drive south via Mugling and Chitwan District to reach Khairahani.",125,Peaceful town surrounded by farmland in Chitwan District.,Khaira\download (1).jpeg; Khaira\download (2).jpeg; Khaira\download (5).jpeg; Khaira\download.jpeg; Khaira\images.jpeg,4.2,39.9,Moderate
493,korak,chitwan,Spring-Autumn,"Village, Trailhead",Trekking & Adventure,"Trekking, Rural tourism",Moderate,Road/Trail,27.61,84.6,3,"A rural area in Chitwan district, Korak is known for its natural landscapes and traditional lifestyle. It offers a glimpse into local agricultural practices and community life","From Kathmandu, drive south via Mugling and Chitwan District to reach Korak village.",136,Rural village with natural scenery and traditional lifestyle.,Korak\download (1).jpeg; Korak\download (2).jpeg; Korak\download (3).jpeg; Korak\download (4).jpeg; Korak\download.jpeg,4.6,35.2,Moderate
494,bandipur,tanahun,All Year,Historic Hill Town,Natural Attractions,"Viewpoints, Cultural tourism",Easy,Road,27.9333,84.41,3,"A hilltop town in Tanahun district, Bandipur is famous for its preserved Newar architecture, cobbled streets, and panoramic Himalayan views. It is a cultural gem blending heritage with tourism.","From Kathmandu, drive west via Mugling and Dumre to reach Bandipur hilltop town.From Kathmandu, drive west via Mugling and Dumre to reach Bandipur.",106,Scenic hilltop town with preserved Newari architecture and Himalayan views. Heritage hilltop town with preserved Newari architecture.,Bandipur\Bandipur 1.1.jpeg; Bandipur\Bandipur 1.10.jpeg; Bandipur\Bandipur 1.2.jpeg; Bandipur\Bandipur 1.3.jpeg; Bandipur\Bandipur 1.4.jpeg; Bandipur\Bandipur 1.5.jpeg; Bandipur\Bandipur 1.6.jpeg; Bandipur\Bandipur 1.7.jpeg; Bandipur\Bandipur 1.8.jpeg; Bandipur\Bandipur 1.9.jpeg,3.9,26.5,Low
495,nilkantha,dhading,All Year,Municipality/Hill,Natural Attractions,"Hiking, Cultural visit",Easy,Road,27.86,84.9,3,"A temple dedicated to Lord Shiva, often referred to as Nilkantha Mahadev. It is a spiritual site surrounded by hills and forests, attracting pilgrims and visitors seeking peace.","From Kathmandu, drive northwest via Dhading District to reach Nilkantha in Dhading.",250,Town in Dhading offering cultural experiences and river views.,Budhanilkantha\download (1).jpeg; Budhanilkantha\download (2).jpeg; Budhanilkantha\download (3).jpeg; Budhanilkantha\download (4).jpeg; Budhanilkantha\download.jpeg,4.2,15.2,Low
496,dhuwakot,dhading,Spring-Autumn,"Hill, Village",Natural Attractions,"Trekking, Views",Moderate,Road,27.88,84.92,3,"A historic site in Dhading district, Dhuwakot is known for its ancient fort and temples. It offers cultural heritage alongside scenic views of the surrounding hills and valleys","From Kathmandu, drive southwest via Kulekhani and Makwanpur District to reach Dhuwakot village.",350,Small village with serene surroundings and trekking access.,Dhuwakot\download (1).jpeg; Dhuwakot\download (2).jpeg; Dhuwakot\download (4).jpeg; Dhuwakot\download.jpeg; Dhuwakot\images.jpeg,4,34.2,Low
497,deurali danda,dhading,Spring,Ridge/Hill,Natural Attractions,"Viewpoint, Hiking",Moderate,Road/Trail,27.9,84.94,3,"A scenic hilltop in central Nepal, Deurali Danda offers panoramic views of surrounding valleys and mountains. It is often used as a resting point for trekkers and locals traveling through rural trails.","From Kathmandu, drive north via Dhading District to reach Deurali Danda.",330,Hilltop area perfect for sunrise and mountain panoramas.,Deurali\download (1).jpeg; Deurali\download (2).jpeg; Deurali\download (3).jpeg; Deurali\download (4).jpeg; Deurali\download.jpeg,4.2,22.4,Low
498,vagerachuli,dhading,Spring-Autumn,Hill,Natural Attractions,"Hiking, Nature",Moderate,Road/Trail,27.91,84.95,3,"A lesser-known hill area, Vagerachuli is surrounded by forests and terraced fields. It provides a peaceful environment and is valued by locals for its natural beauty and quiet atmosphere.","From Kathmandu, drive northwest via Dhading and Nilkantha area to reach Vagerachuli hill area.",107,Rural area with natural beauty and traditional lifestyle.,Vagerachuli\download (1).jpeg; Vagerachuli\download (2).jpeg; Vagerachuli\download (3).jpeg; Vagerachuli\download (4).jpeg; Vagerachuli\download.jpeg,4.4,26.9,Low
499,semjong,dhading,Spring-Autumn,Village,Village & Rural Tourism,"Hiking, Nature",Moderate,Road,27.83,84.93,3,"A rural village in the hills, Semjong reflects traditional Nepali lifestyle with agriculture and community-centered living. It is a cultural stop for those exploring offbeat destinations.","From Kathmandu, drive northwest via Dhading to reach Semjong village.",750,Quiet village ideal for experiencing rural Nepal.,Semjong\download (1).jpeg; Semjong\download (2).jpeg; Semjong\download (3).jpeg; Semjong\download (5).jpeg; Semjong\download.jpeg,4.5,51.4,Moderate
500,barsunchet,nuwakot,Spring,Village,Village & Rural Tourism,Nature visit,Moderate,Road,27.92,85.08,3,"Located in the mid-hills, Barsunchet is a small settlement known for its farming practices and scenic landscapes. It offers authentic rural experiences away from urban centers.","From Kathmandu, drive north via Dhading District to reach Barsunchet village.",1000,Small settlement with scenic landscapes and farming culture.,Barsunchet\download (1).jpeg; Barsunchet\download (2).jpeg; Barsunchet\download (3).jpeg; Barsunchet\download (4).jpeg; Barsunchet\download.jpeg,4.7,38.1,Moderate
501,bungtang,nuwakot,Spring,Village,Village & Rural Tourism,Cultural visit,Easy,Road,27.9,85.01,3,"A village in Nuwakot district, Bungtang is surrounded by hills and rivers. It is known for its traditional houses, cultural heritage, and natural environment.","From Kathmandu, drive northwest via Dhading to reach Bungtang.",980,Peaceful Himalayan village known for trekking and remote beauty.,Bungtang\download (1).jpeg; Bungtang\download (2).jpeg; Bungtang\download (3).jpeg; Bungtang\download (5).jpeg; Bungtang\download.jpeg,4.6,40.5,Moderate
502,deurali,nuwakot,Spring,Pass/Deurali,Village & Rural Tourism,"Hiking, View",Moderate,Road/Trail,27.91,85,3,"A common name for several villages across Nepal, Deurali typically refers to settlements located on hill ridges. These areas are popular for viewpoints and short hikes.","From Kathmandu, drive north via Dhading and Nilkantha to reach Deurali village.",100,Remote mountain settlement offering Himalayan views.,Chhatre Deurali\download (1).jpeg; Chhatre Deurali\download (2).jpeg; Chhatre Deurali\download (3).jpeg; Chhatre Deurali\download (5).jpeg; Chhatre Deurali\download.jpeg,4.3,25,Low
503,tupche,nuwakot,All Year,Village,Village & Rural Tourism,Local visit,Easy,Road,27.94,85.04,3,"A rural settlement in Nuwakot district, Tupche is known for its agricultural lifestyle and scenic surroundings. It reflects the simplicity of village life in Nepal","From Kathmandu, drive north via Dhading District to reach Tupche village.",500,Traditional village with trekking access and serene landscapes.,Tupche\download (1).jpeg; Tupche\download (4).jpeg; Tupche\download.jpeg; Tupche\images (1).jpeg; Tupche\images.jpeg,4.6,26.7,Low
504,chappthoke,nuwakot,All Year,Village,Village & Rural Tourism,Local visit,Easy,Road,27.95,85.05,3,A small village surrounded by terraced fields and hills. Chappthoke is a quiet rural destination offering cultural immersion and natural beauty,"From Kathmandu, drive northwest via Dhading District to reach Chappthoke.",138,Small rural village with serene landscapes and traditional lifestyle.,Chappthoke\download (1).jpeg; Chappthoke\download (2).jpeg; Chappthoke\download (3).jpeg; Chappthoke\download (5).jpeg; Chappthoke\download.jpeg,4.3,34.6,Low
505,pokhari gaun,nuwakot,All Year,"Village, Pond",Village & Rural Tourism,"Local visit, Photography",Easy,Road/Trail,27.955,85.052,3,"Literally meaning “village with a pond,” Pokhari Gaun is a traditional settlement where water sources play a central role in daily life. It is a peaceful rural area with cultural significance","From Kathmandu, drive north via Dhading District to reach Pokhari Gaun.",369,Scenic village centered around a peaceful pond.,Pokhari Gaun\download (1).jpeg; Pokhari Gaun\download (2).jpeg; Pokhari Gaun\download (3).jpeg; Pokhari Gaun\download (4).jpeg; Pokhari Gaun\download.jpeg,4.7,34.3,Low
506,champani gaun,nuwakot,All Year,Village,Village & Rural Tourism,Local visit,Easy,Road,27.95,85.048,3,A hillside village known for its farming practices and community traditions. Champani Gaun offers visitors a glimpse into authentic rural Nepali life,"From Kathmandu, drive northwest via Dhading District to reach Champani Gaun.",700,Hilltop settlement with panoramic mountain and valley views.,Champani Gaun\download (1).jpeg; Champani Gaun\download (2).jpeg; Champani Gaun\download (3).jpeg; Champani Gaun\download (5).jpeg; Champani Gaun\download.jpeg,4.3,45.2,Moderate
507,yarsa,nuwakot,All Year,Village,Village & Rural Tourism,"Hiking, Local visit",Easy,Road,27.97,85.03,3,"A village in Nuwakot district, Yarsa is surrounded by hills and rivers. It is known for its cultural heritage and agricultural lifestyle.","From Kathmandu, drive north via Dhading District to reach Yarsa village.",500,Remote village known for natural beauty and local culture.,Yarsa\download (1).jpeg; Yarsa\download (2).jpeg; Yarsa\download (3).jpeg; Yarsa\download (4).jpeg; Yarsa\download.jpeg,4.3,37.4,Moderate
508,urleni (helambu area),sindhupalchok,Spring-Autumn,Helambu Village,Village & Rural Tourism,"Trekking, Culture",Moderate,Road/Trail,27.83,85.5,3,"Located in the Helambu region, Urleni is a Tamang village offering cultural immersion and scenic views. It is part of trekking routes that highlight Himalayan traditions.","From Kathmandu, drive north via Sundarijal and Melamchi to reach Urleni in Helambu region.",400,"Charming village in Helambu, ideal for trekking and cultural experiences.",Helambu\download (1).jpeg; Helambu\download (2).jpeg; Helambu\download (3).jpeg; Helambu\download (4).jpeg; Helambu\download.jpeg,4.5,38.7,Moderate
509,shikharbesi (nuwakot),nuwakot,All Year,Town/Market,Urban & Modern Attractions,Local visit,Easy,Road,27.92,85.16,3,"A settlement in Nuwakot district, Shikharbesi is known for its rural charm and traditional lifestyle. It is surrounded by hills and forests, making it a peaceful destination.","From Kathmandu, drive north via Tokha to reach Shikharbesi in Nuwakot District.",450,Gateway village for hiking trails and Himalayan vistas.,Shikharbesi (Nuwakot)\download (1).jpeg; Shikharbesi (Nuwakot)\download (2).jpeg; Shikharbesi (Nuwakot)\download (3).jpeg; Shikharbesi (Nuwakot)\download (4).jpeg; Shikharbesi (Nuwakot)\download.jpeg,4.5,42.6,Moderate
510,ghyangphedi,nuwakot,All Year,Village,Village & Rural Tourism,"Trekking, Culture",Moderate,Road/Trail,27.9,85.04,3,"A village in Nuwakot district, Ghyangphedi is culturally rich and surrounded by natural landscapes. It is a stop for trekkers exploring the northern hills.","From Kathmandu, drive north via Nuwakot to reach Ghyangphedi village.",101,Peaceful rural community with traditional farming practices.,Ghyangphedi\download (1).jpeg; Ghyangphedi\download (2).jpeg; Ghyangphedi\download (3).jpeg; Ghyangphedi\download (5).jpeg; Ghyangphedi\download.jpeg,4.4,25.4,Low
511,helambu,sindhupalchok,Spring-Autumn,Trekking region,Trekking & Adventure,"Trekking, Monasteries",Moderate,Road/Trail,27.822,85.519,3,"A region north of Kathmandu, Helambu is famous for its Tamang and Sherpa culture, monasteries, and scenic trekking routes. It is a popular destination for short Himalayan treks.","From Kathmandu, drive north via Sundarijal and Melamchi to reach the Helambu region.",900,Popular trekking region with stunning scenery and Sherpa villages.,Helambu\download (1).jpeg; Helambu\download (2).jpeg; Helambu\download (3).jpeg; Helambu\download (4).jpeg; Helambu\download.jpeg,4.5,58.7,Moderate
512,bhotang,sindhupalchok,Spring-Autumn,Village,Village & Rural Tourism,Trekking,Moderate,Road/Trail,27.85,85.6,3,"A village in Sindhupalchok district, Bhotang is part of the Helambu trekking circuit. It is known for its cultural traditions and mountain views.","From Kathmandu, drive north via Helambu trail to reach Bhotang village.",875,Traditional hill village offering cultural authenticity and scenic views.,Bhotang\download (1).jpeg; Bhotang\download (2).jpeg; Bhotang\download (3).jpeg; Bhotang\download (5).jpeg; Bhotang\download.jpeg,4.2,51.5,Moderate
513,pachpokhari,sindhupalchok,Spring-Autumn,Sacred Lake,Natural Attractions,"Pilgrimage, Trekking",Hard,Trail,27.87,85.68,3,"Meaning “five lakes,” Pachpokhari in Sindhupalchok is a sacred pilgrimage site. It is surrounded by alpine scenery and attracts both trekkers and devotees.","From Kathmandu, drive north via Helambu trail to reach Pachpokhari lake area.",123,Village famous for its five sacred ponds and religious significance.,Pachpokhari\download (1).jpeg; Pachpokhari\download (2).jpeg; Pachpokhari\download (3).jpeg; Pachpokhari\download (4).jpeg; Pachpokhari\download.jpeg,4.9,25.3,Low
514,phurbi chyachu,sindhupalchok,Spring,Peak/Mountain,Natural Attractions,"Expedition, Trekking",Hard,Trek,27.87,85.73,3,"A peak in the Langtang region, Phurbi Chyachu is a striking mountain often admired from trekking routes. It adds to the scenic beauty of the Himalayas.","From Kathmandu, drive north via Helambu region to reach Phurbi Chyachu peak.",16,Himalayan settlement ideal for trekking and local culture immersion.,Phurbi Chyachu\download (1).jpeg; Phurbi Chyachu\download (2).jpeg; Phurbi Chyachu\download (3).jpeg; Phurbi Chyachu\download (5).jpeg; Phurbi Chyachu\download.jpeg,4.6,13.4,Very Low
515,tatopani (sindhupalchok),sindhupalchok,All Year,Hot spring,Wellness & Relaxation,"Bathing, Relax",Easy,Road,27.97,85.9,3,"A village near the Nepal-Tibet border, Tatopani is famous for its natural hot springs. It is a popular stop for travelers seeking relaxation and healing baths.","From Kathmandu, drive northeast via Jiri and Tatopani to reach Sindhupalchok Tatopani.",159,Hot spring destination and scenic riverside village.,Tatopani (Sindhupalchok)\download (1).jpeg; Tatopani (Sindhupalchok)\download (2).jpeg; Tatopani (Sindhupalchok)\download (3).jpeg; Tatopani (Sindhupalchok)\download (4).jpeg; Tatopani (Sindhupalchok)\download.jpeg,4.2,20.1,Low
516,kodari,sindhupalchok,All Year,Border town,Urban & Modern Attractions,"Trade, Transit",Easy,Highway,27.99,85.94,3,"A border town in Sindhupalchok district, Kodari connects Nepal with Tibet via the Friendship Bridge. It has historical and trade significance","From Kathmandu, drive northeast via Jiri and Tatopani to reach Kodari at Nepal-China border.",357,Border town connecting Nepal to Tibet with cultural and trade significance.,Kodari\download (1).jpeg; Kodari\download (2).jpeg; Kodari\download (3).jpeg; Kodari\download (5).jpeg; Kodari\download.jpeg,4.1,41.6,Moderate
517,phulpingkatti,sindhupalchok,All Year,Village,Village & Rural Tourism,Local visit,Easy,Road,27.88,85.59,3,"A rural settlement in Sindhupalchok district, Phulpingkatti is known for its cultural traditions and hillside farming. It reflects authentic village life","From Kathmandu, drive northeast via Jiri and Tatopani to reach Phulpingkatti.",654,Remote village with pristine natural surroundings.,Phulpingkatti\download (1).jpeg; Phulpingkatti\download (2).jpeg; Phulpingkatti\download (3).jpeg; Phulpingkatti\download (4).jpeg; Phulpingkatti\download.jpeg,4.6,51.4,Moderate
518,bigu,dolakha,Spring-Autumn,Village,Village & Rural Tourism,"Hiking, Trekking",Moderate,Road/Trail,27.77,86.22,3,"A village in Dolakha district, Bigu is home to the Bigu Gompa, a Buddhist monastery. It is a spiritual site surrounded by scenic hills.","From Kathmandu, drive north via Helambu and Melamchi Valley to reach Bigu village.From Kathmandu, drive north via Helambu and Melamchi Valley to Bigu village.",321,High-altitude settlement in Helambu offering trekking and local hospitality. Himalayan settlement offering trekking and mountain vistas.,Bigu\download (1).jpeg; Bigu\download (2).jpeg; Bigu\download (3).jpeg; Bigu\download (4).jpeg; Bigu\download.jpeg,4.5,35.1,Moderate
519,singati,ramechhap,All Year,Municipality,Urban & Modern Attractions,Local visit,Easy,Road,27.742,86.386,3,"A town in Dolakha district, Singati serves as a gateway to trekking routes in the Rolwaling Valley. It is a local trade center with cultural and natural significance","From Kathmandu, drive northeast via Jiri and Ramechhap District to reach Singati.",100,Rural town in Ramechhap with access to trekking routes.,Singati\download (1).jpeg; Singati\download (2).jpeg; Singati\download (3).jpeg; Singati\download (4).jpeg; Singati\download.jpeg,3.9,25.1,Low
520,suri,ramechhap,All Year,Village,Village & Rural Tourism,Local visit,Easy,Road,27.73,86.38,3,Suri is a hillside settlement known for its terraced fields and traditional lifestyle. The village offers scenic views of surrounding valleys and is often visited by trekkers exploring rural trails. Its cultural practices and agricultural heritage make it a peaceful destination for immersion in authentic Nepali life.,"From Kathmandu, drive northeast via Jiri and Ramechhap to reach Suri village.",654,Quiet village with traditional lifestyles and farming.,Suri\download (1).jpeg; Suri\download (2).jpeg; Suri\download (3).jpeg; Suri\download (5).jpeg; Suri\download.jpeg,4.5,48.2,Moderate
521,jhyaku,ramechhap,All Year,Village,Village & Rural Tourism,Local visit,Easy,Road,27.72,86.37,3,"Jhyaku is a rural village surrounded by forests and farmland. It reflects the simplicity of community-centered living, with traditional houses and shrines forming the heart of the settlement. The area is ideal for short hikes and cultural exploration.","From Kathmandu, drive northeast via Sindhupalchok and Helambu to reach Jhyaku village.",125,Small settlement known for its natural scenery.,Jhyaku\download (1).jpeg; Jhyaku\download (2).jpeg; Jhyaku\download (3).jpeg; Jhyaku\download (4).jpeg; Jhyaku\download.jpeg,4.5,37.7,Moderate
522,gorpang,ramechhap,All Year,Village,Village & Rural Tourism,Local visit,Easy,Road,27.71,86.36,3,"Gorpang is a small settlement in the hills, known for its agricultural practices and natural beauty. It provides a glimpse into rural Nepali life, with terraced fields and scenic landscapes.","From Kathmandu, drive northeast via Sindhupalchok District to reach Gorpang village.",136,Himalayan village offering serene landscapes and trekking access.,Gorpang\download (1).jpeg; Gorpang\download (2).jpeg; Gorpang\download (3).jpeg; Gorpang\download (5).jpeg; Gorpang\download.jpeg,4.5,53.8,Moderate
523,lamidada,ramechhap,All Year,Hill village,Natural Attractions,Local visit,Moderate,Road,27.7,86.35,3,"Lamidada is a hilltop area offering panoramic views of valleys and distant Himalayan peaks. It is a popular stop for trekkers and locals, with cultural shrines adding spiritual significance to the site","From Kathmandu, drive northeast via Ramechhap and Jiri to reach Lamidada.",652,Peaceful village with scenic views of surrounding hills.,Lamidada\download (1).jpeg; Lamidada\download (2).jpeg; Lamidada\download (3).jpeg; Lamidada\download (4).jpeg; Lamidada\download.jpeg,4.4,44.4,Moderate
524,jiri,dolakha,All Year,Hill town,Natural Attractions,Trekking start point,Moderate,Road,27.63,86.23,3,"Jiri, often called the “Switzerland of Nepal,” is a hill town in Dolakha district. It is historically significant as the starting point of early Everest expeditions. Surrounded by lush hills and alpine scenery, Jiri combines cultural heritage with trekking opportunities.","From Kathmandu, drive east via Charikot and Shivalaya to reach Jiri town.From Kathmandu, drive east via Dolakha District and use Araniko Highway to reach Jiri.",250,Famous starting point for Everest treks with historical significance. Gateway town to Everest region with historical significance.,Jiri\download (1).jpeg; Jiri\download (2).jpeg; Jiri\download (3).jpeg; Jiri\download (4).jpeg; Jiri\download.jpeg,4.3,19.7,Low
525,rasnalu,ramechhap,All Year,Village,Village & Rural Tourism,"Trekking, Culture",Moderate,Road/Trail,27.56,86.3,3,"Rasnalu is a rural village known for its farming lifestyle and traditional practices. It is surrounded by hills and rivers, offering a peaceful environment for visitors seeking authentic cultural immersion.","From Kathmandu, drive northeast via Ramechhap District to reach Rasnalu village.",350,Traditional village in Ramechhap with agricultural roots.,Rasnalu\download (1).jpeg; Rasnalu\download (2).jpeg; Rasnalu\download (3).jpeg; Rasnalu\download (5).jpeg; Rasnalu\download.jpeg,4.5,34.2,Low
526,gupteshwor (ramechhap),ramechhap,All Year,Temple,Cultural & Religious Sites,"Pilgrimage, Visit",Easy,Road,27.4,86.1,3,"Gupteshwor is a sacred temple in Ramechhap district dedicated to Lord Shiva. It is a spiritual site visited by pilgrims and locals, surrounded by natural landscapes that enhance its serene atmosphere.","From Kathmandu, drive northeast to Ramechhap District to reach Gupteshwor Temple.",330,Sacred site featuring temples and local pilgrimage.,Gupteshwor (Ramechhap)\download (1).jpeg; Gupteshwor (Ramechhap)\download (2).jpeg; Gupteshwor (Ramechhap)\download (3).jpeg; Gupteshwor (Ramechhap)\download (4).jpeg; Gupteshwor (Ramechhap)\download.jpeg,4.5,35.3,Moderate
527,ramechhap (hq),ramechhap,All Year,District HQ,Village & Rural Tourism,"Services, Market",Easy,Highway,27.336,86.063,3,"Ramechhap headquarters is the administrative center of the district, serving as a hub for governance, trade, and community activities. It blends modern development with traditional culture, making it a gateway to rural destinations.","From Kathmandu, drive northeast via Charikot to reach Ramechhap headquarters.",700,Administrative center with markets and local culture.,Ramechhap (HQ)\download (1).jpeg; Ramechhap (HQ)\download (2).jpeg; Ramechhap (HQ)\download (3).jpeg; Ramechhap (HQ)\download (5).jpeg; Ramechhap (HQ)\download.jpeg,4.6,48.4,Moderate
528,rampur (ramechhap),ramechhap,All Year,Town,Urban & Modern Attractions,Local visit,Easy,Road,27.3,86.05,3,Rampur is a settlement in Ramechhap district known for its agricultural lifestyle and cultural traditions. It reflects the harmony between rural living and natural surroundings.,"From Kathmandu, drive northeast via Ramechhap District to reach Rampur village.",124,Scenic town along trade routes with rural charm.,Rampur (Ramechhap)\download (1).jpeg; Rampur (Ramechhap)\download (2).jpeg; Rampur (Ramechhap)\download (3).jpeg; Rampur (Ramechhap)\download (4).jpeg; Rampur (Ramechhap)\download.jpeg,4,31.1,Low
529,himganga,ramechhap,All Year,Mountain village,Natural Attractions,Trekking,Moderate,Trail,27.28,86.04,3,Himganga is a scenic area associated with rivers and hills. It is valued for its natural beauty and serves as a peaceful retreat for visitors.,"From Kathmandu, drive northeast via Ramechhap and Jiri to reach Himganga.",126,Mountain settlement ideal for trekking and adventure activities.,Himganga\download (1).jpeg; Himganga\download (2).jpeg; Himganga\download (3).jpeg; Himganga\download (5).jpeg; Himganga\download.jpeg,4,31.6,Low
530,melamchi,sindhupalchok,All Year,Town,Urban & Modern Attractions,"Water project site, Market",Easy,Road,27.835,85.602,3,Melamchi in Sindhupalchok district is famous for its river and water supply project. The town is surrounded by hills and serves as a gateway to rural settlements and trekking routes.,"From Kathmandu, drive north via Sundarijal and Melamchi Valley to reach Melamchi village.",980,River town known for water projects and Himalayan scenery.,Melamchi\download (1).jpeg; Melamchi\download (2).jpeg; Melamchi\download (3).jpeg; Melamchi\download (4).jpeg; Melamchi\download.jpeg,4.4,43.3,Moderate
531,sipalkavre,sindhupalchok,All Year,Village,Village & Rural Tourism,Local visit,Easy,Road,27.82,85.61,3,Sipalkavre is a hillside village known for its farming practices and traditional lifestyle. It offers scenic views and cultural immersion for visitors,"From Kathmandu, drive north via Helambu trail to reach Sipalkavre village.",900,Village surrounded by hills with a peaceful ambiance.,Sipalkavre\download (1).jpeg; Sipalkavre\download (2).jpeg; Sipalkavre\download (3).jpeg; Sipalkavre\download (5).jpeg; Sipalkavre\download.jpeg,4.4,44.1,Moderate
532,chhiku,sindhupalchok,All Year,Village,Village & Rural Tourism,Local visit,Easy,Road,27.8,85.6,3,"Chhiku is a rural settlement surrounded by terraced fields and forests. It reflects authentic Nepali village life, with community-centered traditions and rituals.","From Kathmandu, drive northeast via Helambu and Melamchi Valley to reach Chhiku village.",500,Remote settlement with trekking access and natural beauty.,Chhiku\download (1).jpeg; Chhiku\download (2).jpeg; Chhiku\download (3).jpeg; Chhiku\download (4).jpeg; Chhiku\download.jpeg,4.2,38.4,Moderate
533,sindurche,sindhupalchok,All Year,Village,Village & Rural Tourism,Local visit,Easy,Road,27.79,85.59,3,indurche is a small village known for its agricultural lifestyle and cultural practices. It offers a peaceful environment for visitors seeking rural immersion,"From Kathmandu, drive north via Sundarijal and Melamchi Valley to reach Sindurche village.",600,Rural community with authentic mountain lifestyle.,Sindurche\download (1).jpeg; Sindurche\download (2).jpeg; Sindurche\download (3).jpeg; Sindurche\download (5).jpeg; Sindurche\download.jpeg,4.7,48.8,Moderate
534,gunsakot,ramechhap,All Year,Village,Village & Rural Tourism,Local visit,Easy,Road,27.76,86.33,3,Gunsakot is a hillside settlement surrounded by forests and farmland. It reflects traditional community life and offers scenic views of valleys and hills,"From Kathmandu, drive north via Helambu and Melamchi to reach Gunsakot village.",369,Scenic hilltop village with panoramic Himalayan views.,Gunsakot\download (1).jpeg; Gunsakot\download (2).jpeg; Gunsakot\download (3).jpeg; Gunsakot\download (4).jpeg; Gunsakot\download.jpeg,4.3,46.5,Moderate
535,golche,ramechhap,All Year,Village,Village & Rural Tourism,Trekking,Moderate,Trail,27.75,86.34,3,"Golche is a rural village known for its farming practices and cultural traditions. It is surrounded by hills and rivers, making it a peaceful destination.","From Kathmandu, drive north via Helambu trail to reach Golche village.",101,Remote settlement known for peaceful landscapes.,Golche\download (1).jpeg; Golche\download (2).jpeg; Golche\download (3).jpeg; Golche\download (5).jpeg; Golche\download.jpeg,4.5,25.4,Low
536,pangtang,ramechhap,All Year,Village,Village & Rural Tourism,Local visit,Easy,Road,27.74,86.35,3,"Pangtang is a settlement in Sindhupalchok district, often visited by trekkers exploring northern routes. It reflects rural charm and traditional lifestyle","From Kathmandu, drive north via Sundarijal and Melamchi Valley to reach Pangtang village.",500,Traditional mountain village ideal for trekking experiences.,Pangtang\download (1).jpeg; Pangtang\download (2).jpeg; Pangtang\download (3).jpeg; Pangtang\download (4).jpeg; Pangtang\download.jpeg,4.4,38.5,Moderate
537,nampha,ramechhap,All Year,Village,Village & Rural Tourism,Local visit,Easy,Road,27.73,86.36,3,Nampha is a hillside village offering scenic views and cultural immersion. It is known for its farming practices and traditional houses.,"From Kathmandu, drive north via Helambu to reach Nampha village.",400,Quiet village offering serene natural surroundings.,Nampha\download (1).jpeg; Nampha\download (2).jpeg; Nampha\download (3).jpeg; Nampha\download (5).jpeg; Nampha\download.jpeg,4.6,53.5,Moderate
538,budhanilkantha,kathmandu,All Year,Temple & Area,Cultural & Religious Sites,"Pilgrimage, Visit",Easy,Road,27.778,85.363,3,"Budhanilkantha, located north of Kathmandu, is famous for the reclining statue of Lord Vishnu in a pond. It is a major pilgrimage site and a blend of spiritual devotion and cultural heritage.","From Kathmandu, drive north within the city to reach Budhanilkantha Temple.",450,Famous for the reclining Vishnu statue and religious significance.,Budhanilkantha\download (1).jpeg; Budhanilkantha\download (2).jpeg; Budhanilkantha\download (3).jpeg; Budhanilkantha\download (4).jpeg; Budhanilkantha\download.jpeg,4.5,44.6,Moderate
539,gokarneshwor,kathmandu,All Year,Municipality/Temples,Cultural & Religious Sites,"Pilgrimage, Visit",Easy,Road,27.7489,85.3696,3,"Gokarneshwor is a sacred temple complex on the banks of the Bagmati River. Dedicated to Lord Shiva, it is an important pilgrimage site, especially during festivals.","From Kathmandu, drive northeast within the city to reach Gokarneshwor Temple.",121,Sacred area with temples and spiritual landmarks.,Gokarneshwor\download (1).jpeg; Gokarneshwor\download (2).jpeg; Gokarneshwor\download (3).jpeg; Gokarneshwor\download (5).jpeg; Gokarneshwor\download.jpeg,4.2,30.3,Low
540,bajrayogini temple,kathmandu,All Year,Temple,Cultural & Religious Sites,"Pilgrimage, Hike",Moderate,Road/Trail,27.733,85.452,3,"Located in Sankhu, Bajrayogini Temple is a Buddhist shrine dedicated to Goddess Bajrayogini. It is a spiritual site surrounded by forests and hills, attracting devotees and visitors.","From Kathmandu, drive northeast via Tokha and Sundarijal to reach Bajrayogini Temple.",900,Important pilgrimage site in the hills near Kathmandu.,Bajrayogini Temple\download (1).jpeg; Bajrayogini Temple\download (2).jpeg; Bajrayogini Temple\download (3).jpeg; Bajrayogini Temple\download (4).jpeg; Bajrayogini Temple\download.jpeg,3.9,82.1,High
541,sundarijal waterfall,kathmandu,All Year,Waterfall,Natural Attractions,"Hiking, Picnic",Easy,Road/Trail,27.7995,85.4449,3,"Sundarijal Waterfall is a popular natural attraction near Kathmandu. It is the starting point of the Helambu trek and offers scenic beauty, picnic spots, and hiking opportunities.","From Kathmandu, drive north to Sundarijal to visit the waterfall.",66,Scenic waterfall and popular trekking starting point.,Sundarijal Waterfall\download (1).jpeg; Sundarijal Waterfall\download (2).jpeg; Sundarijal Waterfall\download (3).jpeg; Sundarijal Waterfall\download (5).jpeg; Sundarijal Waterfall\download.jpeg,4.3,16.5,Low
542,salinadi temple,kathmandu,All Year,Temple,Cultural & Religious Sites,Pilgrimage,Easy,Road,27.7,85.44,3,"Salinadi Temple in Sankhu is associated with the Madhav Narayan Festival. Devotees perform rituals along the river, making it a spiritually significant site","From Kathmandu, drive northeast via Tokha to reach Salinadi Temple.",1048,Local temple revered by nearby communities.,Salinadi Temple\download (1).jpeg; Salinadi Temple\download (2).jpeg; Salinadi Temple\download (3).jpeg; Salinadi Temple\download (4).jpeg; Salinadi Temple\download.jpeg,4.4,77.1,High
543,banepa,kavrepalanchok,All Year,Town,Urban & Modern Attractions,"Heritage, Market",Easy,Road,27.628,85.522,3,"Banepa is a historic town in Kavre district, known for its temples, traditional houses, and cultural festivals. It is a hub of Newar heritage and trade.","From Kathmandu, drive east via Banepa Highway to reach Banepa town.",258,"Historical town with temples, markets, and cultural heritage.",,3.9,43.6,Moderate
544,namobuddha,kavrepalanchok,All Year,Monastery,Cultural & Religious Sites,"Meditation, Visit",Easy,Road,27.643,85.533,3,"Namobuddha is a sacred Buddhist site in Kavre district, associated with the legend of Buddha’s selfless offering. It is home to monasteries and offers peaceful surroundings","From Kathmandu, drive southeast via Banepa to reach Namobuddha Monastery.",357,Peaceful Buddhist monastery with scenic surroundings.,,4.5,31.5,Low
545,dapcha chhatrebangh,kavrepalanchok,All Year,Village,Village & Rural Tourism,Local visit,Easy,Road,27.6,85.52,3,"Dapcha Chhatrebangh is a rural settlement in Kavre district, known for its cultural traditions and scenic landscapes. It reflects authentic rural life","From Kathmandu, drive east via Panchkhal to reach Dapcha Chhatrebangh.",654,Small village known for traditional Newar culture.,Dapcha Chhatrebangh\download (1).jpeg; Dapcha Chhatrebangh\download (2).jpeg; Dapcha Chhatrebangh\download (3).jpeg; Dapcha Chhatrebangh\download (5).jpeg; Dapcha Chhatrebangh\download.jpeg,4.7,42.1,Moderate
546,panchkhal,kavrepalanchok,All Year,Municipality,Urban & Modern Attractions,"Local visit, Market",Easy,Road,27.626,85.516,3,"Panchkhal is a fertile valley in Kavre district, known for its agriculture and traditional lifestyle. It is surrounded by hills and rivers.","From Kathmandu, drive east via Banepa Highway to Panchkhal town.From Kathmandu, drive east to reach Panchkhal town.",321,Valley town with agricultural landscapes and scenic beauty. Valley town with scenic landscapes and cultural sites.,Panchkhal\download (1).jpeg; Panchkhal\download (2).jpeg; Panchkhal\download (3).jpeg; Panchkhal\download (5).jpeg; Panchkhal\download.jpeg,3.9,38,Moderate
547,dolalghat,kavrepalanchok,All Year,River crossing,Natural Attractions,"Rafting (nearby), Local visit",Easy,Highway,27.612,85.531,3,Dolalghat is a riverside town famous for its fish and scenic views. It is a popular stop for travelers along the Arniko Highway.,"From Kathmandu, drive east via Banepa and Panchkhal to reach Dolalghat on Sunkoshi River.From Kathmandu, drive east via Arniko Highway to Dolalghat town.",987,"Town along the Sun Koshi River, popular for rafting and hiking. Town along Sun Koshi River, popular for rafting and trekking.",Dolalghat\download (1).jpeg; Dolalghat\download (2).jpeg; Dolalghat\download (3).jpeg; Dolalghat\download (5).jpeg; Dolalghat\download.jpeg,4.5,41.1,Moderate
548,phalate (bhumlu),kavrepalanchok,All Year,Village,Village & Rural Tourism,Local visit,Easy,Road,27.61,85.55,3,Phalate in Bhumlu is a rural settlement known for its farming practices and cultural traditions. It offers scenic views of hills and valleys,"From Kathmandu, drive east via Panchkhal to reach Phalate village in Bhumlu.",654,Quiet village with natural charm and rural lifestyle.,Phalate (Bhumlu)\download (1).jpeg; Phalate (Bhumlu)\download (2).jpeg; Phalate (Bhumlu)\download (3).jpeg; Phalate (Bhumlu)\download (4).jpeg; Phalate (Bhumlu)\download.jpeg,4.5,37.2,Moderate
549,bhumlutar,kavrepalanchok,All Year,Village,Village & Rural Tourism,Local visit,Easy,Road,27.605,85.545,3,Bhumlutar is a hillside village surrounded by forests and farmland. It reflects traditional community life and offers cultural immersion,"From Kathmandu, drive east via Panchkhal to reach Bhumlutar village in Kavre District.",125,Scenic village in Bhumlu valley with farmland views.,Bhumlutar\download (1).jpeg; Bhumlutar\download (2).jpeg; Bhumlutar\download (3).jpeg; Bhumlutar\download (5).jpeg; Bhumlutar\download.jpeg,4.3,37.6,Moderate
550,saping,kavrepalanchok,All Year,Village,Village & Rural Tourism,Hiking,Moderate,Road/Trail,27.62,85.54,3,"Saping is a rural settlement in Kavre district, known for its agricultural lifestyle and scenic surroundings.","From Kathmandu, drive east via Panchkhal to reach Saping village in Kavre District.",136,Village in Kavre with traditional farming and cultural life.,Saping\download (1).jpeg; Saping\download (2).jpeg; Saping\download (3).jpeg; Saping\download (4).jpeg; Saping\download.jpeg,4.3,41.1,Moderate
551,kalika (kavre),kavrepalanchok,All Year,Temple/Hill,Natural Attractions,"Pilgrimage, Hike",Moderate,Road/Trail,27.63,85.56,3,"Kalika in Kavre district is a spiritual site dedicated to Goddess Kalika. It is surrounded by hills and forests, making it a peaceful destination.","From Kathmandu, drive east via Banepa and Panchkhal to Kalika village in Kavre.",70,Sacred temple site amidst scenic hill landscapes.,Kalika (Kavre)\download (1).jpeg; Kalika (Kavre)\download (2).jpeg; Kalika (Kavre)\download (3).jpeg; Kalika (Kavre)\download (5).jpeg; Kalika (Kavre)\download.jpeg,4.2,17.5,Low
552,sunkhani,kavrepalanchok,All Year,Valley,Natural Attractions,"Hiking, Local visit",Moderate,Road,27.64,85.57,3,Sunkhani is a rural village known for its farming practices and cultural traditions. It offers scenic views and authentic rural experiences,"From Kathmandu, drive east via Panchkhal and Dolalghat to reach Sunkhani village.From Kathmandu, drive east via Panchkhal Highway to Sunkhani village.",250,Rural village known for agricultural practices and peaceful surroundings. Valley village known for agriculture and peaceful environment.,Sunkhani\download (1).jpeg; Sunkhani\download (2).jpeg; Sunkhani\download (3).jpeg; Sunkhani\download (5).jpeg; Sunkhani\download.jpeg,4.3,19,Low
553,timure,nuwakot,All Year,Border/Checkpoint,Village & Rural Tourism,Trekking approach,Moderate,Road,27.96,85.33,3,"Timure is a border town in Rasuwa district, serving as a gateway to Tibet. It has historical and trade significance","From Kathmandu, drive north via Trishuli Bazaar and Rasuwa to reach Timure.",350,"Himalayan border village near Tibet, starting point for trekking.",Timure\download (1).jpeg; Timure\download (2).jpeg; Timure\download (3).jpeg; Timure\download (4).jpeg; Timure\download.jpeg,4.3,26.1,Low
554,chitlang,makwanpur,All Year,Heritage village,Cultural & Religious Sites,"Hiking, Cultural visit",Moderate,Road,27.511,85.179,3,"Chitlang in Makwanpur district is a historic Newar settlement surrounded by hills and forests. It is known for its cultural heritage, organic farming, and scenic beauty.","From Kathmandu, drive south via Kulekhani and Chandragiri hills to reach Chitlang village.",330,Traditional Newar village with historical and cultural significance.,Chitlang\download (1).jpeg; Chitlang\download (2).jpeg; Chitlang\download (3).jpeg; Chitlang\download (5).jpeg; Chitlang\download.jpeg,4.3,34,Low
555,markhu,makwanpur,All Year,Village,Village & Rural Tourism,Local visit,Easy,Road,27.56,85.16,3,"Markhu is a lakeside village near Kulekhani Reservoir. It is popular for boating, fishing, and scenic views of surrounding hills.","From Kathmandu, drive southwest via Godawari to reach Markhu village.",700,Small hill village ideal for nature walks and local culture.,Markhu\download (1).jpeg; Markhu\download (2).jpeg; Markhu\download (3).jpeg; Markhu\download (4).jpeg; Markhu\download.jpeg,4.2,37,Moderate
556,fakhel,makwanpur,All Year,Village,Village & Rural Tourism,Local visit,Easy,Road,27.57,85.15,3,"Fakhel is a rural settlement in Makwanpur district, known for its farming practices and cultural traditions.","From Kathmandu, drive south via Godawari and Chapagaun to reach Fakhel village.",124,Rural settlement with scenic mountain views.,Fakhel\download (1).jpeg; Fakhel\download (2).jpeg; Fakhel\download (3).jpeg; Fakhel\download (5).jpeg; Fakhel\download.jpeg,4.5,31.2,Low
557,dakshinkali,kathmandu,All Year,Temple,Cultural & Religious Sites,Worship,Easy,Road,27.6209,85.2935,3,Dakshinkali Temple south of Kathmandu is dedicated to Goddess Kali. It is famous for animal sacrifices during festivals and is a powerful spiritual site,"From Kathmandu, drive south to reach Dakshinkali Temple near Kulekhani.",128,Famous temple dedicated to Goddess Kali near Kathmandu.,Dakshinkali Temple\Dakshinkali Temple 1.1.jpeg; Dakshinkali Temple\Dakshinkali Temple 1.10.jpeg; Dakshinkali Temple\Dakshinkali Temple 1.2.jpeg; Dakshinkali Temple\Dakshinkali Temple 1.3.jpeg; Dakshinkali Temple\Dakshinkali Temple 1.4.jpeg; Dakshinkali Temple\Dakshinkali Temple 1.5.jpeg; Dakshinkali Temple\Dakshinkali Temple 1.6.jpeg; Dakshinkali Temple\Dakshinkali Temple 1.7.jpeg; Dakshinkali Temple\Dakshinkali Temple 1.8.jpeg; Dakshinkali Temple\Dakshinkali Temple 1.9.jpeg,4.2,32.1,Low
558,chhampi,lalitpur,All Year,Village,Village & Rural Tourism,Local visit,Easy,Road,27.67,85.32,3,"Chhampi is a rural settlement in Lalitpur district, known for its farming lifestyle and cultural traditions.","From Kathmandu, drive southwest via Godawari and Chapagaun to reach Chhampi village.",136,Small village offering tranquility and rural charm.,Chhampi\download (1).jpeg; Chhampi\download (2).jpeg; Chhampi\download (3).jpeg; Chhampi\download (4).jpeg; Chhampi\download.jpeg,4.3,34.1,Low
559,tahakhel,lalitpur,All Year,Area/Locality,Village & Rural Tourism,Local visit,Easy,Road,27.65,85.31,3,Tahakhel is a hillside village surrounded by forests and farmland. It reflects traditional community life.,"From Kathmandu, drive south via Godawari and Chapagaun to reach Tahakhel village.",500,Remote settlement with natural beauty and traditional life.,Tahakhel\download (1).jpeg; Tahakhel\download (2).jpeg; Tahakhel\download (3).jpeg; Tahakhel\download (5).jpeg; Tahakhel\download.jpeg,4.3,43.4,Moderate
560,maneshwor mahadev temple,kathmandu,All Year,Temple,Cultural & Religious Sites,Worship,Easy,Road,27.7,85.333,3,Maneshwor Mahadev Temple is a Hindu shrine dedicated to Lord Shiva. It is a spiritual site visited by locals during festivals.,"From Kathmandu, drive north or east within the valley to reach Maneshwor Mahadev Temple.",600,Hilltop temple with religious significance.,Maneshwor Mahadev Temple\download (1).jpeg; Maneshwor Mahadev Temple\download (2).jpeg; Maneshwor Mahadev Temple\download (3).jpeg; Maneshwor Mahadev Temple\download (4).jpeg; Maneshwor Mahadev Temple\download.jpeg,4.1,72,High
561,dandagaun,lalitpur,All Year,Village,Village & Rural Tourism,Local visit,Easy,Road,27.66,85.34,3,Dandagaun is a rural settlement surrounded by terraced fields and hills. It reflects authentic rural life.,"From Kathmandu, drive south via Godawari and Chapagaun to Dandagaun village.",369,Scenic village with mountain views and farming communities.,Dandagaun\download (1).jpeg; Dandagaun\download (2).jpeg; Dandagaun\download (3).jpeg; Dandagaun\download (5).jpeg; Dandagaun\download.jpeg,4.5,50.9,Moderate
562,badikhel,lalitpur,All Year,Village,Village & Rural Tourism,Local visit,Easy,Road,27.67,85.35,3,"Badikhel is a village in Lalitpur district, known for its farming practices and cultural traditions.","From Kathmandu, drive south via Godawari and Chapagaun to reach Badikhel village.",105,Rural Newar village known for traditions and culture.,Badikhel\download (1).jpeg; Badikhel\download (2).jpeg; Badikhel\download (3).jpeg; Badikhel\download (4).jpeg; Badikhel\download.jpeg,4.5,26.3,Low
563,godawari,lalitpur,All Year,"Botanical garden, Park",Natural Attractions,"Nature visit, Hiking",Easy,Road,27.673,85.333,3,"Godawari is a botanical and cultural destination south of Kathmandu. It is famous for its gardens, biodiversity, and scenic beauty.","From Kathmandu, drive south to Godawari Botanical Garden and surrounding area.",500,"Area with botanical gardens, temples, and serene surroundings.",Godawari\download (1).jpeg; Godawari\download (2).jpeg; Godawari\download (3).jpeg; Godawari\download (5).jpeg; Godawari\download.jpeg,4.1,16.4,Low
564,chapakharka,lalitpur,All Year,Hill area,Natural Attractions,"Hiking, Views",Moderate,Road/Trail,27.68,85.34,3,Chapakharka is a hillside village surrounded by forests and farmland. It offers scenic views and cultural immersion.,"From Kathmandu, drive east via Banepa Highway to Chapakharka village in Kavre District.",400,"Peaceful settlement in the hills, ideal for trekking.",Chapakharka\download (1).jpeg; Chapakharka\download (2).jpeg; Chapakharka\download (3).jpeg; Chapakharka\download (4).jpeg; Chapakharka\download.jpeg,4,22,Low
565,ryale,lalitpur,All Year,Village,Village & Rural Tourism,Local visit,Easy,Road,27.69,85.35,3,"Ryale is a rural settlement in Kavre district, known for its farming lifestyle and traditional practices.","From Kathmandu, drive east via Panchkhal and Banepa to reach Ryale village.",450,Quiet village with scenic landscapes.,Ryale\download (1).jpeg; Ryale\download (2).jpeg; Ryale\download (3).jpeg; Ryale\download.jpeg; Ryale\images.jpeg,4.7,40.6,Moderate
566,mahendrajyoti,lalitpur,All Year,Landmark,Village & Rural Tourism,Visit,Easy,Road,27.7,85.36,3,Mahendrajyoti is a hillside village surrounded by forests and farmland. It reflects traditional community life.,"From Kathmandu, drive southwest via Godawari to reach Mahendrajyoti area.From Kathmandu, drive south via Godawari to Mahendrajyoti area.",383,Rural area with panoramic views of surrounding hills. Scenic hill area with panoramic views of surrounding valleys. Hilltop area offering panoramic views of surrounding valleys.,Mahendrajyoti\download (1).jpeg; Mahendrajyoti\download (2).jpeg; Mahendrajyoti\download (3).jpeg; Mahendrajyoti\download (4).jpeg; Mahendrajyoti\download.jpeg,4.2,38.3,Moderate
567,ugratara janagal,kathmandu,All Year,Temple/Locality,Cultural & Religious Sites,Pilgrimage,Easy,Road,27.71,85.36,3,Ugratara Janagal is a temple dedicated to Goddess Ugratara in Kavre district. It is a spiritual site with cultural significance,"From Kathmandu, drive southwest via Godawari and Chapagaun to reach Ugratara Janagal.",900,Sacred site known for local worship practices.,Ugratara Janagal\download (1).jpeg; Ugratara Janagal\download (2).jpeg; Ugratara Janagal\download (5).jpeg; Ugratara Janagal\download.jpeg; Ugratara Janagal\images.jpeg,3.9,39.3,Moderate
568,nala ugrachandi,kavrepalanchok,All Year,Temple,Cultural & Religious Sites,Pilgrimage,Easy,Road,27.62,85.57,3,Nala Ugrachandi is a temple in Kavre district dedicated to Goddess Ugrachandi. It is a spiritual landmark surrounded by traditional settlements.,"From Kathmandu, drive east via Banepa Highway to reach Nala village and Ugrachandi temple.",74,Village with temples and cultural significance.,Nala Ugrachandi\download (1).jpeg; Nala Ugrachandi\download (2).jpeg; Nala Ugrachandi\download (3).jpeg; Nala Ugrachandi\download (4).jpeg; Nala Ugrachandi\download.jpeg,4,18.6,Low
569,devitar,bhaktapur,All Year,Religious area,Cultural & Religious Sites,Pilgrimage,Easy,Road,27.683,85.416,3,"Devitar is a hillside settlement surrounded by terraced fields and forests. It reflects the traditional rural lifestyle of Nepal, where agriculture is the main occupation. The village is peaceful and offers scenic views of valleys and distant hills. Local shrines and community gatherings add cultural depth, making Devitar a destination for those seeking authentic village experiences.","From Kathmandu, drive east via Banepa and Panchkhal to reach Devitar village.",123,Religious site and peaceful rural settlement.,Devitar\download (1).jpeg; Devitar\download (2).jpeg; Devitar\download (3).jpeg; Devitar\download (5).jpeg; Devitar\download.jpeg,3.9,25.1,Low
570,nakhipot,lalitpur,All Year,Residential area,Village & Rural Tourism,Local visit,Easy,Road,27.665,85.325,3,"Nakhipot is a residential area in Lalitpur district that blends traditional Newar culture with modern development. It is known for its temples, local festivals, and community-centered living. The area has grown into a semi-urban settlement, yet retains its cultural roots through rituals and heritage sites.","From Kathmandu, drive south to Lalitpur city to reach Nakhipot.",258,Suburban area with cultural heritage and natural surroundings.,Nakhipot\download (1).jpeg; Nakhipot\download (2).jpeg; Nakhipot\download (3).jpeg; Nakhipot\download (4).jpeg; Nakhipot\download.jpeg,4.6,54.6,Moderate
571,madhyapur thimi,bhaktapur,All Year,Municipality,Urban & Modern Attractions,"Heritage, Culture",Easy,Road,27.672,85.416,3,"Madhyapur Thimi, located between Kathmandu and Bhaktapur, is a vibrant Newar town famous for pottery, mask-making, and colorful festivals. Its artisans line the streets, producing clay pots and decorative items that sustain local traditions. Thimi is also known for its lively Biska Jatra festival, which showcases the town’s cultural richness.","From Kathmandu, drive southeast to Thimi town in Lalitpur District.",159,Historic Newar town known for pottery and culture.,Thimi\Thimi 1.1.jpeg; Thimi\Thimi 1.10.jpeg; Thimi\Thimi 1.2.jpeg; Thimi\Thimi 1.3.jpeg; Thimi\Thimi 1.4.jpeg; Thimi\Thimi 1.5.jpeg; Thimi\Thimi 1.6.jpeg; Thimi\Thimi 1.7.jpeg; Thimi\Thimi 1.8.jpeg; Thimi\Thimi 1.9.jpeg,4,23.6,Low
572,mulpani,kathmandu,All Year,Local area,Village & Rural Tourism,Local visit,Easy,Road,27.7,85.35,3,"Mulpani is a growing residential area on the outskirts of Kathmandu, known for its open landscapes and developing infrastructure. It is home to the Mulpani Cricket Stadium, which has become a landmark for sports enthusiasts. The area combines rural charm with modern expansion.","From Kathmandu, drive south to reach Mulpani near Godawari.From Kathmandu, drive southeast within the city to reach Mulpani.",357,Village with access to hills and trekking routes. Suburban village near Kathmandu with natural and cultural attractions.,Mulpani\download (1).jpeg; Mulpani\download (2).jpeg; Mulpani\download (3).jpeg; Mulpani\download (5).jpeg; Mulpani\download.jpeg,4.5,34.2,Low
573,nayapati,kathmandu,All Year,Residential area,Village & Rural Tourism,Local visit,Easy,Road,27.69,85.35,3,"Nayapati is a hillside village northeast of Kathmandu, surrounded by forests and farmland. It reflects traditional community life, with agriculture and local shrines forming the backbone of daily living. The village offers scenic views and a peaceful environment.","From Kathmandu, drive south via Godawari to Nayapati village.",129,Quiet village with agricultural landscapes.,Nayapati\download (1).jpeg; Nayapati\download (2).jpeg; Nayapati\download (3).jpeg; Nayapati\download (5).jpeg; Nayapati\download.jpeg,4.6,32.3,Low
574,aalapot,kathmandu,All Year,Village/Locality,Village & Rural Tourism,Local visit,Easy,Road,27.68,85.34,3,"Aalapot is a rural settlement near Kathmandu, known for its terraced fields and traditional houses. It is a quiet village where farming and community rituals dominate daily life. The area is surrounded by hills, making it a scenic retreat close to the capital.","From Kathmandu, drive south via Chapagaun and Godawari to Aalapot.",321,Small hill settlement with serene environment.,Aalapot\download (1).jpeg; Aalapot\download (2).jpeg; Aalapot\download (3).jpeg; Aalapot\download (4).jpeg; Aalapot\download.jpeg,4.4,35.3,Moderate
575,mulkharka,makwanpur,All Year,Village,Village & Rural Tourism,Local visit,Easy,Road,27.5,85.18,3,"Mulkharka is a village near Sundarijal, often visited by trekkers heading toward the Helambu region. It is surrounded by forests and rivers, offering natural beauty and cultural immersion. The village is known for its Tamang community and traditional lifestyle.","From Kathmandu, drive east via Panchkhal to reach Mulkharka village.",987,Remote village offering mountain views and tranquility.,Mulkharka\download (1).jpeg; Mulkharka\download (2).jpeg; Mulkharka\download (3).jpeg; Mulkharka\download (5).jpeg; Mulkharka\download.jpeg,4.4,49.9,Moderate
576,dhunche,rasuwa,All Year,District HQ,Village & Rural Tourism,"Gateway to Langtang, Local services",Easy,Road,28.085,85.489,3,"Dhunche is the administrative center of Rasuwa district and serves as the gateway to Langtang National Park. It is a bustling town with lodges, shops, and government offices, catering to trekkers and visitors. Dhunche combines modern facilities with cultural traditions, making it an important stop for Himalayan exploration.","From Kathmandu, drive north via Sundarijal to reach Dhunche town in Rasuwa District.From Kathmandu, drive north via Trishuli Bazaar to reach Dhunche, Rasuwa District.",654,"Gateway town to Langtang National Park, trekking hub. Gateway town to Langtang National Park, popular for trekking.",Dhunche\download (1).jpeg; Dhunche\download (2).jpeg; Dhunche\download (3).jpeg; Dhunche\download (5).jpeg; Dhunche\download.jpeg,4.7,45.3,Moderate
577,bharkhu,rasuwa,All Year,Valley/area,Natural Attractions,"Trekking, Local visit",Moderate,Trail,28.21,85.45,3,"Bharkhu is a small settlement near Dhunche, often used as a starting point for treks into Langtang Valley. It is surrounded by hills and forests, offering scenic views and a peaceful environment. The village reflects traditional rural life and serves as a resting place for travelers.","From Kathmandu, drive north via Sundarijal and Dhunche to reach Bharkhu village.",125,Rural mountain village with traditional lifestyle.,Bharkhu\download (1).jpeg; Bharkhu\download (2).jpeg; Bharkhu\download (3).jpeg; Bharkhu\download (4).jpeg; Bharkhu\download.jpeg,4.4,32.7,Low
578,chandanbari,dhading,All Year,Village,Village & Rural Tourism,Local visit,Easy,Road,27.86,84.92,3,"Chandanbari, also known as Sing Gompa, is a popular stop on the Langtang trekking route. It is famous for its monastery and yak cheese factory, which attract trekkers and visitors. The area offers panoramic views of the Himalayas and serves as a cultural and spiritual hub in the region.","From Kathmandu, drive north via Rasuwa District to reach Chandanbari village.From Kathmandu, drive south via Godawari and Chapagaun to Chandanbari village.",136,Scenic hill settlement with peaceful surroundings. Peaceful hill village with panoramic views.,Chandanbari\download (1).jpeg; Chandanbari\download (2).jpeg; Chandanbari\download (3).jpeg; Chandanbari\download (4).jpeg; Chandanbari\download.jpeg,4.2,34.3,Low
579,mukharka,dhading,All Year,Village,Village & Rural Tourism,Local visit,Easy,Road,27.85,84.9,3,"Mukharka is a hillside village surrounded by terraced fields and forests. It reflects traditional community life, with agriculture and shrines forming the core of daily living. The village offers scenic views and cultural immersion for visitors","From Kathmandu, drive north via Rasuwa and Helambu region to reach Mukharka village.",127,Traditional village nestled in the hills.,Mukharka\download (1).jpeg; Mukharka\download (2).jpeg; Mukharka\download (3).jpeg; Mukharka\download (5).jpeg; Mukharka\download.jpeg,4.7,31.8,Low
580,sherpagaon,rasuwa,All Year,Village,Village & Rural Tourism,Trekking,Moderate,Trail,28.2,85.45,3,"Sherpagaon is a Tamang village in the Langtang region, known for its traditional houses and hospitality. It is a stop for trekkers exploring Langtang Valley, offering cultural immersion and scenic views of surrounding mountains.","From Kathmandu, drive north via Helambu region to reach Sherpagaon village.",250,Sherpa village offering Himalayan trekking experiences.,Sherpagaon\download (1).jpeg; Sherpagaon\download (2).jpeg; Sherpagaon\download (3).jpeg; Sherpagaon\download (4).jpeg; Sherpagaon\download.jpeg,4.7,34.5,Low
581,khangjim,rasuwa,All Year,Village,Village & Rural Tourism,Trekking,Moderate,Trail,28.19,85.46,3,"Khangjim is a small settlement in the Langtang region, often visited by trekkers. It reflects traditional Tamang culture and offers a peaceful environment surrounded by hills and forests. The village is known for its hospitality and cultural traditions.","From Kathmandu, drive north via Helambu trail to Khangjim village.",350,Small rural settlement with panoramic hill views.,Khangjim\download (1).jpeg; Khangjim\download (2).jpeg; Khangjim\download (3).jpeg; Khangjim\download (5).jpeg; Khangjim\download.jpeg,4.5,37.5,Moderate
582,bhalche,dhading,All Year,Village,Village & Rural Tourism,Local visit,Easy,Road,27.87,84.93,3,"Bhalche is a rural village in Nuwakot district, surrounded by hills and rivers. It reflects authentic rural life, with farming and community rituals forming the backbone of daily living. The village offers scenic views and cultural immersion","From Kathmandu, drive north via Helambu trail to Bhalche village.",330,Village in Kavre known for farming and scenic beauty. Hilltop village offering peaceful landscapes.,Bhalche\download (1).jpeg; Bhalche\download (2).jpeg; Bhalche\download (3).jpeg; Bhalche\download (4).jpeg; Bhalche\download.jpeg,4.5,41.7,Moderate
583,fikuri,dhading,All Year,Village,Village & Rural Tourism,Local visit,Easy,Road,27.88,84.94,3,"Fikuri is a hillside settlement known for its natural beauty and traditional lifestyle. It is surrounded by forests and terraced fields, offering a peaceful environment for visitors seeking rural immersion.","From Kathmandu, drive north via Helambu and Melamchi Valley to Fikuri village.",700,Quiet mountain village with authentic rural life. Scenic settlement with panoramic mountain views.,Fikuri\download (1).jpeg; Fikuri\download (2).jpeg; Fikuri\download (3).jpeg; Fikuri\download (4).jpeg; Fikuri\download.jpeg,4.3,51.4,Moderate
584,archale,gorkha,All Year,Village,Village & Rural Tourism,Local visit,Easy,Road,28,84.9,3,"Archale is a rural village surrounded by hills and farmland. It reflects traditional community life, with agriculture and shrines forming the core of daily living. The village offers scenic views and cultural immersion","From Kathmandu, drive south via Godawari to reach Archale village.",750,Traditional village surrounded by hills and farmland.,Archale\download (1).jpeg; Archale\download (2).jpeg; Archale\download (3).jpeg; Archale\download (5).jpeg; Archale\download.jpeg,4.5,43.2,Moderate
585,laharepauwa,nuwakot,All Year,Village,Village & Rural Tourism,Local visit,Easy,Road,27.95,85.12,3,"Laharepauwa is a settlement in Rasuwa district, known for its rural charm and traditional lifestyle. It is surrounded by hills and rivers, offering a peaceful environment for visitors. The village reflects authentic community-centered living","From Kathmandu, drive north via Helambu trail to reach Laharepauwa village.",1000,Hilltop settlement offering trekking access and scenic views.,Laharepauwa\download (1).jpeg; Laharepauwa\download (2).jpeg; Laharepauwa\download (3).jpeg; Laharepauwa\download (4).jpeg; Laharepauwa\download.jpeg,4.6,36.9,Moderate
586,kumpur,dhading,All Year,Village,Village & Rural Tourism,Local visit,Easy,Road,27.85,84.92,3,"Kumpur is a hillside settlement in Dhading District, Bagmati Province, situated at around 1,500 meters above sea level. Historically a Village Development Committee, it had a population of nearly 8,000 in the early 1990s. The village is known for its Ghale community, alongside Gurung, Newar, and Magar groups, each preserving distinct traditions. Its terraced fields and warm climate make it suitable for farming, while the surrounding hills provide scenic views and a peaceful rural lifestyle.","From Kathmandu, drive north via Helambu trail to Kumpur village.",980,Rural village with peaceful natural surroundings.,Kumpur\download (1).jpeg; Kumpur\download (2).jpeg; Kumpur\download (3).jpeg; Kumpur\download (5).jpeg; Kumpur\download.jpeg,4.5,54.9,Moderate
587,adamtar,dhading,All Year,Village,Village & Rural Tourism,Local visit,Easy,Road,27.84,84.91,3,"Adamtar lies in Siddhalek, Dhading, at an elevation of about 459 meters. It is a small locality close to Adamghat and Amilchhap, with Kathmandu just under 40 km away. The settlement is surrounded by fertile valleys and is part of Siddhalek Rural Municipality, which integrates several former VDCs. Its proximity to the capital makes it accessible yet retains a rural charm.","From Kathmandu, drive north via Helambu and Melamchi Valley to reach Adamtar village.",136,Small village with serene environment and agriculture.,Adamtar\download (1).jpeg; Adamtar\download (2).jpeg; Adamtar\download (3).jpeg; Adamtar\download (4).jpeg; Adamtar\download.jpeg,4.3,34.1,Low
588,belinitar,dhading,All Year,Village,Village & Rural Tourism,Local visit,Easy,Road,27.83,84.9,3,"Belinitar is a village in Dhading District, notable for its small primary school, Shree Belinitar Pra Vi. The school serves a modest student population, reflecting the rural character of the area. Belinitar lies near Gajuri and is surrounded by agricultural land, with families engaged in farming and local trade. Its educational institutions highlight the community’s focus on literacy and development.","From Kathmandu, drive north via Helambu trail to Belinitar village.",500,Quiet rural settlement in Kavre district.,Belinitar\download (1).jpeg; Belinitar\download (2).jpeg; Belinitar\download (3).jpeg; Belinitar\download (5).jpeg; Belinitar\download.jpeg,4.4,25.2,Low
589,bhutiya,dhading,All Year,Village,Village & Rural Tourism,Local visit,Easy,Road,27.82,84.89,3,"Bhutiya is a locality in Udayapurgadhi, Koshi Province, situated at an elevation of 554 meters. It lies about 150 km from Kathmandu and is surrounded by hills and fertile plains. The name Bhutiya is also associated with the Bhotiya ethnic group, who trace cultural ties to Tibet and practice Buddhism. The settlement reflects the blend of Tibeto-Burman heritage and Nepali rural life","From Kathmandu, drive north via Helambu trail to reach Bhutiya village.",136,Mountain village offering trekking opportunities and natural beauty.,Bhutiya\download (1).jpeg; Bhutiya\download (2).jpeg; Bhutiya\download (3).jpeg; Bhutiya\download (4).jpeg; Bhutiya\download.jpeg,4.5,34.2,Low
590,taruka,nuwakot,All Year,Temple area,Cultural & Religious Sites,Pilgrimage,Easy,Road,27.9,85.14,3,"Taruka, in Nuwakot District, is famous for its vegetable farming and its annual bullfight festival held during Makar Sankranti. With a population of nearly 5,000 in the 1990s, the village thrives on agriculture, supplying produce to nearby towns. The bullfight tradition is a unique cultural marker, drawing visitors and symbolizing communal celebration.","From Kathmandu, drive northwest via Tokha and Shivapuri area to reach Taruka village.",369,Historic village with temples and cultural significance.,Taruka\download (1).jpeg; Taruka\download (2).jpeg; Taruka\download (3).jpeg; Taruka\download (5).jpeg; Taruka\download.jpeg,3.9,27,Low
591,gorsyang,nuwakot,All Year,Area,Village & Rural Tourism,Local visit,Easy,Road,27.91,85.13,3,"Gorsyang is another Nuwakot settlement, historically a Village Development Committee with over 3,400 residents. It lies about 33 km from Kathmandu and is surrounded by terraced hills. The community is primarily agricultural, with households cultivating crops and raising livestock. Its location offers panoramic views of the mid-hills and a tranquil rural atmosphere","From Kathmandu, drive north via Sundarijal and Helambu trail to reach Gorsyang village.",700,Remote hill village with scenic landscapes.,Gorsyang\download (1).jpeg; Gorsyang\download (2).jpeg; Gorsyang\download (3).jpeg; Gorsyang\download (4).jpeg; Gorsyang\download.jpeg,4.4,52.9,Moderate
592,charghare,dhading,All Year,Village,Village & Rural Tourism,Local visit,Easy,Road,27.86,84.92,3,"Charghare, in Nuwakot, is a small village of about 470 people. It is known for the Jalpadevi Temple and its sloping terrain. The settlement includes several hamlets like Chainpur and Mulabari. Most residents are farmers, though modern houses are increasingly replacing traditional structures. The temple and surrounding hills make it a culturally and scenically significant site.","From Kathmandu, drive north via Helambu and Melamchi Valley to reach Charghare village.",500,Small settlement with traditional farming lifestyle.,Charghare\download (1).jpeg; Charghare\download (2).jpeg; Charghare\download (3).jpeg; Charghare\download (5).jpeg; Charghare\download.jpeg,4.4,51.2,Moderate
593,gerkhu,dhading,All Year,Village,Village & Rural Tourism,Local visit,Easy,Road,27.87,84.93,3,"Gerkhu lies within Gorkha District, a region historically tied to the unification of Nepal. While specific details about Gerkhu are limited, the broader district is renowned for its cultural heritage, including the Gorkha Durbar and the legacy of the Gurkha soldiers. Gerkhu likely shares in this mix of history, agriculture, and hilly terrain.","From Kathmandu, drive north via Sundarijal and Helambu trail to reach Gerkhu village.",400,Peaceful mountain village with panoramic views.,Gerkhu\download (1).jpeg; Gerkhu\download (2).jpeg; Gerkhu\download (3).jpeg; Gerkhu\download (4).jpeg; Gerkhu\download.jpeg,4.3,54.1,Moderate
594,haldekalika,dhading,All Year,Temple area,Cultural & Religious Sites,Pilgrimage,Easy,Road,27.88,84.94,3,"Haldekalika is part of Suryagadhi Rural Municipality in Nuwakot. It was merged with nearby VDCs in 2017 to form the municipality. The area spans about 50 square kilometers and has a population of around 16,800. It is characterized by diverse ethnic groups and agricultural livelihoods, with Ganesh Himal visible from its ridges.","From Kathmandu, drive northeast via Kavre District to reach Haldekalika Temple.",450,Hilltop temple site with surrounding natural beauty.,Haldekalika\download (1).jpeg; Haldekalika\download (2).jpeg; Haldekalika\download (3).jpeg; Haldekalika\download (5).jpeg; Haldekalika\download.jpeg,4,24.3,Low
595,hiramanitar,dhading,All Year,Village,Village & Rural Tourism,Local visit,Easy,Road,27.89,84.95,3,"Information on Hiramanitar is scarce, but it is a rural locality in Nepal, likely within Bagmati Province. Like other hill settlements, it is expected to feature terraced farming, traditional houses, and a mix of ethnic communities.","From Kathmandu, drive north via Helambu and Melamchi Valley to reach Hiramanitar village.",650,Remote village with serene surroundings and farmland.,Hiramanitar\download (1).jpeg; Hiramanitar\download (2).jpeg; Hiramanitar\download (3).jpeg; Hiramanitar\download (4).jpeg; Hiramanitar\download.jpeg,4.3,37.5,Moderate
596,ramche,rasuwa,All Year,High pasture,Village & Rural Tourism,"Trekking, Pasture",Hard,Trail,28.2,85.4,3,"Ramche exists in multiple districts, including Sindhupalchok and Rasuwa. In Sindhupalchok, it had nearly 2,900 residents in the 1990s. In Rasuwa’s Kalika area, Ramche sits at 1,875 meters and is part of trekking routes offering views of Ganesh Himal and Manaslu. Homestay programs here allow visitors to experience local Tamang culture.","From Kathmandu, drive north via Helambu and Melamchi Valley to reach Ramche village.",78,Rural settlement with trekking access and mountain vistas.,Ramche\download (1).jpeg; Ramche\download (2).jpeg; Ramche\download (3).jpeg; Ramche\download (5).jpeg; Ramche\download.jpeg,4.8,19.7,Low
597,thuman,rasuwa,All Year,Valley,Natural Attractions,"Trekking, Viewpoint",Moderate,Trail,28.21,85.42,3,"Thuman is a Tamang village in Rasuwa District, located at 2,400 meters. It is part of the Tamang Heritage Trail and offers views of Langtang Lirung and Ganesh Himal. The village is culturally rich, with traditional Tamang houses, Buddhist practices, and warm hospitality. Its remote setting makes it a highlight for trekkers","From Kathmandu, drive north via Helambu and Melamchi Valley to reach Thuman village.",119,Small village in Kavre with agricultural charm.,,4.5,29.8,Low
598,rasuwagadhi,rasuwa,All Year,Border fort,Village & Rural Tourism,"History, Viewpoint",Easy,Road,28.18,85.35,3,"Rasuwagadhi is a historic fort and border point with Tibet. Built in 1855, it lies along the Trishuli River near Timure. It has recently faced flood damage, but remains a key trade gateway. The fort ruins symbolize Nepal’s military history and its strategic location for commerce.","From Kathmandu, drive north via Trishuli Bazaar and Dhunche to reach Rasuwagadhi Fort near Nepal-China border.",258,Historic fort at the Nepal-China border with scenic views.,Rasuwa\Rasuwa 1.1.jpeg; Rasuwa\Rasuwa 1.10.jpeg; Rasuwa\Rasuwa 1.2.jpeg; Rasuwa\Rasuwa 1.3.jpeg; Rasuwa\Rasuwa 1.4.jpeg; Rasuwa\Rasuwa 1.5.jpeg; Rasuwa\Rasuwa 1.6.jpeg; Rasuwa\Rasuwa 1.7.jpeg; Rasuwa\Rasuwa 1.8.jpeg; Rasuwa\Rasuwa 1.9.jpeg,4.3,37.5,Moderate
599,tempu-helambu trek,sindhupalchok,Mar–May; Sep–Nov,Trekking; Village; Nature; Mountain Views,Trekking & Adventure,Trekking; Camping; Photography; Cultural Experience,Moderate,Flight + Trekking,27.745,85.638,1,"The Helambu Trek is a short, accessible trek near Kathmandu, lasting 5–9 days. It passes through rhododendron forests, Tamang and Sherpa villages, and monasteries. Highlights include Ama Yangri viewpoint and cultural immersion. The trek is moderate in difficulty and offers views of Langtang and Ganesh Himal.","From Kathmandu, drive to Melamchi in Sindhupalchok and start the Tempu-Helambu Trek crossing towards Solukhumbu.",750,A culturally rich trail blending Sherpa hospitality with stunning alpine scenery.,Helambu\download (1).jpeg; Helambu\download (2).jpeg; Helambu\download (3).jpeg; Helambu\download (4).jpeg; Helambu\download.jpeg,4.6,35.5,Moderate
600,chilime,rasuwa,All Year,Hydropower area,Village & Rural Tourism,Visit,Easy,Road,28.16,85.43,3,"Chilime is known for its hydropower plant in Rasuwa, commissioned in 2003. The run-of-the-river project generates 22.1 MW and symbolizes Nepal’s push for renewable energy. The surrounding area is mountainous, with Chilime River flowing through valleys","From Kathmandu, drive north via Trishuli Bazaar and Rasuwa to reach Chilime Hydropower area.",159,Small settlement known for hydroelectric projects and river scenery.,Chilime\download (1).jpeg; Chilime\download (2).jpeg; Chilime\download (3).jpeg; Chilime\download (4).jpeg; Chilime\download.jpeg,4.7,37.5,Moderate
601,saramthali,rasuwa,All Year,Village,Village & Rural Tourism,Local visit,Easy,Road,28.15,85.44,3,"Saramthali in Rasuwa lies at 1,496 meters. It had over 3,300 residents in the 1990s. The village is surrounded by hills and rivers, with agriculture as the main livelihood. Its proximity to Laharepauwa and Dandagaun connects it to other Tamang communities.","From Kathmandu, drive northeast via Sindhupalchok District to Saramthali village.",357,Quiet rural village with natural surroundings and traditional lifestyle.,Saramthali\download (1).jpeg; Saramthali\download (2).jpeg; Saramthali\download (3).jpeg; Saramthali\download (5).jpeg; Saramthali\download.jpeg,4.4,42.8,Moderate
602,doglang,rasuwa,All Year,Langtang area,Village & Rural Tourism,Trekking,Hard,Trail,28.19,85.48,3,"Doglang, in Bagmati Province, has a subarctic climate with cool summers and dry winters. It receives about 347 mm of rainfall annually and has over 200 rainy days. The settlement is rural, with farming adapted to its cooler climate.","From Kathmandu, drive north via Helambu and Melamchi Valley to reach Doglang village.",654,Remote village with serene Himalayan landscapes and trekking access.,Doglang\download (1).jpeg; Doglang\download (2).jpeg; Doglang\download (3).jpeg; Doglang\download (4).jpeg; Doglang\download.jpeg,4.6,36.7,Moderate
603,old langtang village,rasuwa,All Year,Trekking ruin site,Trekking & Adventure,"Trekking, Visit",Hard,Trail,28.21,85.52,3,"Langtang Village in Rasuwa was destroyed by a 2015 earthquake-triggered avalanche. Once a thriving trekking hub with lodges and a cheese factory, it had deep Tibetan roots dating back to the 15th century. The tragedy reshaped the valley, but rebuilding efforts continue","From Kathmandu, drive north via Syabrubesi, then trek to Old Langtang Village.",321,"Historic village rebuilt after the earthquake, with stunning mountain views.",Old Langtang Village\download (1).jpeg; Old Langtang Village\download (2).jpeg; Old Langtang Village\download (3).jpeg; Old Langtang Village\download (5).jpeg; Old Langtang Village\download.jpeg,4.7,39.7,Moderate
604,tsangbu ri,rasuwa,All Year,Peak,Village & Rural Tourism,Mountaineering,Hard,Expedition,28.22,85.53,3,"Tsangbu Ri, also called Kimshung, is a 6,781-meter peak in Langtang National Park. It lies near the border with Tibet, flanked by glaciers. Though unclimbed, it is a striking feature of the Langtang Valley, offering dramatic views alongside Langtang Lirung.","From Kathmandu, drive north via Helambu trail and Dhunche, then trek to Tsangbu Ri.",116,Mountain peak offering challenging trekking and panoramic vistas.,Tsangbu Ri\download (1).jpeg; Tsangbu Ri\download (2).jpeg; Tsangbu Ri\download (3).jpeg; Tsangbu Ri\download (4).jpeg; Tsangbu Ri\download.jpeg,4.8,29,Low
605,raksirang,makwanpur,All Year,Rural municipality,Village & Rural Tourism,Local visit,Easy,Road,27.333,85.02,3,"Raksirang is a rural municipality in Makwanpur District, with over 26,000 residents. Tamang and Chepang communities dominate, preserving unique languages and traditions. The area is hilly, with agriculture and forestry as key livelihoods.","From Kathmandu, drive south via Hetauda and Makwanpur District to reach Raksirang village.",654,Rural village with peaceful landscapes and traditional farming.,Raksirang\download (1).jpeg; Raksirang\download (2).jpeg; Raksirang\download (3).jpeg; Raksirang\download (5).jpeg; Raksirang\download.jpeg,4.2,45.7,Moderate
606,bharta pundyadevi,makwanpur,All Year,Village/Temple,Cultural & Religious Sites,Local visit,Easy,Road,27.32,85.03,3,"Bharta Pundyadevi, in Makwanpur’s Kailash Rural Municipality, had about 3,700 residents in the 1990s. It is a hill settlement with Tamang and Hindu communities. The village is culturally tied to the Kailash region, with farming as its backbone.","From Kathmandu, drive south via Hetauda to reach Bharta Pundyadevi village.",125,Scenic village surrounded by hills and forested areas.,Bharta Pundyadevi\download (1).jpeg; Bharta Pundyadevi\download (2).jpeg; Bharta Pundyadevi\download (3).jpeg; Bharta Pundyadevi\download (4).jpeg; Bharta Pundyadevi\download.jpeg,4.3,32.7,Low
607,gogane,lalitpur,All Year,Hill hamlet,Natural Attractions,"Trekking, View",Moderate,Trail,27.6,85.35,3,"Gogane in Makwanpur had nearly 4,500 residents in the 1990s. It is part of Kailash Rural Municipality and lies about 35 km from Kathmandu. The village is agricultural, with Tamang communities forming the majority.","From Kathmandu, drive north via Sundarijal and Helambu to reach Gogane village.",136,Hilltop village known for panoramic views and local culture.,Gogane\download (1).jpeg; Gogane\download (2).jpeg; Gogane\download.jpeg; Gogane\images (1).jpeg; Gogane\images.jpeg,4.1,22.9,Low
608,agara,lalitpur,All Year,Village,Village & Rural Tourism,Local visit,Easy,Road,27.61,85.36,3,"Agara in Makwanpur had nearly 7,000 residents in the 1990s. It is a diverse settlement with Tamang, Chhetri, and Brahmin groups. Farming dominates, with maize and millet as staples. Its cultural diversity reflects the broader Bagmati hill","From Kathmandu, drive northeast via Kavre District to Agara village.",139,Quiet settlement with authentic rural lifestyle.,Agara\download (5).jpeg; Agara\download.jpeg; Agara\images (1).jpeg; Agara\images (2).jpeg; Agara\images.jpeg,4.6,34.8,Low
609,tasarpu,lalitpur,All Year,Village,Village & Rural Tourism,Local visit,Easy,Road,27.62,85.37,3,"Tasarpu, also called Tasarphu, is a former Village Development Committee in Dhading District, Bagmati Province. At the 1991 census, it had a population of 4,321 living in 787 households. Today, it is part of a rural municipality and covers about 16 square kilometers. The settlement is surrounded by terraced hills and fertile valleys, with agriculture as the main livelihood. It is also known for attractions like Mini Lumbini and Talku Hill, which make it a small but culturally vibrant destination.","From Kathmandu, drive north via Helambu trail to reach Tasarpu village.",250,Village offering serene natural surroundings and trekking opportunities.,Tasarpu\download (1).jpeg; Tasarpu\download (2).jpeg; Tasarpu\download (3).jpeg; Tasarpu\download (4).jpeg; Tasarpu\download.jpeg,4.6,43.4,Moderate
610,kewalpur,makwanpur,All Year,Village,Village & Rural Tourism,Local visit,Easy,Road,27.34,85.04,3,"Kewalpur lies in Bagmati Province, about 22 km west of Kathmandu. Situated at 1,210 meters, it has a subtropical climate with warm summers and mild winters. The area receives heavy rainfall, averaging 2,002 mm annually, making it suitable for farming. It is a small rural locality with traditional houses and a mix of ethnic groups, reflecting the diversity of central Nepal.","From Kathmandu, drive south via Hetauda and Makwanpur District to Kewalpur.",350,Small community with agricultural focus and calm environment.,Kewalpur\download (1).jpeg; Kewalpur\download (2).jpeg; Kewalpur\download (3).jpeg; Kewalpur\download (5).jpeg; Kewalpur\download.jpeg,4.2,41.1,Moderate
611,jeewanpur,makwanpur,All Year,Village,Village & Rural Tourism,Local visit,Easy,Road,27.35,85.05,3,"Jeewanpur (Jiwanpur) is a former VDC in Dhading District. In 1991, it had nearly 8,000 residents across 1,459 households. The village is surrounded by hills and rivers, with agriculture as the backbone of its economy. Today, Jeewanpur is part of a rural municipality and is known for its scenic trails, cultural homestays, and proximity to Kathmandu, making it a peaceful retreat","From Kathmandu, drive south via Hetauda and Makwanpur District to reach Jeewanpur.",330,Rural village with scenic surroundings and local traditions.,Jeewanpur\download (1).jpeg; Jeewanpur\download (2).jpeg; Jeewanpur\download (3).jpeg; Jeewanpur\download (4).jpeg; Jeewanpur\download.jpeg,4.4,26.8,Low
612,chhatre deurali,makwanpur,All Year,Hill/Pass,Natural Attractions,Trekking,Moderate,Trail,27.36,85.06,3,"Chhatre Deurali, in Dhading District, had a population of 7,501 in 1991. It is now part of Bagmati Province’s rural municipalities. The area is surrounded by lush hills and offers panoramic views, making it a hidden gem for visitors seeking tranquility. Its cultural life is tied to Hindu traditions, with temples and local festivals shaping community identity.","From Kathmandu, drive north via Helambu trail to Chhatre Deurali.",125,Hill settlement providing trekking access and Himalayan views.,Chhatre Deurali\download (1).jpeg; Chhatre Deurali\download (2).jpeg; Chhatre Deurali\download (3).jpeg; Chhatre Deurali\download (5).jpeg; Chhatre Deurali\download.jpeg,3.9,31.3,Low
613,mudkhu,makwanpur,All Year,Village,Village & Rural Tourism,Local visit,Easy,Road,27.37,85.07,3,"Mudkhu is a locality in Tarakeshwor Municipality, Kathmandu District. Situated at 1,533 meters, it lies just 8 km northwest of Kathmandu. The area is known for its proximity to Nagarjun Forest Reserve and offers hiking trails, yoga retreats, and cultural homestays. Mudkhu blends rural charm with easy access to the capital, making it popular for short escapes.","From Kathmandu, drive north via Helambu trail to reach Mudkhu village.From Kathmandu, drive north via Helambu trail to Mudkhu village.",750,Remote village with picturesque landscapes and peaceful ambiance. Remote village surrounded by hills and forests.,Mudkhu\download (1).jpeg; Mudkhu\download (2).jpeg; Mudkhu\download (3).jpeg; Mudkhu\download (4).jpeg; Mudkhu\download.jpeg,4.5,36.9,Moderate
614,okharpauwa,nuwakot,All Year,Municipality,Urban & Modern Attractions,Local services,Easy,Road,27.88,85.12,3,"Okharpauwa is part of Kakani Rural Municipality in Nuwakot District. Historically a VDC, it had a population of 5,572 in 1991. Today, it is integrated into Kakani, which is famous for strawberries, trout farming, and mountain views. Okharpauwa itself is a farming community, with terraced fields and traditional houses, and lies along the Pasang Lhamu Highway.","From Kathmandu, drive north via Tokha and Nuwakot District to Okharpauwa village.From Kathmandu, drive north via Nuwakot District to reach Okharpauwa.",100,Traditional village known for agriculture and mountain views. Traditional hill village with panoramic views.,Okharpauwa\download (1).jpeg; Okharpauwa\download (2).jpeg; Okharpauwa\download (3).jpeg; Okharpauwa\download (4).jpeg; Okharpauwa\download.jpeg,4.4,36.1,Moderate
615,kakani,nuwakot,All Year,Hill station,Natural Attractions,"Viewpoint, Hiking",Easy,Road,27.901,85.265,3,"Kakani is a hill station in Nuwakot District, located 20 km northwest of Kathmandu at 2,030 meters. It is famous for its strawberry farms, trout fish, and panoramic views of Ganesh Himal and Langtang ranges. Kakani is also home to Gurkha welfare bungalows and adventure camps, making it a popular weekend destination.","From Kathmandu, drive northwest via Tokha and Nuwakot District to reach Kakani.From Kathmandu, drive northwest via Tokha and Nuwakot to Kakani.",980,Popular hill station offering panoramic Himalayan vistas. Popular hill station with panoramic Himalayan vistas.,,4.4,36.1,Moderate
616,bhadratar,nuwakot,All Year,Hill,Natural Attractions,Hiking,Moderate,Road,27.92,85.15,3,"Bhadratar, in Nuwakot District, had a population of 3,525 in 1991. It lies at about 1,038 meters and is surrounded by fertile valleys. The community is primarily agricultural, with maize and millet as staple crops. Its small population and scenic setting make it a quiet rural settlement.","From Kathmandu, drive northwest via Tokha and Nuwakot District to Bhadratar village.",92,Scenic village with serene hills and forests nearby.,Bhadratar\download (1).jpeg; Bhadratar\download (2).jpeg; Bhadratar\download (3).jpeg; Bhadratar\download (4).jpeg; Bhadratar\download.jpeg,4,23.1,Low
617,kharanitar,nuwakot,All Year,Village,Village & Rural Tourism,Local visit,Easy,Road,27.93,85.14,3,"Kharanitar is a small VDC in Nuwakot District, with a population of 1,524 in 1991. Located at 844 meters, it is home to diverse castes including Shrestha, Tamang, and Uprety families. The village was heavily affected by the 2015 earthquake but has been rebuilding since. It remains a culturally diverse and scenic settlement","From Kathmandu, drive northwest via Tokha and Nuwakot to reach Kharanitar village.",500,Rural settlement with panoramic views and natural beauty.,Kharanitar\download (1).jpeg; Kharanitar\download (2).jpeg; Kharanitar\download (3).jpeg; Kharanitar\download (5).jpeg; Kharanitar\download.jpeg,4.2,37.5,Moderate
618,likhu (generic),bagmati,All Year,River/Valley,Natural Attractions,"Trekking, Local visit",Moderate,Road/Trail,27.8,85.3,3,"Likhu Rural Municipality in Nuwakot is one of the smallest in Bagmati Province, covering 47.88 square kilometers. It was formed by merging several former VDCs, including Khanigaun and Suryamati. The area is agricultural, with potatoes and maize as key crops. Likhu is also tied to hydropower projects like Likhu-A and Likhu-2, which highlight its economic potential.","From Kathmandu, drive northeast via Kavre or Sindhupalchok Districts to reach Likhu village.",98,Village along the Likhu River valley with scenic surroundings.,Likhu (generic)\download (1).jpeg; Likhu (generic)\download (2).jpeg; Likhu (generic)\download (3).jpeg; Likhu (generic)\download (4).jpeg; Likhu (generic)\download.jpeg,4.3,24.5,Low
619,talakhu,kathmandu/kavre,All Year,River/Area,Natural Attractions,Local visit,Easy,Road,27.7,85.4,3,"Talakhu, in Nuwakot District, had a population of 3,128 in 1991. Situated at 1,697 meters, it is surrounded by hills and neighboring villages like Chhap and Haibung. The community is agricultural, with traditional houses and Hindu temples shaping its cultural life.","From Kathmandu, drive northeast via Kavre District to Talakhu village.",369,Peaceful village with local temples and mountain views.,Talakhu\download (1).jpeg; Talakhu\download (2).jpeg; Talakhu\download (3).jpeg; Talakhu\download (5).jpeg; Talakhu\download.jpeg,4.4,40.1,Moderate
620,gajuri,dhading,All Year,Municipality,Urban & Modern Attractions,"Market, Local visit",Easy,Road,27.9,84.9,3,"Gajuri is a rural municipality in Dhading District, covering 138 square kilometers. It has a population of over 27,000 and lies along the Prithvi Highway, making it a key transit hub between Kathmandu and Pokhara. Gajuri is diverse, with Hindu, Buddhist, and Muslim communities, and is known for its fertile valleys and trade centers.","From Kathmandu, drive northwest via Dhading District to reach Gajuri.",124,Town with agricultural lands and access to surrounding hills.,Gajuri\download (1).jpeg; Gajuri\download (2).jpeg; Gajuri\download (3).jpeg; Gajuri\download (4).jpeg; Gajuri\download.jpeg,4.1,31.1,Low
621,chuwabote gaun,dhading,All Year,Village,Village & Rural Tourism,Local visit,Easy,Road,27.88,84.92,3,"Chuwabote Gaun is a small locality in Bagmati Province. It is surrounded by hills and valleys, with agriculture as the main livelihood. The area is rural and less documented, but like other hill villages, it features terraced farming and traditional houses.","From Kathmandu, drive north via Helambu trail to Chuwabote village.",500,Quiet hill village with scenic landscapes.,Chuwabote Gaun\download (1).jpeg; Chuwabote Gaun\download (2).jpeg; Chuwabote Gaun\download (3).jpeg; Chuwabote Gaun\download (5).jpeg; Chuwabote Gaun\download.jpeg,4.3,42.4,Moderate
622,jyamrung,dhading,All Year,Village,Village & Rural Tourism,Local visit,Easy,Road,27.87,84.91,3,"Jyamrung, in Dhading District, is a scenic hill village offering panoramic views of Ganesh Himal and Langtang ranges. It is known for community homestays and cultural treks. The Jyamrung Trek is a moderate route that passes through rural villages, temples, and green hills, making it ideal for cultural immersion.","From Kathmandu, drive northwest via Dhading District to reach Jyamrung.From Kathmandu, drive northwest via Dhading District to reach Jyamrung village.",400,Village known for riverside scenery and peaceful environment. Riverside village with traditional lifestyle and calm environment.,Jyamrung\download (1).jpeg; Jyamrung\download (2).jpeg; Jyamrung\download (3).jpeg; Jyamrung\download (5).jpeg; Jyamrung\download.jpeg,4.7,27.7,Low
623,katunge,dhading,All Year,Village,Village & Rural Tourism,Local visit,Easy,Road,27.86,84.9,3,"Katunge (Katunje) in Dhading had a population of 5,906 in 2011. It is accessible by dirt road from Dhading Besi, though monsoon rains often cut off access. The village has several schools and initiatives like Future Village, which promote education. Katunge is a typical hill settlement with farming and cultural diversity.","From Kathmandu, drive north via Helambu and Melamchi Valley to reach Katunge village.From Kathmandu, drive north via Helambu and Melamchi Valley to Katunge village.",450,Small settlement offering traditional Himalayan culture. Small village offering rural charm and scenic surroundings.,Katunge\download (1).jpeg; Katunge\download (2).jpeg; Katunge\download (3).jpeg; Katunge\download (4).jpeg; Katunge\download.jpeg,4.2,35.1,Moderate
624,gokarneshwor temple,kathmandu,Oct–Dec,"Religious, Cultural",Cultural & Religious Sites,Pilgrimage,Easy,Road,27.7107° N,85.3390° E,3,"Gokarneshwor Mahadev Temple, located in Gokarna village east of Kathmandu, is one of Nepal’s oldest and most revered Shiva temples. Situated on the banks of the Bagmati River, it is surrounded by the Gokarna forest. The temple is especially significant during Gokarne Aunsi (Father’s Day), when devotees perform rituals for deceased fathers. Architecturally, it dates back to the Licchavi and Malla periods, with intricate stone carvings and pagoda-style structures.","From Kathmandu, drive northeast within the city to reach Gokarneshwor Temple.",650,Famous religious site near Kathmandu with spiritual significance.,Gokarneshwor\download (1).jpeg; Gokarneshwor\download (2).jpeg; Gokarneshwor\download (3).jpeg; Gokarneshwor\download (5).jpeg; Gokarneshwor\download.jpeg,3.9,60.1,High
625,tripureswor,kathmandu,Oct–Dec,"Religious, Cultural",Cultural & Religious Sites,Pilgrimage,Easy,Road,27.6953° N,85.3130° E,3,"Tripureswor in Dhading District is a historic settlement along the Netrawati River. At the 1991 census, it had a population of 2,707 across 497 households. The area was politically active during Nepal’s insurgency years and remains culturally significant. The river provides fertile land for agriculture, while the Tripureshwor Mahadev Temple in Kathmandu is one of Nepal’s largest Shiva shrines, rebuilt after the 1934 earthquake.","From Kathmandu, drive within the city to reach Tripureswor area.",900,Historic temple complex in Kathmandu with cultural importance.,Tripur\download (1).jpeg; Tripur\download (2).jpeg; Tripur\download (3).jpeg; Tripur\download (4).jpeg; Tripur\download.jpeg,4.1,42.8,Moderate
626,salyankot,dhading,Oct–Dec,"Scenic, Rural",Natural Attractions,"Hiking, Photography",Moderate,Trail,27.9494° N,84.9744° E,3,"Salyankot is a former VDC in Dhading District with a population of 4,951 in 1991. It is a hillside settlement with Hindu traditions and terraced farming. The area is known for its cultural resilience and scenic views of the mid-hills.","From Kathmandu, drive northwest via Nuwakot District to reach Salyankot village.",77,Hilltop area offering trekking routes and panoramic views.,Salyan\Salyan 1.1.jpeg; Salyan\Salyan 1.10.jpeg; Salyan\Salyan 1.2.jpeg; Salyan\Salyan 1.3.jpeg; Salyan\Salyan 1.4.jpeg; Salyan\Salyan 1.5.jpeg; Salyan\Salyan 1.6.jpeg; Salyan\Salyan 1.7.jpeg; Salyan\Salyan 1.8.jpeg; Salyan\Salyan 1.9.jpeg,4.4,19.3,Low
627,mahavir,kathmandu,Oct–Dec,Religious,Cultural & Religious Sites,Pilgrimage,Easy,Road,27.6880° N,85.3245° E,3,"Mahavir in Nepal is associated with Mahavir Jayanti, celebrated by the Jain community. Mahavir, the founder of Jainism, is revered for his teachings of non-violence and restraint. In Nepal, his philosophy is respected across communities, emphasizing tolerance and unity.","From Kathmandu, drive south via Hetauda to Mahavir area.",123,Village with religious significance and scenic surroundings.,Mahavir\HD-wallpaper-neminath-2-adinath-girnar-jain-jain-jainism-mahavir-neminath-palitana-vjaintalera-thumbnail.jpg,4,23.2,Low
628,vharse pokhari,dhading,Oct–Dec,"Nature, Waterbody",Natural Attractions,Trekking,Moderate,Trail,27.9632° N,85.0167° E,3,"Though specific details on Vharse Pokhari are limited, Pokhari settlements in Nepal often refer to natural ponds or lakes. Such places are culturally tied to water rituals and serve as community gathering spots.","From Kathmandu, drive north via Helambu trail to Vharse Pokhari.",258,Serene pond area in a rural setting.,Vharse Pokhari\download (5).jpeg; Vharse Pokhari\images (1).jpeg; Vharse Pokhari\images (2).jpeg; Vharse Pokhari\images (3).jpeg; Vharse Pokhari\images.jpeg,4.1,21.3,Low
629,gangajamuna,dhading,Oct–Dec,Waterfall,Natural Attractions,Trekking,Moderate,Trail,27.9744° N,84.9761° E,3,"Gangajamuna Rural Municipality in Dhading was formed by merging Rigaun, Gumdi, Phulkharka, Baseri, and Budhathum. It covers 154.72 km² and has a population of 21,784. Agriculture, tourism, and infrastructure are its development pillars, with scenic hills and rivers shaping its landscape.","From Kathmandu, drive north via Sundarijal and Helambu to reach Gangajamuna village.",159,Scenic waterfall and river area in the hills.,Gangajamuna\download (1).jpeg; Gangajamuna\download (2).jpeg; Gangajamuna\download (3).jpeg; Gangajamuna\download (4).jpeg; Gangajamuna\download.jpeg,4.4,15,Low
630,gumdi,dhading,Oct–Dec,"Rural, Scenic",Natural Attractions,Hiking,Moderate,Road,27.9431° N,84.9689° E,3,"Gumdi in Dhading had a population of 5,091 in 1991. It lies at 996 meters and is surrounded by hills and valleys. The community is agricultural, with Hindu traditions dominating local culture.","From Kathmandu, drive south via Hetauda to reach Gumdi village.",357,Peaceful rural settlement with natural surroundings.,Gumdi\download (1).jpeg; Gumdi\download (2).jpeg; Gumdi\download (3).jpeg; Gumdi\download (5).jpeg; Gumdi\download.jpeg,3.9,20.2,Low
631,khaniyanbas,dhading,Oct–Dec,Rural,Village & Rural Tourism,Hiking,Moderate,Road,27.9511° N,84.9811° E,3,"Khaniyabas Rural Municipality in Dhading was established in 2017, merging several VDCs. It spans 120.8 km² and has a population of 12,749. The literacy rate is about 59%. The area is known for its scenic ridges and Tamang communities.","From Kathmandu, drive north via Helambu trail to Khaniyanbas village.",654,Small village offering calm rural life and farmland views.,Khaniyanbas\download (1).jpeg; Khaniyanbas\download (2).jpeg; Khaniyanbas\download (3).jpeg; Khaniyanbas\download (4).jpeg; Khaniyanbas\download.jpeg,4.3,38.9,Moderate
632,satyadevi mandir,kathmandu,Oct–Dec,Religious,Cultural & Religious Sites,Pilgrimage,Easy,Road,27.6822° N,85.3194° E,3,"Satyadevi temples exist in multiple districts, including Palpa and Bhojpur. The Palpa temple is near Satyawati Lake at 1,400 meters, dedicated to the goddess Satyawati of the Magar community. Devotees shout their wishes aloud, a unique ritual tied to local belief.","From Kathmandu, drive northwest via Tokha and Nuwakot District to reach Satyadevi Mandir.",321,Hilltop temple attracting local devotees.,Satyadevi Mandir\download (1).jpeg; Satyadevi Mandir\download (2).jpeg; Satyadevi Mandir\download (3).jpeg; Satyadevi Mandir\download (5).jpeg; Satyadevi Mandir\download.jpeg,4.1,27.2,Low
633,kintang,dhading,Oct–Dec,"Rural, Scenic",Natural Attractions,Hiking,Moderate,Road,27.9578° N,84.9811° E,3,"Kintang in Nuwakot had a population of 2,204 in 1991. It is a hillside settlement with terraced farming and traditional houses. The community is small but culturally rich, reflecting the rural life of central Nepal.","From Kathmandu, drive north via Helambu and Melamchi Valley to Kintang village.",987,Village with agricultural lands and panoramic views.,Kintang\download (1).jpeg; Kintang\download (2).jpeg; Kintang\download (3).jpeg; Kintang\download (4).jpeg; Kintang\download.jpeg,4.2,42.6,Moderate
634,salme,dhading,Oct–Dec,"Rural, Scenic",Natural Attractions,Hiking,Moderate,Road,27.9656° N,84.9733° E,3,"Salme in Nuwakot had 1,678 residents in 1991. It is a quiet village with traditional houses and terraced fields. Documentaries highlight its Magar and Tamang traditions, making it a culturally vibrant settlement.","From Kathmandu, drive north via Helambu trail to reach Salme village.",654,Remote settlement with natural surroundings and tranquility.,Salme\download (1).jpeg; Salme\download (2).jpeg; Salme\download (3).jpeg; Salme\download (5).jpeg; Salme\download.jpeg,4.2,39.3,Moderate
635,kaule,dhading,Oct–Dec,"Rural, Scenic",Natural Attractions,Hiking,Moderate,Road,27.9572° N,84.9689° E,3,"Kaule in Nuwakot had 2,976 residents in 1991. It lies near Kakani and Dharmasthali, surrounded by fertile valleys. The community is agricultural, with maize and millet as staples.","From Kathmandu, drive north via Helambu trail to Kaule village.",136,Rural village with traditional lifestyle and farming.,Kaule\download (1).jpeg; Kaule\download (2).jpeg; Kaule\download (3).jpeg; Kaule\download (5).jpeg; Kaule\download.jpeg,4.2,39.3,Moderate
636,jibjibe,dhading,Oct–Dec,"Rural, Scenic",Natural Attractions,Hiking,Moderate,Road,27.9500° N,84.9656° E,3,"Jibjibe in Rasuwa had 4,944 residents in 1991. It lies south of Langtang National Park and is a gateway for treks. The village offers valley views and Tamang hospitality, making it a cultural stop for trekkers.","From Kathmandu, drive north via Helambu trail to Jibjibe village.",250,Small village surrounded by hills and farmland.,Jibjibe\download (1).jpeg; Jibjibe\download (2).jpeg; Jibjibe\download (3).jpeg; Jibjibe\download (4).jpeg; Jibjibe\download.jpeg,3.9,35.6,Moderate
637,bhorle,dhading,Oct–Dec,"Rural, Scenic",Natural Attractions,Hiking,Moderate,Road,27.9467° N,84.9639° E,3,"Bhorle in Rasuwa had 4,884 residents in 1991. It lies at 1,023 meters and is surrounded by Laharepauwa and Kharanitar. The community is agricultural, with Hindu traditions shaping its cultural life.","From Kathmandu, drive south via Hetauda and Makwanpur District to reach Bhorle.",350,Peaceful rural area with agricultural lands.,Bhorle\download (1).jpeg; Bhorle\download (2).jpeg; Bhorle\download (3).jpeg; Bhorle\download (6).jpeg; Bhorle\download.jpeg,3.9,28.4,Low
638,jharlang,dhading,Oct–Dec,"Rural, Scenic",Natural Attractions,Hiking,Moderate,Road,27.9433° N,84.9622° E,3,"Jharlang in Dhading had 3,891 residents in 1991. It is a Buddhist Tamang village, but also known for landslides like the Jharlang Pairo. The area reflects resilience amid geological challenges.","From Kathmandu, drive south via Hetauda and Makwanpur District to Jharlang.",330,Village with access to trekking and natural landscapes.,Jharlang\download (1).jpeg; Jharlang\download (2).jpeg; Jharlang\download (3).jpeg; Jharlang\download (4).jpeg; Jharlang\download (5).jpeg; Jharlang\download.jpeg,4.3,35.7,Moderate
639,hetauda,makwanpur,Oct–Dec,"Urban, Historic",Urban & Modern Attractions,Sightseeing,Easy,Road,27.4100° N,85.0294° E,3,"Hetauda is a sub-metropolitan city in Makwanpur District, with a population of 193,576 in 2021. Known as the “Green City,” it lies at 345 meters and is a hub for trade, industry, and culture. Attractions include Bhutandevi Temple, Kushmanda Sarowar, and Triveni Dham.","From Kathmandu, drive south via Mugling Highway to reach Hetauda city.",700,Industrial city surrounded by hills and rivers.,Hetauda\download (1).jpeg; Hetauda\download (2).jpeg; Hetauda\download (3).jpeg; Hetauda\download (4).jpeg; Hetauda\download.jpeg,4,42.4,Moderate
640,sukaura,makwanpur,Oct–Dec,Rural,Village & Rural Tourism,Hiking,Moderate,Road,27.4000° N,85.0200° E,3,"Sukaura in Makwanpur had 2,836 residents in 1991. It lies at 1,085 meters in Makwanpurgadhi Rural Municipality. The community is agricultural, with terraced fields and traditional houses.","From Kathmandu, drive south via Hetauda to Sukaura village.",750,Quiet village in the hills with serene surroundings.,Sukaura\download (1).jpeg; Sukaura\download (2).jpeg; Sukaura\download (3).jpeg; Sukaura\download (6).jpeg; Sukaura\download.jpeg,4.3,38.9,Moderate
641,lattaramveshwar mahadev temple,makwanpur,Oct–Dec,Religious,Cultural & Religious Sites,Pilgrimage,Easy,Road,27.4200° N,85.0400° E,3,"Located in Makwanpur’s Bhimphedi area, this Shiva temple sits at 2,700 meters. It is reached by a steep hike and offers panoramic views of Kathmandu Valley. The temple is a growing pilgrimage site, known for its spiritual significance and scenic setting.","From Kathmandu, drive south via Hetauda and Makwanpur District to reach Lattaramveshwar Mahadev Temple.",1000,Hilltop temple dedicated to Lord Shiva.,Lattaramveshwar Mahadev Temple\download (1).jpeg; Lattaramveshwar Mahadev Temple\download (2).jpeg; Lattaramveshwar Mahadev Temple\download (3).jpeg; Lattaramveshwar Mahadev Temple\download (4).jpeg; Lattaramveshwar Mahadev Temple\download (5).jpeg; Lattaramveshwar Mahadev Temple\download.jpeg,3.9,68.9,High
642,ichankhu narayan,kathmandu,Oct–Dec,Religious,Cultural & Religious Sites,Pilgrimage,Easy,Road,27.6878° N,85.3242° E,3,"Ichangu Narayan Temple near Swayambhunath in Kathmandu is dedicated to Vishnu. Built around AD 1200 in pagoda style, it is one of the valley’s four Narayan temples. The site features Garuda statues and Vaishnavite symbols, and was restored after the 2015 earthquake.","From Kathmandu, drive northeast to Ichankhu Narayan village near Bhaktapur.",980,Historical temple complex near Kathmandu Valley.,Ichankhu Narayan\download (1).jpeg; Ichankhu Narayan\download (2).jpeg; Ichankhu Narayan\download (5).jpeg; Ichankhu Narayan\download.jpeg; Ichankhu Narayan\images.jpeg,4.5,42.7,Moderate
643,harnamadi,dhading,Oct–Dec,Rural,Village & Rural Tourism,Hiking,Moderate,Road,27.9394° N,84.9600° E,3,"Harnamadi in Makwanpur is part of Hetauda Submetropolitan City. It had 5,318 residents in 1991. The area includes sites like Gumbadanda and Goraksha Tal. Historically, it was tied to battles during Nepal’s unification under Prithvi Narayan Shah.","From Kathmandu, drive north via Helambu and Melamchi Valley to reach Harnamadi village.",900,Small village with peaceful natural surroundings.,Harnamadi\download (1).jpeg; Harnamadi\download (2).jpeg; Harnamadi\download (3).jpeg; Harnamadi\download (4).jpeg; Harnamadi\download.jpeg,4.4,51.2,Moderate
644,shreepur chhatiwan,makwanpur,Oct–Dec,Rural,Village & Rural Tourism,Hiking,Moderate,Road,27.4300° N,85.0500° E,3,"Shreepur Chhatiwan lies in Makwanpur District, Bagmati Province, and is part of Chhatiwan Rural Municipality. It is a growing settlement with fertile plains and hilly terrain, serving as a hub for agriculture and trade. The area is known for its mixed communities and its role as a gateway between Hetauda and the eastern hills.","From Kathmandu, drive south via Hetauda and Makwanpur District to reach Shreepur Chhatiwan.",500,Rural settlement with agricultural landscape.,Shreepur Chhatiwan\download (4).jpeg; Shreepur Chhatiwan\download.jpeg; Shreepur Chhatiwan\images (1).jpeg; Shreepur Chhatiwan\images (2).jpeg; Shreepur Chhatiwan\images.jpeg,4.4,41.8,Moderate
645,gundu,kathmandu,Oct–Dec,Rural,Village & Rural Tourism,Hiking,Moderate,Road,27.6700° N,85.3300° E,3,"Gundu is a historic village in Bhaktapur District, famous for its traditional Newar culture and temples. It is surrounded by fertile fields and lies close to Bhaktapur city. The settlement preserves ancient architecture and festivals, making it a culturally rich destination.","From Kathmandu, drive south via Hetauda to reach Gundu village.",600,Suburban area near Kathmandu with cultural and natural attractions.,Gundu\download (1).jpeg; Gundu\download (2).jpeg; Gundu\download (3).jpeg; Gundu\download (5).jpeg; Gundu\download.jpeg,4.3,50.9,Moderate
646,manthali,ramechhap,Oct–Dec,Urban,Urban & Modern Attractions,Sightseeing,Easy,Road,27.3333° N,86.0500° E,3,"Manthali is the headquarters of Ramechhap District in Bagmati Province. Situated along the Tamakoshi River, it is a bustling town with administrative offices, schools, and markets. Manthali is also known as the gateway for flights to Lukla during peak trekking seasons, making it strategically important for tourism.","From Kathmandu, drive southeast via Ramechhap and Dolakha District to reach Manthali town.",369,District headquarters with town facilities and rural surroundings.,Manthali\download (1).jpeg; Manthali\download (2).jpeg; Manthali\download (3).jpeg; Manthali\download (4).jpeg; Manthali\download.jpeg,4.1,16.4,Low
647,asrang,ramechhap,Oct–Dec,Rural,Village & Rural Tourism,Hiking,Moderate,Road,27.3200° N,86.0400° E,3,"Asrang is a rural settlement in Lalitpur District, located in the southern hills. It is known for its terraced fields, traditional houses, and Buddhist and Hindu shrines. The area is culturally diverse, with Tamang and Newar communities shaping its traditions.","From Kathmandu, drive southeast via Ramechhap District to Asrang village.",700,Quiet village with traditional lifestyle and scenic views.,Asrang\download (1).jpeg; Asrang\download (2).jpeg; Asrang\download (3).jpeg; Asrang\download (5).jpeg; Asrang\download.jpeg,4.2,38.4,Moderate
648,chamere cave,ramechhap,Oct–Dec,Natural,Village & Rural Tourism,"Caving, Hiking",Challenging,Trail,27.3100° N,86.0300° E,3,"Chamere Cave, also called Bat Cave, is located in Pokhara, Kaski District. It is one of Nepal’s largest caves, stretching over 200 meters. The cave is home to thousands of bats and is a popular tourist attraction, offering adventurous exploration with narrow passages and limestone formations.","From Kathmandu, drive south via Hetauda and Makwanpur District to reach Chamere Cave.",500,Natural cave known for exploration and local legends.,Chamere Cave\download (1).jpeg; Chamere Cave\download (2).jpeg; Chamere Cave\download (3).jpeg; Chamere Cave\download (4).jpeg; Chamere Cave\download.jpeg,4.8,35.6,Moderate
649,gotikhel,kathmandu,Oct–Dec,Rural,Village & Rural Tourism,Hiking,Moderate,Road,27.6600° N,85.3400° E,3,"Gotikhel in Lalitpur District is a small town known for its agricultural fields and traditional lifestyle. It lies along the road connecting southern Lalitpur villages and serves as a local market hub. The community is primarily Newar, with festivals and rituals tied to Kathmandu Valley traditions.","From Kathmandu, drive south via Godawari and Chapagaun to reach Gotikhel village.",400,"Village with hills, trekking paths, and cultural heritage.",Gotikhel\download (1).jpeg; Gotikhel\download (2).jpeg; Gotikhel\download (3).jpeg; Gotikhel\download (5).jpeg; Gotikhel\download.jpeg,4.6,32.3,Low
650,koteshwor,kathmandu,Oct–Dec,Religious,Cultural & Religious Sites,Pilgrimage,Moderate,Road,27.6500° N,85.3500° E,3,"Koteshwor is a major urban hub in Kathmandu, located at the junction of the Arniko Highway and Ring Road. It is a bustling commercial and residential area, with shopping centers, schools, and hospitals. Historically, Koteshwor Mahadev Temple is a landmark, and today the area is a gateway to Bhaktapur and Lalitpur.","From anywhere within Kathmandu, take a local microbus, public bus, ring road taxi, or ride-sharing service directly to Koteshwor junction.",437,A busy urban transit hub packed with local markets and excellent city connectivity.,Koteshwor\download (1).jpeg; Koteshwor\download (2).jpeg; Koteshwor\download (3).jpeg; Koteshwor\download (4).jpeg; Koteshwor\download.jpeg,4.3,43.7,Moderate
651,chyamrang besi,kathmandu,Oct–Dec,Rural,Village & Rural Tourism,Hiking,Moderate,Road,27.6400° N,85.3600° E,3,"Chyamrang Besi in Lamjung District is a hillside settlement surrounded by terraced fields and rivers. It is part of the mid-hill trekking routes and reflects Gurung culture. The area is scenic, with views of Annapurna ranges and traditional homestays.","From Kathmandu, drive north via Helambu and Melamchi Valley to Chyamrang Besi.",650,Riverside village with calm environment and farming communities.,Chyamrang Besi\download (1).jpeg; Chyamrang Besi\download (2).jpeg; Chyamrang Besi\download (3).jpeg; Chyamrang Besi\download.jpeg; Chyamrang Besi\images.jpeg,4.4,38,Moderate
652,tin tale waterfall,kathmandu,Oct–Dec,Nature,Natural Attractions,Trekking,Moderate,Trail,27.6300° N,85.3700° E,3,"Tin Tale Jharana (Three-Tiered Waterfall) is located in Sindhupalchok District. It is a natural attraction with three cascading levels, surrounded by lush forests. The waterfall is popular among domestic tourists and is tied to local myths about purity and renewal.","From Kathmandu, drive north via Helambu trail to reach Tin Tale Waterfall.",70,Picturesque waterfall ideal for nature photography.,Tin Tale Waterfall\download (1).jpeg; Tin Tale Waterfall\download (2).jpeg; Tin Tale Waterfall\download (3).jpeg; Tin Tale Waterfall\download (5).jpeg; Tin Tale Waterfall\download.jpeg,4.2,17.6,Low
653,manikhel,kathmandu,Oct–Dec,Rural,Village & Rural Tourism,Hiking,Moderate,Road,27.6200° N,85.3800° E,3,"Manikhel in Lalitpur District is a Tamang village situated in the southern hills. It is known for its Buddhist monasteries, traditional houses, and cultural festivals. The area is scenic, with views of the Mahabharat range and fertile valleys.","From Kathmandu, drive south via Godawari and Chapagaun to reach Manikhel village.",875,Hill village offering serene surroundings and local culture.,Manikhel\download (1).jpeg; Manikhel\download (2).jpeg; Manikhel\download (3).jpeg; Manikhel\download (4).jpeg; Manikhel\download (6).jpeg; Manikhel\download.jpeg,4.5,37.5,Moderate
654,kalanti,kathmandu,Oct–Dec,Rural,Village & Rural Tourism,Hiking,Moderate,Road,27.6100° N,85.3900° E,3,"Kalanti is a rural locality in Bagmati Province, surrounded by hills and agricultural land. It is less documented but reflects the typical lifestyle of hill communities, with farming and small-scale trade as livelihoods.","From Kathmandu, drive south via Godawari to reach Kalanti village.",123,Rural settlement with agricultural lands and scenic landscapes.,Kalanti\download (1).jpeg; Kalanti\download (2).jpeg; Kalanti\download (3).jpeg; Kalanti\download (4).jpeg; Kalanti\download (5).jpeg; Kalanti\download.jpeg,4.4,42.4,Moderate
655,malpi,kathmandu,Oct–Dec,Rural,Village & Rural Tourism,Hiking,Moderate,Road,27.6000° N,85.4000° E,3,"Malpi in Kavrepalanchok District is famous for Malpi International School, one of Nepal’s leading private institutions. The area is semi-rural, with hills and rivers shaping its landscape. Malpi blends modern education with traditional village life.","From Kathmandu, drive south via Godawari to Malpi village.",258,Village with traditional lifestyle and peaceful environment.,,4.4,45.7,Moderate
656,kapalkot,kathmandu,Oct–Dec,Rural,Village & Rural Tourism,Hiking,Moderate,Road,27.5900° N,85.4100° E,3,"KapalKot in Sindhupalchok District is a small settlement known for its temples and hillside views. The name suggests ties to Hindu mythology, with “Kapal” referring to skull or head, often linked to Shiva traditions.","From Kathmandu, drive south via Godawari and Chapagaun to reach KapalKot village.",159,Historic site with hilltop views and cultural significance.,KapalKot\download (1).jpeg; KapalKot\download (2).jpeg; KapalKot\download (3).jpeg; KapalKot\download (4).jpeg; KapalKot\download.jpeg,4.6,32.3,Low
657,baramchi,kathmandu,Oct–Dec,Rural,Village & Rural Tourism,Hiking,Moderate,Road,27.5700° N,85.4300° E,3,"Baramchi in Sindhupalchok District had 3,484 residents in 1991. It lies at 1,384 meters and is surrounded by fertile valleys. The community is agricultural, with Hindu traditions shaping its cultural life.","From Kathmandu, drive north via Helambu and Melamchi Valley to Baramchi village.",105,Peaceful village with natural beauty and rural charm.,Baramchi\download (1).jpeg; Baramchi\download.jpeg; Baramchi\images (1).jpeg; Baramchi\images (2).jpeg; Baramchi\images.jpeg,4.5,26.4,Low
658,mankha,kathmandu,Oct–Dec,Rural,Village & Rural Tourism,Hiking,Moderate,Road,27.5600° N,85.4400° E,3,"Mankha in Sindhupalchok District had 3,065 residents in 1991. It lies at 1,208 meters and is part of the mid-hill settlements. The area is agricultural, with maize and millet as staple crops.","From Kathmandu, drive north via Helambu trail to Mankha village.",321,Remote village offering tranquility and mountain views.,Mankha\download (5).jpeg; Mankha\images (1).jpeg; Mankha\images (2).jpeg; Mankha\images (3).jpeg; Mankha\images.jpeg,4.6,28.2,Low
659,baneshwor,kathmandu,Oct–Dec,Religious,Cultural & Religious Sites,Pilgrimage,Easy,Road,27.5500° N,85.4500° E,3,"Baneshwor in Kathmandu is a major residential and commercial hub. It is divided into New Baneshwor and Old Baneshwor, with government offices, embassies, and shopping centers. Baneshwor is also home to Baneshwor Mahadev Temple, a historic shrine.","From downtown Kathmandu, easily catch a local public bus, tempo, or private ride-sharing service to New Baneshwor.",93,A busy urban transit hub packed with local markets and excellent city connectivity.,Baneshwor\download (1).jpeg; Baneshwor\download (2).jpeg; Baneshwor\download (3).jpeg; Baneshwor\download (4).jpeg; Baneshwor\download.jpeg,4.1,23.4,Low
660,yalmu waterfall,ramechhap,Oct–Dec,Nature,Natural Attractions,Trekking,Moderate,Trail,27.3400° N,86.0600° E,3,"Yalmu Waterfall in Sindhupalchok is a natural attraction surrounded by forests and hills. It is less documented but serves as a local tourist spot, offering scenic beauty and cool waters.","From Kathmandu, drive north via Helambu and Melamchi Valley to reach Yalmu Waterfall.",104,Refreshing waterfall set in serene forested surroundings.,Yalmu Waterfall\download (1).jpeg; Yalmu Waterfall\download (2).jpeg; Yalmu Waterfall\download (3).jpeg; Yalmu Waterfall\download (5).jpeg; Yalmu Waterfall\download.jpeg,4.1,26.1,Low
661,gathi,ramechhap,Oct–Dec,Rural,Village & Rural Tourism,Hiking,Moderate,Road,27.3300° N,86.0500° E,3,"Gathi in Sindhupalchok District is a rural settlement with terraced farming and traditional houses. It is part of the mid-hill communities, with Hindu and Buddhist traditions shaping its culture.","From Kathmandu, drive south via Godawari and Chapagaun to Gathi village.",125,Quiet rural village with scenic hills and farmland.,Gathi\download (1).jpeg; Gathi\download (2).jpeg; Gathi\download (3).jpeg; Gathi\download (4).jpeg; Gathi\download.jpeg,4.4,47.5,Moderate
662,marming,ramechhap,Oct–Dec,Rural,Village & Rural Tourism,Hiking,Moderate,Road,27.3200° N,86.0450° E,3,"Marming in Sindhupalchok District had 2,729 residents in 1991. It lies at 1,046 meters and is surrounded by fertile valleys. The community is agricultural, with Hindu traditions dominating local life.","From Kathmandu, drive north via Helambu trail to Marming village.From Kathmandu, drive north via Helambu trail to Marming village (repeat).",136,Hill village with peaceful landscapes and trekking access. Hill village with trekking access and panoramic views.,Marming\download (1).jpeg; Marming\download (2).jpeg; Marming\download (3).jpeg; Marming\download (5).jpeg; Marming\download.jpeg,4.4,37.8,Moderate
663,dhuskun,ramechhap,Oct–Dec,Rural,Village & Rural Tourism,Hiking,Moderate,Road,27.3150° N,86.0420° E,3,"Dhuskun in Sindhupalchok District had 3,480 residents in 1991. It lies at 1,066 meters and is part of the mid-hill settlements. The area is agricultural, with maize and millet as staples, and is culturally tied to Hindu traditions.","From Kathmandu, drive north via Helambu trail to Dhuskun village.",652,Remote settlement with natural beauty and calm environment.,Dhuskun\download (1).jpeg; Dhuskun\download (2).jpeg; Dhuskun\download (3).jpeg; Dhuskun\download (5).jpeg; Dhuskun\download.jpeg,4.3,44.2,Moderate
664,chaukati,ramechhap,Oct–Dec,Rural,Village & Rural Tourism,Hiking,Moderate,Road,27.3100° N,86.0380° E,3,"Chaukati in Sindhupalchok District is a hillside settlement with a population of around 3,000 in the early 1990s. It is surrounded by terraced fields and rivers, with agriculture as the main livelihood. The community is culturally tied to Hindu traditions, with temples and seasonal festivals shaping its identity.","From Kathmandu, drive south via Godawari and Chapagaun to Chaukati village.",250,Village along a hillside with panoramic views.,Chaukati\download (1).jpeg; Chaukati\download (2).jpeg; Chaukati\download (3).jpeg; Chaukati\download (4).jpeg; Chaukati\download.jpeg,4.5,44,Moderate
665,ghorthali,ramechhap,Oct–Dec,Rural,Village & Rural Tourism,Hiking,Moderate,Road,27.3050° N,86.0350° E,3,"Ghorthali lies in Sindhupalchok District at an elevation of about 2,000 meters. It is a scenic village with views of the Himalayas and is part of trekking routes in the region. The settlement is known for its Tamang culture and Buddhist practices, with monasteries and prayer flags dotting the hillsides","From Kathmandu, drive north via Helambu and Melamchi Valley to Ghorthali village.",350,Scenic rural area surrounded by forests and farmland.,Ghorthali\download (1).jpeg; Ghorthali\download (2).jpeg; Ghorthali\download (3).jpeg; Ghorthali\download (5).jpeg; Ghorthali\download.jpeg,4.2,45.7,Moderate
666,deudhunga dada,ramechhap,Oct–Dec,Scenic,Natural Attractions,Hiking,Moderate,Trail,27.2950° N,86.0250° E,3,"Deudhunga Dada is a hilltop site in Sindhupalchok, known for its religious significance. The name “Deudhunga” refers to a sacred stone, often tied to local legends and worship. The hill offers panoramic views of valleys and serves as a pilgrimage destination.","From Kathmandu, drive north via Helambu trail to Deudhunga Dada viewpoint.",121,Hilltop area with stunning sunrise and sunset views.,Deudhunga Dada\download (1).jpeg; Deudhunga Dada\download (2).jpeg; Deudhunga Dada\download (3).jpeg; Deudhunga Dada\download (5).jpeg; Deudhunga Dada\download.jpeg,4.2,30.3,Low
667,seti mata,ramechhap,Oct–Dec,Religious,Cultural & Religious Sites,Pilgrimage,Moderate,Trail,27.2900° N,86.0200° E,3,"Seti Mata is a Hindu shrine dedicated to a goddess associated with purity and rivers. Temples under this name are often located near water sources, where devotees perform rituals for blessings. The site is culturally important for local communities, especially during annual fairs.","From Kathmandu, drive north via Helambu and Melamchi Valley to Seti Mata.",750,Sacred temple site amidst natural surroundings.,Seti Mata\download (1).jpeg; Seti Mata\download (2).jpeg; Seti Mata\download (3).jpeg; Seti Mata\download (4).jpeg; Seti Mata\download.jpeg,4,40.8,Moderate
668,kalinchowk bhagawati temple,dolakha,Oct–Dec,Religious,Cultural & Religious Sites,Pilgrimage,Moderate,Road,27.7290° N,86.1086° E,3,"Kalinchowk Bhagawati Temple in Dolakha District is one of Nepal’s most famous pilgrimage sites. Situated at 3,842 meters, it is dedicated to Goddess Bhagawati. The temple is reached by cable car or trekking, and offers panoramic views of Gaurishankar, Langtang, and Everest ranges. It is especially popular during Janai Purnima.","From Kathmandu, drive northeast via Dolakha District to Kalinchowk Bhagawati Temple.",1000,Famous hilltop temple with Himalayan panoramas.,Kalinchowk Bhagawati Temple\download (1).jpeg; Kalinchowk Bhagawati Temple\download (2).jpeg; Kalinchowk Bhagawati Temple\download (3).jpeg; Kalinchowk Bhagawati Temple\download (5).jpeg; Kalinchowk Bhagawati Temple\download.jpeg,4.2,63.8,High
669,gairabari,ramechhap,Oct–Dec,Rural,Village & Rural Tourism,Hiking,Moderate,Road,27.2850° N,86.0150° E,3,"Gairabari in Sindhupalchok is a rural settlement with terraced fields and traditional houses. The community is small, with agriculture as its backbone. It reflects the typical lifestyle of mid-hill villages, with Hindu traditions shaping cultural life.","From Kathmandu, drive north via Helambu trail to Gairabari village.",980,Peaceful village with traditional lifestyle and farmland.,Gairabari\download (1).jpeg; Gairabari\download (2).jpeg; Gairabari\download (3).jpeg; Gairabari\download (4).jpeg; Gairabari\download.jpeg,4.7,45.7,Moderate
670,betechhap,ramechhap,Oct–Dec,Rural,Village & Rural Tourism,Hiking,Moderate,Road,27.2800° N,86.0100° E,3,"Betechhap in Sindhupalchok is a hillside settlement surrounded by fertile valleys. It is primarily agricultural, with maize and millet as staple crops. The community is rural and less documented, but it shares the cultural patterns of central hill villages","From Kathmandu, drive north via Helambu trail to Betechhap village.",900,Rural settlement with calm natural surroundings.,Betechhap\download (1).jpeg; Betechhap\download (2).jpeg; Betechhap\download (3).jpeg; Betechhap\download (5).jpeg; Betechhap\download.jpeg,4.4,39.4,Moderate
671,lisankhu,sindhupalchok,Oct–Dec,Rural,Village & Rural Tourism,Hiking,Moderate,Road,27.8430° N,85.7560° E,3,"Lisankhu in Sindhupalchok had a population of 4,548 in 1991. It lies at 1,196 meters and is surrounded by neighboring villages like Bhimtar and Kalikatar. The community is agricultural, with Hindu temples and seasonal festivals shaping its traditions.","From Kathmandu, drive north via Helambu and Melamchi Valley to Lisankhu village.",500,Remote village with scenic hills and cultural charm.,Lisankhu\download (1).jpeg; Lisankhu\download (2).jpeg; Lisankhu\download (3).jpeg; Lisankhu\download (4).jpeg; Lisankhu\download.jpeg,4.4,48.2,Moderate
672,attarpur,ramechhap,Oct–Dec,Rural,Village & Rural Tourism,Hiking,Moderate,Road,27.2750° N,86.0050° E,3,"Attarpur in Sindhupalchok is a small settlement with terraced fields and traditional houses. It is rural and less documented, but like other hill villages, it reflects a mix of Hindu and Buddhist practices.","From Kathmandu, drive south via Godawari and Chapagaun to Attarpur village.",113,Small village with agricultural landscape.,Attarpur\download (1).jpeg; Attarpur\download (2).jpeg; Attarpur\download (3).jpeg; Attarpur\download (5).jpeg; Attarpur\download.jpeg,4.3,28.3,Low
673,baghkhor,ramechhap,Oct–Dec,Rural,Village & Rural Tourism,Hiking,Moderate,Road,27.2700° N,86.0000° E,3,"Baghkhor in Sindhupalchok is a hillside settlement with a population of around 2,000 in the early 1990s. The name suggests ties to wildlife (“Bagh” meaning tiger), and the area is surrounded by forests and rivers.","From Kathmandu, drive south via Godawari to Baghkhor village.",369,Hill village with temples and scenic surroundings.,Baghkhor\download (1).jpeg; Baghkhor\download (2).jpeg; Baghkhor\download (3).jpeg; Baghkhor\download (4).jpeg; Baghkhor\download.jpeg,4.5,44.7,Moderate
674,aahaldanda,ramechhap,Oct–Dec,Rural,Village & Rural Tourism,Hiking,Moderate,Road,27.2650° N,85.9950° E,3,"Aahaldanda is a ridge settlement in Sindhupalchok, known for its panoramic views of valleys and hills. The community is agricultural, with maize and millet as staples. It is culturally tied to Hindu traditions.","From Kathmandu, drive north via Helambu trail to Aahaldanda village.",700,Quiet hilltop settlement offering panoramic views.,Aahaldanda\download (1).jpeg; Aahaldanda\download (2).jpeg; Aahaldanda\download (3).jpeg; Aahaldanda\download (5).jpeg; Aahaldanda\download.jpeg,4.6,41.4,Moderate
675,chuchure,ramechhap,Oct–Dec,Rural,Village & Rural Tourism,Hiking,Moderate,Road,27.2600° N,85.9900° E,3,"Chuchure in Sindhupalchok is a hillside settlement with terraced fields and traditional houses. It is rural and less documented, but reflects the agricultural lifestyle of mid-hill communities.","From Kathmandu, drive south via Godawari to Chuchure village.",400,Small rural village with peaceful environment.,Chuchure\download (1).jpeg; Chuchure\download (2).jpeg; Chuchure\download (3).jpeg; Chuchure\download (5).jpeg; Chuchure\download.jpeg,4.6,32.3,Low
676,harisiddhi,lalitpur,Oct–Dec,Religious,Cultural & Religious Sites,Pilgrimage,Easy,Road,27.6600° N,85.3500° E,3,"Harisiddhi in Lalitpur District is a historic Newar town famous for Harisiddhi Dance, a traditional masked performance dating back to the Licchavi period. The town has temples dedicated to Harisiddhi Devi and preserves ancient rituals, making it culturally significant","From Kathmandu, drive south to Lalitpur to reach Harisiddhi area.",450,Temple site surrounded by local community and greenery.,Harisiddhi\download (1).jpeg; Harisiddhi\download (2).jpeg; Harisiddhi\download (3).jpeg; Harisiddhi\download (4).jpeg; Harisiddhi\download.jpeg,4.4,37.5,Moderate
677,siddhipur,lalitpur,Oct–Dec,Religious,Cultural & Religious Sites,Pilgrimage,Easy,Road,27.6580° N,85.3470° E,3,"Siddhipur in Lalitpur is another Newar settlement, known for its traditional crafts and festivals. It is part of the Kathmandu Valley’s cultural circuit, with temples and rituals tied to Hindu and Buddhist traditions.","From Kathmandu, drive south to Lalitpur to Siddhipur village.",650,Traditional Newar town famous for pottery and culture.,Siddhipur\download (1).jpeg; Siddhipur\download (2).jpeg; Siddhipur\download (3).jpeg; Siddhipur\download (5).jpeg; Siddhipur\download.jpeg,4.4,44.8,Moderate
678,lubhu,lalitpur,Oct–Dec,Cultural,Cultural & Religious Sites,Sightseeing,Easy,Road,27.6570° N,85.3460° E,3,"Lubhu in Lalitpur is a historic Newar town famous for textile weaving, especially Dhaka and traditional cloth. It is culturally rich, with temples like Mahalaxmi Temple and annual jatras (festivals). The town blends heritage with artisanal industry.","From Kathmandu, drive southeast to Lalitpur to Lubhu village.",109,Heritage village with preserved Newar architecture.,Lubhu\download (1).jpeg; Lubhu\download (2).jpeg; Lubhu\download (3).jpeg; Lubhu\download (4).jpeg; Lubhu\download.jpeg,4,27.4,Low
679,dadhikot,bhaktapur,Oct–Dec,Religious,Cultural & Religious Sites,Pilgrimage,Easy,Road,27.6710° N,85.4210° E,3,"Dadhikot in Bhaktapur District is a growing semi-urban settlement. Once a rural village, it has expanded with modern housing and markets due to its proximity to Kathmandu. The area still preserves traditional temples and agricultural fields","From Kathmandu, drive east to Dadhikot village in Bhaktapur District.",101,Village with temples and scenic rural surroundings.,Dadhikot\download (1).jpeg; Dadhikot\download (2).jpeg; Dadhikot\download (3).jpeg; Dadhikot\download (5).jpeg; Dadhikot\download.jpeg,4.1,25.3,Low
680,gundu chaur,kathmandu,Oct–Dec,Rural,Village & Rural Tourism,Hiking,Moderate,Road,27.6550° N,85.3600° E,3,"Gundu Chaur in Bhaktapur is a fertile plain near Gundu village. It is known for agriculture, especially rice cultivation. The area is tied to Newar traditions, with temples and rituals shaping its cultural life.","From Kathmandu, drive south via Godawari to Gundu Chaur.",123,Open rural area with peaceful landscapes.,Gundu\download (1).jpeg; Gundu\download (2).jpeg; Gundu\download (3).jpeg; Gundu\download (5).jpeg; Gundu\download.jpeg,4.5,27.6,Low
681,ranikot,kathmandu,Oct–Dec,Scenic,Natural Attractions,Hiking,Moderate,Trail,27.6520° N,85.3580° E,3,"Ranikot, located southeast of Bhaktapur, is a hilltop viewpoint at around 1,800 meters. It is famous for its panoramic sunrise and sunset views over the Kathmandu Valley and Himalayan ranges including Langtang, Gaurishankar, and Everest on clear days. The area is dotted with small temples and homestays, making it a growing eco-tourism destination.","From Kathmandu, drive south via Godawari to Ranikot village.",258,Remote village with mountain vistas and natural beauty.,,4,18.7,Low
682,sirandada,ramechhap,Oct–Dec,Rural,Village & Rural Tourism,Hiking,Moderate,Trail,27.2550° N,85.9850° E,3,"Sirandada in Kavrepalanchok District is a scenic ridge settlement offering wide views of the mid-hills and Himalayas. It is known for its cultural blend of Tamang and Brahmin communities, with Buddhist monasteries and Hindu shrines coexisting. The area is also popular for short treks and camping.","From Kathmandu, drive north via Helambu trail to Sirandada village.",159,Hilltop settlement offering panoramic views.,Sirandada\download (1).jpeg; Sirandada\download (2).jpeg; Sirandada\download (3).jpeg; Sirandada\download (4).jpeg; Sirandada\download.jpeg,4.6,46.7,Moderate
683,ghyampe danda,ramechhap,Oct–Dec,Scenic,Natural Attractions,Hiking,Moderate,Trail,27.2500° N,85.9800° E,3,"Ghyampe Danda lies near Bhaktapur and is a hilltop viewpoint with cultural significance. It is home to the Martyr’s Memorial Park and statues commemorating Nepal’s heroes. The site also features picnic spots and panoramic views of the valley, making it a popular weekend destination.","From Kathmandu, drive north via Helambu trail to Ghyampe Danda.",357,Elevated village ideal for mountain vistas and hiking.,Ghyampe Danda\download (1).jpeg; Ghyampe Danda\download (2).jpeg; Ghyampe Danda\download (3).jpeg; Ghyampe Danda\download (5).jpeg; Ghyampe Danda\download.jpeg,4.3,17.2,Low
684,nangkhel,ramechhap,Oct–Dec,Rural,Village & Rural Tourism,Hiking,Moderate,Trail,27.2450° N,85.9750° E,3,"Nangkhel in Bhaktapur District is a rural settlement surrounded by terraced fields. It is known for its traditional Newar culture, with temples and seasonal jatras (festivals). The area is semi-rural but increasingly connected to urban Bhaktapur.","From Kathmandu, drive north via Helambu trail to Nangkhel village.",654,Quiet village with farmland and surrounding hills.,Nangkhel\download (1).jpeg; Nangkhel\download (2).jpeg; Nangkhel\download (3).jpeg; Nangkhel\download (4).jpeg; Nangkhel\download.jpeg,4.3,35.3,Moderate
685,bhainsepati,lalitpur,Oct–Dec,Urban,Urban & Modern Attractions,Sightseeing,Easy,Road,27.6580° N,85.3400° E,3,"Bhainsepati in Lalitpur District is a rapidly growing residential area south of Kathmandu. Once a quiet village, it has transformed into a modern suburb with housing colonies, schools, and hospitals. It still retains pockets of traditional Newar culture alongside urban development.","From Kathmandu, drive south to Lalitpur to reach Bhainsepati area.",321,Suburban area with cultural heritage and scenic views.,Bhainsepati\download (1).jpeg; Bhainsepati\download (2).jpeg; Bhainsepati\download (3).jpeg; Bhainsepati\download (5).jpeg; Bhainsepati\download.jpeg,4.2,15.4,Low
686,dhunkharka,ramechhap,Oct–Dec,Rural,Village & Rural Tourism,Hiking,Moderate,Trail,27.2400° N,85.9700° E,3,"Dhunkharka in Kavrepalanchok District is a hillside settlement with a population of around 4,000 in the early 1990s. It is surrounded by fertile valleys and is known for agriculture, especially maize and millet. The community is culturally diverse, with Hindu and Buddhist practices.","From Kathmandu, drive south via Godawari to Dhunkharka village.",987,Rural settlement with forested surroundings.,Dhunkharka\download (1).jpeg; Dhunkharka\download (2).jpeg; Dhunkharka\download (3).jpeg; Dhunkharka\download (4).jpeg; Dhunkharka\download.jpeg,4.6,35.4,Moderate
687,tindhare jharana,ramechhap,Oct–Dec,Waterfall,Natural Attractions,Trekking,Moderate,Trail,27.2350° N,85.9650° E,3,"Tindhare Jharana, also called Bahubali Waterfall, is located in Kavrepalanchok District. It is a spectacular three-stream waterfall cascading from cliffs, especially impressive during the monsoon. The site has become a popular tourist attraction, drawing visitors for photography and short hikes.","From Kathmandu, drive north via Helambu trail to Tindhare Waterfall.",654,Beautiful waterfall nestled in natural scenery.,Tindhare Jharana\download (1).jpeg; Tindhare Jharana\download (2).jpeg; Tindhare Jharana\download (3).jpeg; Tindhare Jharana\download (5).jpeg; Tindhare Jharana\download.jpeg,4.3,42.7,Moderate
688,patlekhet,ramechhap,Oct–Dec,Rural,Village & Rural Tourism,Hiking,Moderate,Trail,27.2300° N,85.9600° E,3,"Patlekhet in Kavrepalanchok is a rural settlement known for organic farming and eco-tourism. It is part of community-based tourism initiatives, offering homestays and experiences in sustainable agriculture. The area is scenic, with views of the mid-hills and traditional village life.","From Kathmandu, drive east via Panchkhal to Patlekhet village.",125,Peaceful village with traditional rural lifestyle.,Patlekhet\download (1).jpeg; Patlekhet\download (2).jpeg; Patlekhet\download (3).jpeg; Patlekhet\download (4).jpeg; Patlekhet\download.jpeg,4.2,45.7,Moderate
689,tinpiple,kavrepalanchok,Oct–Dec,"Rural, Scenic",Natural Attractions,Hiking,Moderate,Road,27.6050° N,85.5260° E,3,"TinPiple in Kavrepalanchok is a small settlement surrounded by terraced fields. It is rural and less documented, but like other hill villages, it reflects agricultural livelihoods and cultural traditions tied to Hinduism.","From Kathmandu, drive north via Helambu trail to TinPiple village.",136,Small hilltop settlement offering serene views.,TinPiple\download (1).jpeg; TinPiple\download (2).jpeg; TinPiple\download (3).jpeg; TinPiple\download (5).jpeg; TinPiple\download.jpeg,4.1,19,Low
690,dulalthok,kavrepalanchok,Oct–Dec,Rural,Village & Rural Tourism,Hiking,Moderate,Road,27.6000° N,85.5200° E,3,"Dulalthok in Kavrepalanchok District is a hillside settlement with a population of around 3,000 in the early 1990s. It is known for its fertile land and traditional houses. The community is primarily agricultural, with maize and millet as staples.","From Kathmandu, drive east via Panchkhal and Banepa to Dulalthok village.",112,Quiet village with farmland and surrounding hills.,Dulalthok\download (1).jpeg; Dulalthok\download (2).jpeg; Dulalthok\download (3).jpeg; Dulalthok\download (4).jpeg; Dulalthok\download.jpeg,4.6,28,Low
691,jyamdi mandan,kavrepalanchok,Oct–Dec,Rural,Village & Rural Tourism,Hiking,Moderate,Road,27.6120° N,85.5280° E,3,"Jyamdi Mandan in Kavrepalanchok is a hillside settlement with terraced farming and traditional houses. It is part of Mandan Deupur Municipality and is culturally tied to Hindu traditions. The area is scenic, with views of valleys and hills.","From Kathmandu, drive south via Godawari and Chapagaun to Jyamdi Mandan village.",350,Rural settlement with agricultural lifestyle.,Jyamdi Mandan\download (1).jpeg; Jyamdi Mandan\download (2).jpeg; Jyamdi Mandan\download (3).jpeg; Jyamdi Mandan\download (4).jpeg; Jyamdi Mandan\download.jpeg,4.5,25.4,Low
692,phalante,kavrepalanchok,Oct–Dec,Rural,Village & Rural Tourism,Hiking,Moderate,Road,27.6150° N,85.5320° E,3,"Phalante in Kavrepalanchok is a rural settlement surrounded by forests and fields. It is less documented but reflects the agricultural lifestyle of mid-hill communities, with maize and millet as staple crops.","From Kathmandu, drive east via Panchkhal to Phalante village.",330,Small village with peaceful surroundings.,Phalante\download (1).jpeg; Phalante\download (2).jpeg; Phalante\download (3).jpeg; Phalante\download (5).jpeg; Phalante\download.jpeg,4.2,32.4,Low
693,panichaur,kavrepalanchok,Oct–Dec,Rural,Village & Rural Tourism,Hiking,Moderate,Road,27.6180° N,85.5340° E,3,"Panichaur in Kavrepalanchok is a hillside settlement with terraced fields and traditional houses. The name suggests ties to water sources (“Pani” meaning water), and the area is likely known for springs or streams.","From Kathmandu, drive east via Panchkhal to Panichaur village.",700,Serene rural area with lush greenery.,Panichaur\download (1).jpeg; Panichaur\download (2).jpeg; Panichaur\download (3).jpeg; Panichaur\download (4).jpeg; Panichaur\download.jpeg,4.7,35.1,Moderate
694,bethan,dhading,Oct–Dec,Rural,Village & Rural Tourism,Hiking,Moderate,Road,27.9500° N,84.9750° E,3,"Bethan in Ramechhap District is a rural settlement with a population of around 4,000 in the early 1990s. It is surrounded by hills and rivers, with agriculture as the main livelihood. The community is culturally diverse, with Hindu and Buddhist practices.","From Kathmandu, drive east via Banepa Highway to Bethan village.",101,Traditional village with natural surroundings and farming.,Bethan\download (1).jpeg; Bethan\download (2).jpeg; Bethan\download (3).jpeg; Bethan\download (5).jpeg; Bethan\download.jpeg,4.5,25.4,Low
695,madan kundari,kavrepalanchok,Oct–Dec,Religious,Cultural & Religious Sites,Pilgrimage,Moderate,Road,27.6200° N,85.5350° E,3,Madan Kundari in Ramechhap District is a hillside settlement with terraced farming. It is less documented but reflects the rural lifestyle of eastern hill communities. The area is culturally tied to Hindu traditions.,"From Kathmandu, drive east via Panchkhal to Madan Kundari village.",118,Hill settlement with temples and panoramic views.,Madan Kundari\download (1).jpeg; Madan Kundari\download (2).jpeg; Madan Kundari\download (3).jpeg; Madan Kundari\download (4).jpeg; Madan Kundari\download.jpeg,4.4,29.5,Low
696,gunsi bhadaure,kavrepalanchok,Oct–Dec,Rural,Village & Rural Tourism,Hiking,Moderate,Road,27.6220° N,85.5360° E,3,"Gunsi Bhadaure in Ramechhap District is a rural settlement surrounded by hills and valleys. It is primarily agricultural, with maize and millet as staples. The community is small but culturally vibrant.","From Kathmandu, drive north via Helambu trail to Gunsi Bhadaure village.",980,Peaceful hill village with traditional farming and scenic surroundings.,Gunsi Bhadaure\download (1).jpeg; Gunsi Bhadaure\download (2).jpeg; Gunsi Bhadaure\download (3).jpeg; Gunsi Bhadaure\download (5).jpeg; Gunsi Bhadaure\download.jpeg,4.5,46.1,Moderate
697,tokarpur,kavrepalanchok,Oct–Dec,Rural,Village & Rural Tourism,Hiking,Moderate,Road,27.6250° N,85.5380° E,3,"Tokarpur in Ramechhap District is a hillside settlement with a population of around 3,000 in the early 1990s. It is surrounded by fertile valleys and rivers, with agriculture as the backbone of its economy.","From Kathmandu, drive south via Godawari to Tokarpur village.",900,Small settlement offering serene rural landscapes.,Tokarpur\download (1).jpeg; Tokarpur\download (2).jpeg; Tokarpur\download (3).jpeg; Tokarpur\download (4).jpeg; Tokarpur\download.jpeg,4.3,50.8,Moderate
698,katakuti,ramechhap,Oct–Dec,Rural,Village & Rural Tourism,Hiking,Moderate,Road,27.3500° N,86.0500° E,3,Katakuti in Ramechhap District is a rural settlement with terraced fields and traditional houses. It is culturally tied to Hindu traditions and is part of the mid-hill communities of eastern Nepal.,"From Kathmandu, drive north via Helambu trail to Katakuti village.",500,Remote village with natural beauty and traditional lifestyle.,Katakuti\download (1).jpeg; Katakuti\download (2).jpeg; Katakuti\download (3).jpeg; Katakuti\download (5).jpeg; Katakuti\download.jpeg,4.6,54.6,Moderate
699,bhusapheda,kavrepalanchok,Oct–Dec,Rural,Village & Rural Tourism,Hiking,Moderate,Road,27.6280° N,85.5400° E,3,"Bhusapheda in Ramechhap District is a hillside settlement with a population of around 3,000 in the early 1990s. It is surrounded by forests and rivers, with agriculture as the main livelihood. The community is culturally diverse, with Hindu and Buddhist practices.","From Kathmandu, drive north via Helambu trail to Bhusapheda village.",600,Quiet village nestled among hills and forests.,Bhusapheda\download (1).jpeg; Bhusapheda\download (2).jpeg; Bhusapheda\download (3).jpeg; Bhusapheda\download (4).jpeg; Bhusapheda\download.jpeg,4.5,47.6,Moderate
700,tauthali,sindhupalchok,Oct–Dec,Rural,Village & Rural Tourism,Hiking,Moderate,Road,27.8250° N,85.6500° E,3,"Tauthali in Sindhupalchok District is a rural village known for its terraced fields and traditional houses. It lies along mid-hill ridges and is culturally tied to Hindu and Buddhist practices. The community is small but vibrant, with agriculture as the backbone of its economy.","From Kathmandu, drive north via Helambu trail to Tauthali village.",700,Scenic rural settlement with cultural significance.,Tauthali\download (1).jpeg; Tauthali\download (2).jpeg; Tauthali\download (3).jpeg; Tauthali\download (4).jpeg; Tauthali\download.jpeg,4.5,36.2,Moderate
701,piskar,ramechhap,Oct–Dec,Rural,Village & Rural Tourism,Hiking,Moderate,Road,27.3150° N,86.0400° E,3,"Piskar in Sindhupalchok District is a hillside settlement with a population of around 3,000 in the early 1990s. It lies at 1,199 meters and is surrounded by neighboring villages like Bhimtar and Kalikatar. The community is agricultural, with maize and millet as staple crops, and is culturally tied to Hindu traditions.","From Kathmandu, drive north via Helambu trail to Piskar village.",500,Small village with peaceful surroundings and farmland.,Piskar\download (1).jpeg; Piskar\download (2).jpeg; Piskar\download (3).jpeg; Piskar\download (5).jpeg; Piskar\download.jpeg,4.3,51.4,Moderate
702,kharidhunga,dolakha,Oct–Dec,Rural,Village & Rural Tourism,Hiking,Moderate,Road,27.7000° N,86.1600° E,3,"Kharidhunga in Dolakha District is famous for its magnesite mines, one of Nepal’s largest mineral deposits. The area is industrially significant, with mining operations shaping its economy. It is also a hillside settlement with agricultural communities nearby, blending industry with rural life.","From Kathmandu, drive north via Helambu trail to Kharidhunga village.",400,Elevated settlement offering mountain vistas.,Kharidhunga\download (1).jpeg; Kharidhunga\download (2).jpeg; Kharidhunga\download (3).jpeg; Kharidhunga\download (4).jpeg; Kharidhunga\download.jpeg,4.6,42.3,Moderate
703,nalang,dhading,Oct–Dec,Rural,Village & Rural Tourism,Hiking,Moderate,Road,27.9700° N,84.9700° E,3,"Nalang in Dhading District is a rural settlement with a population of about 4,000 in the early 1990s. It is surrounded by hills and rivers, with agriculture as the main livelihood. The community is culturally diverse, with Hindu and Buddhist practices coexisting.","From Kathmandu, drive northwest via Tokha and Nuwakot District to reach Nalang village.",450,Riverside village with natural beauty and local charm.,Nalang\download (1).jpeg; Nalang\download (2).jpeg; Nalang\download (3).jpeg; Nalang\download (5).jpeg; Nalang\download.jpeg,4.4,32.9,Low
704,bungchung,ramechhap,Oct–Dec,Rural,Village & Rural Tourism,Hiking,Moderate,Road,27.3100° N,86.0350° E,3,"Bungchung in Dhading District is a hillside settlement with terraced fields and traditional houses. It is less documented but reflects the agricultural lifestyle of mid-hill communities, with maize and millet as staples.","From Kathmandu, drive north via Sundarijal and Helambu trail to Bungchung village.",650,Remote hill village with scenic landscapes.,Bungchung\download (1).jpeg; Bungchung\download (2).jpeg; Bungchung\download (3).jpeg; Bungchung\download (4).jpeg; Bungchung\download.jpeg,4.2,38.8,Moderate
705,dovantar,ramechhap,Oct–Dec,Rural,Village & Rural Tourism,Hiking,Moderate,Road,27.3050° N,86.0300° E,3,"Dovantar in Dhading District is a rural settlement surrounded by hills and valleys. It is primarily agricultural, with small-scale trade supporting local livelihoods. The community is culturally tied to Hindu traditions.","From Kathmandu, drive north via Helambu and Melamchi Valley to Dovantar village.",900,Traditional village surrounded by hills and forests.,Dovantar\download (1).jpeg; Dovantar\download (2).jpeg; Dovantar\download (3).jpeg; Dovantar\download (5).jpeg; Dovantar\download.jpeg,4.4,48.2,Moderate
706,sasaha,ramechhap,Oct–Dec,Rural,Village & Rural Tourism,Hiking,Moderate,Road,27.3000° N,86.0250° E,3,"Sasaha in Dhading District is a hillside settlement with terraced farming and traditional houses. It is rural and less documented, but like other hill villages, it reflects a mix of Hindu and Buddhist practices.","From Kathmandu, drive north via Helambu trail to Sasaha village.",131,Quiet settlement offering tranquility and natural surroundings.,Sasaha\download (1).jpeg; Sasaha\download (2).jpeg; Sasaha\download (3).jpeg; Sasaha\download (4).jpeg; Sasaha\download.jpeg,4.4,32.9,Low
707,murali bhanjyang,kavrepalanchok,Oct–Dec,Scenic,Natural Attractions,Hiking,Moderate,Road,27.6300° N,85.5450° E,3,"Murali Bhanjyang in Dhading District is a ridge settlement with panoramic views of valleys and hills. It is known for its terraced fields and traditional houses. The community is agricultural, with maize and millet as staples.","From Kathmandu, drive north via Helambu and Melamchi Valley to Murali Bhanjyang.",123,Hilltop pass with panoramic mountain views.,Murali Bhanjyang\download (1).jpeg; Murali Bhanjyang\download (2).jpeg; Murali Bhanjyang\download (3).jpeg; Murali Bhanjyang\download (5).jpeg; Murali Bhanjyang\download.jpeg,4.4,38.2,Moderate
708,aansi khola motorable bridge,kavrepalanchok,Oct–Dec,Infrastructure,Village & Rural Tourism,Sightseeing,Easy,Road,27.6320° N,85.5480° E,3,"The Aansi Khola Motorable Bridge in Dhading District is a key infrastructure project connecting rural settlements across the Aansi River. It has improved transportation, trade, and access to markets, schools, and healthcare. The bridge symbolizes rural modernization and connectivity.","From Kathmandu, drive north via Helambu trail to reach Aansi Khola Motorable Bridge.",258,Important river crossing with scenic surroundings.,Aansi Khola Motorable Bridge\download (1).jpeg; Aansi Khola Motorable Bridge\download (2).jpeg; Aansi Khola Motorable Bridge\download (3).jpeg; Aansi Khola Motorable Bridge\download (4).jpeg; Aansi Khola Motorable Bridge\download.jpeg,4.2,50.5,Moderate
709,golabhanjyang,kavrepalanchok,Oct–Dec,Scenic,Natural Attractions,Hiking,Moderate,Road,27.6380° N,85.5520° E,3,"Golabhanjyang in Dhading District is a ridge settlement with terraced fields and traditional houses. It is rural and less documented, but reflects the agricultural lifestyle of mid-hill communities.","From Kathmandu, drive north via Helambu trail to Golabhanjyang.",357,Hilltop settlement with panoramic views.,Golabhanjyang\download (1).jpeg; Golabhanjyang\download (2).jpeg; Golabhanjyang\download (3).jpeg; Golabhanjyang\download (4).jpeg; Golabhanjyang\download.jpeg,4.3,15.7,Low
710,phulkharka,kavrepalanchok,Oct–Dec,Scenic,Natural Attractions,Hiking,Moderate,Road,27.6460° N,85.5600° E,3,"Phulkharka in Dhading District is a hillside settlement with a population of about 5,000 in the early 1990s. It is surrounded by fertile valleys and rivers, with agriculture as the main livelihood. The community is culturally diverse, with Hindu and Buddhist practices.","From Kathmandu, drive north via Helambu trail to Phulkharka village.",71,Village with open fields and mountain views.,Phulkharka\download (1).jpeg; Phulkharka\download (2).jpeg; Phulkharka\download (3).jpeg; Phulkharka\download (5).jpeg; Phulkharka\download.jpeg,4.5,17.8,Low
711,budhathum,dhading,Oct–Dec,Rural,Village & Rural Tourism,Hiking,Moderate,Road,27.9500° N,84.9800° E,3,"Budhathum in Dhading District is a hillside settlement with terraced fields and traditional houses. It is rural and less documented, but reflects the agricultural lifestyle of mid-hill communities.","From Kathmandu, drive northwest via Dhading District to Budhathum village.",654,Traditional hill village surrounded by forests.,Budhathum\download (1).jpeg; Budhathum\download (2).jpeg; Budhathum\download (3).jpeg; Budhathum\download (4).jpeg; Budhathum\download.jpeg,4.2,45.7,Moderate
712,sangkosh,dhading,Oct–Dec,Waterbody,Village & Rural Tourism,Trekking,Moderate,Trail,27.9600° N,84.9850° E,3,"Sangkosh in Dhading District is a hillside settlement with terraced fields and traditional houses. It is rural and less documented, but reflects the agricultural lifestyle of mid-hill communities.","From Kathmandu, drive northwest via Dhading and Nuwakot to Sangkosh area.",136,Riverside area with beautiful natural surroundings.,Sangkosh\download (1).jpeg; Sangkosh\download (2).jpeg; Sangkosh\download (3).jpeg; Sangkosh\download (4).jpeg; Sangkosh\download.jpeg,4.6,54.6,Moderate
713,sertung,ramechhap,Oct–Dec,Rural,Village & Rural Tourism,Hiking,Moderate,Road,27.3000° N,86.0200° E,3,"Sertung in Dhading District is a hillside settlement with a population of about 3,000 in the early 1990s. It is surrounded by fertile valleys and rivers, with agriculture as the backbone of its economy. The community is culturally diverse, with Hindu and Buddhist practices.","From Kathmandu, drive north via Helambu trail to Sertung village.",652,Peaceful village with scenic landscapes.,Sertung\download (1).jpeg; Sertung\download (2).jpeg; Sertung\download (3).jpeg; Sertung\download (5).jpeg; Sertung\download.jpeg,4.3,47.7,Moderate
714,babil waterfall,ramechhap,Oct–Dec,Waterfall,Natural Attractions,Trekking,Moderate,Trail,27.2980° N,86.0180° E,3,"Babil Waterfall is a natural attraction in Sindhupalchok District, known for its cascading streams and lush surroundings. It is a hidden gem, less crowded than other waterfalls, and offers a serene environment for visitors. The site is popular among local trekkers and picnickers, especially during the monsoon when the water flow is strongest","From Kathmandu, drive north via Helambu trail to Babil Waterfall.",250,Picturesque waterfall in a serene forested setting.,Babil Waterfall\download (1).jpeg; Babil Waterfall\download (2).jpeg; Babil Waterfall\download (3).jpeg; Babil Waterfall\download (4).jpeg; Babil Waterfall\download.jpeg,4,44.5,Moderate
715,borang,ramechhap,Oct–Dec,Rural,Village & Rural Tourism,Hiking,Moderate,Road,27.2950° N,86.0150° E,3,"Borang in Dhading District is a hillside settlement with a population of about 3,500 in the early 1990s. It lies at 1,700 meters and is surrounded by fertile valleys. The community is primarily Tamang, with Buddhist traditions shaping its cultural life. Agriculture is the backbone of the economy, with maize and millet as staple crops.","From Kathmandu, drive north via Helambu trail to Borang village.",350,Small village with panoramic views and traditional lifestyle.,Borang\download (1).jpeg; Borang\download (2).jpeg; Borang\download (3).jpeg; Borang\download (5).jpeg; Borang\download.jpeg,4.3,31.1,Low
716,kalo daha mhane,ramechhap,Oct–Dec,"Scenic, Waterbody",Natural Attractions,Trekking,Moderate,Trail,27.2920° N,86.0120° E,3,"Kalo Daha Mhane (“Black Pond”) is a natural pond located in the mid-hills of Bagmati Province. It is tied to local myths and is considered sacred by nearby communities. The pond is surrounded by forests and terraced fields, making it a peaceful retreat for visitors.","From Kathmandu, drive north via Helambu and Melamchi Valley to Kalo Daha Mhane.",330,Scenic lake area ideal for relaxation and photography.,Daha\download (1).jpeg; Daha\download (2).jpeg; Daha\download (3).jpeg; Daha\download (4).jpeg; Daha\download.jpeg,3.9,25.5,Low
717,pusu wala kharka,ramechhap,Oct–Dec,"Pasture, Scenic",Natural Attractions,Trekking,Moderate,Trail,27.2900° N,86.0100° E,3,"Pusu Wala Kharka is a high-altitude pastureland in Rasuwa District. “Kharka” refers to grazing meadows, and this site is used seasonally by herders for livestock. It is surrounded by alpine forests and offers views of Ganesh Himal and Langtang ranges","From Kathmandu, drive north via Helambu trail to Pusu Wala Kharka.",127,High-altitude pasture with beautiful mountain scenery.,Pusu Wala Kharka\download (1).jpeg; Pusu Wala Kharka\download (2).jpeg; Pusu Wala Kharka\download (3).jpeg; Pusu Wala Kharka\download (5).jpeg; Pusu Wala Kharka\download.jpeg,4,31.8,Low
718,pabil,ramechhap,Oct–Dec,Rural,Village & Rural Tourism,Hiking,Moderate,Road,27.2880° N,86.0080° E,3,"Pabil in Rasuwa District is a rural settlement with terraced fields and traditional houses. It is less documented but reflects the agricultural lifestyle of Tamang communities. The area is scenic, with ridges and valleys shaping its landscape.","From Kathmandu, drive north via Helambu and Melamchi Valley to Pabil village.",750,Quiet rural settlement surrounded by hills and greenery.,Pabil\download (1).jpeg; Pabil\download (2).jpeg; Pabil\download (3).jpeg; Pabil\download (4).jpeg; Pabil\download.jpeg,4.3,38.3,Moderate
719,lauri binayak,ramechhap,Oct–Dec,Religious,Cultural & Religious Sites,Pilgrimage,Moderate,Road,27.2850° N,86.0050° E,3,"Lauri Binayak is a high-altitude ridge on the way to Gosainkunda Lake. It is a challenging section of the trek, with steep ascents and panoramic views of the Himalayas. The site is spiritually significant, with cairns and prayer flags marking the trail.","From Kathmandu, drive north via Helambu trail to Lauri Binayak village.",81,Hilltop temple area with spiritual significance.,Lauri Binayak\download (5).jpeg; Lauri Binayak\images (1).jpeg; Lauri Binayak\images (2).jpeg; Lauri Binayak\images (3).jpeg; Lauri Binayak\images.jpeg,4.4,20.4,Low
720,gaunkharka,ramechhap,Oct–Dec,Rural,Village & Rural Tourism,Hiking,Moderate,Road,27.2820° N,86.0030° E,3,"Gaunkharka in Rasuwa is a seasonal pastureland used by herders. It is surrounded by alpine forests and meadows, offering grazing grounds for livestock. The area is scenic and tied to traditional transhumance practices.","From Kathmandu, drive north via Helambu trail to Gaunkharka village.",500,Traditional village with scenic landscapes.,Gaunkharka\download (1).jpeg; Gaunkharka\download (2).jpeg; Gaunkharka\download (3).jpeg; Gaunkharka\download (4).jpeg; Gaunkharka\download.jpeg,4.3,44.3,Moderate
721,sursing waterfall,ramechhap,Oct–Dec,Waterfall,Natural Attractions,Trekking,Moderate,Trail,27.2800° N,86.0000° E,3,"Sursing Waterfall in Rasuwa is a natural attraction surrounded by forests and hills. It is less documented but serves as a local tourist spot, offering cool waters and scenic beauty.","From Kathmandu, drive north via Helambu trail to Sursing Waterfall.",600,Serene waterfall in a lush natural setting.,Sursing Waterfall\download (4).jpeg; Sursing Waterfall\images (1).jpeg; Sursing Waterfall\images (2).jpeg; Sursing Waterfall\images (3).jpeg; Sursing Waterfall\images.jpeg,4.2,41,Moderate
722,magingoth,ramechhap,Oct–Dec,Rural,Village & Rural Tourism,Hiking,Moderate,Road,27.2780° N,85.9980° E,3,"Magin Goth is a high-altitude grazing area along the Gosainkunda trekking route. It is surrounded by alpine meadows and forests, serving as a resting point for trekkers and herders. The area is culturally tied to Tamang traditions.","From Kathmandu, drive north via Helambu trail to MaginGoth village.",369,Remote hill village with calm surroundings.,MaginGoth\download (1).jpeg; MaginGoth\download (2).jpeg; MaginGoth\download (3).jpeg; MaginGoth\download (5).jpeg; MaginGoth\download.jpeg,4.4,25.6,Low
723,thakani,ramechhap,Oct–Dec,Rural,Village & Rural Tourism,Hiking,Moderate,Road,27.2750° N,85.9950° E,3,"Thakani in Dhading District is a hillside settlement with terraced fields and traditional houses. It is rural and less documented, but reflects the agricultural lifestyle of mid-hill communities.","From Kathmandu, drive north via Helambu trail to Thakani village.",700,Small settlement with traditional lifestyle and natural beauty.,Thakani\download (1).jpeg; Thakani\download (2).jpeg; Thakani\download (3).jpeg; Thakani\download (4).jpeg; Thakani\download.jpeg,4.6,37.3,Moderate
724,talramarang,ramechhap,Oct–Dec,Scenic,Natural Attractions,Hiking,Moderate,Road,27.2720° N,85.9930° E,3,Talramarang in Sindhupalchok District is a hillside settlement with terraced farming and traditional houses. It is culturally tied to Hindu traditions and is part of the mid-hill communities of central Nepal.,"From Kathmandu, drive north via Helambu trail to Talramarang village.",500,Scenic village offering panoramic hill views.,Talramarang\download (1).jpeg; Talramarang\download (2).jpeg; Talramarang\download (3).jpeg; Talramarang\download (5).jpeg; Talramarang\download.jpeg,4.5,36.2,Moderate
725,dubachaur,ramechhap,Oct–Dec,Rural,Village & Rural Tourism,Hiking,Moderate,Road,27.2700° N,85.9900° E,3,"Dubachaur in Sindhupalchok District is a ridge settlement with panoramic views of valleys and hills. It is primarily agricultural, with maize and millet as staples. The community is small but culturally vibrant.","From Kathmandu, drive north via Helambu trail to Dubachaur village.",400,Peaceful rural settlement with farmland and forests.,Dubachaur\download (1).jpeg; Dubachaur\download (2).jpeg; Dubachaur\download (3).jpeg; Dubachaur\download (4).jpeg; Dubachaur\download.jpeg,4.5,47.1,Moderate
726,tipeni,ramechhap,Oct–Dec,Rural,Village & Rural Tourism,Hiking,Moderate,Road,27.2680° N,85.9880° E,3,Tipeni in Sindhupalchok District is a rural settlement surrounded by terraced fields and rivers. It is less documented but reflects the agricultural lifestyle of mid-hill communities.,"From Kathmandu, drive north via Helambu trail to Tipeni village.",450,Village with scenic surroundings and calm environment.,Tipeni\download (1).jpeg; Tipeni\download (2).jpeg; Tipeni\download (3).jpeg; Tipeni\download (5).jpeg; Tipeni\download.jpeg,4.6,26.7,Low
727,sikharpur,ramechhap,Oct–Dec,Rural,Village & Rural Tourism,Hiking,Moderate,Road,27.2650° N,85.9850° E,3,"Sikharpur in Sindhupalchok District is a hillside settlement with terraced fields and traditional houses. It is rural and less documented, but culturally tied to Hindu traditions.","From Kathmandu, drive north via Helambu trail to Sikharpur village.",133,Elevated village with panoramic mountain vistas.,Sikharpur\download (1).jpeg; Sikharpur\download (2).jpeg; Sikharpur\download (3).jpeg; Sikharpur\download (4).jpeg; Sikharpur\download.jpeg,4.3,33.3,Low
728,phalate bhumlu,kavrepalanchok,Oct–Dec,Rural,Village & Rural Tourism,Hiking,Moderate,Road,27.6150° N,85.5250° E,3,"Phalate Bhumlu in Kavrepalanchok District is a hillside settlement with terraced fields and traditional houses. It is rural and less documented, but reflects the agricultural lifestyle of mid-hill communities.","From Kathmandu, drive east via Bhumlu and Dolalghat to Phalate village.",875,Quiet village in the Bhumlu valley with natural charm.,Phalate (Bhumlu)\download (1).jpeg; Phalate (Bhumlu)\download (2).jpeg; Phalate (Bhumlu)\download (3).jpeg; Phalate (Bhumlu)\download (4).jpeg; Phalate (Bhumlu)\download.jpeg,4.4,51.9,Moderate
729,chaubas,dhading,Oct–Dec,Urban,Urban & Modern Attractions,Sightseeing,Easy,Road,27.9500° N,84.9700° E,3,"Chaubas in Kavrepalanchok District is known for its community forestry projects and eco-tourism. The area has pine forests managed by local cooperatives, offering trekking and camping opportunities. It is a model for sustainable forestry in Nepal.","From Kathmandu, drive north via Sindhupalchok District to Chaubas.",123,Riverside town with cultural and natural attractions.,Chaubas\download (1).jpeg; Chaubas\download (2).jpeg; Chaubas\download (3).jpeg; Chaubas\download (5).jpeg; Chaubas\download.jpeg,4.1,16.1,Low
730,sanowangthali,kavrepalanchok,Oct–Dec,Rural,Village & Rural Tourism,Hiking,Moderate,Road,27.6100° N,85.5300° E,3,Sanowangthali in Kavrepalanchok District is a rural settlement surrounded by terraced fields and forests. It is less documented but reflects the agricultural lifestyle of mid-hill communities.,"From Kathmandu, drive north via Helambu trail to Sanowangthali village.",258,Small village with peaceful rural surroundings.,Sanowangthali\download (1).jpeg; Sanowangthali\download (2).jpeg; Sanowangthali\download (3).jpeg; Sanowangthali\download (4).jpeg; Sanowangthali\download.jpeg,4.7,45.8,Moderate
731,bangthali,ramechhap,Oct–Dec,Rural,Village & Rural Tourism,Hiking,Moderate,Road,27.2600° N,85.9800° E,3,"Bangthali in Kavrepalanchok District is a hillside settlement with terraced fields and traditional houses. It is rural and less documented, but culturally tied to Hindu traditions.","From Kathmandu, drive north via Helambu and Melamchi Valley to Bangthali village.",159,Traditional village in hilly terrain with scenic beauty.,Bangthali\download (1).jpeg; Bangthali\download (2).jpeg; Bangthali\download (3).jpeg; Bangthali\download (5).jpeg; Bangthali\download.jpeg,4.2,48,Moderate
732,dhumthang,ramechhap,Oct–Dec,Rural,Village & Rural Tourism,Hiking,Moderate,Road,27.2550° N,85.9750° E,3,"Dhumthang in Sindhupalchok District is a hillside settlement surrounded by terraced fields and forests. It is primarily agricultural, with maize and millet as staple crops. The community is small but culturally vibrant, reflecting the traditions of mid-hill Nepal","From Kathmandu, drive north via Helambu trail to Dhumthang village.",357,Rural settlement offering tranquility and mountain views.,Dhumthang\download (1).jpeg; Dhumthang\download (2).jpeg; Dhumthang\download (3).jpeg; Dhumthang\download (4).jpeg; Dhumthang\download.jpeg,4.4,49.9,Moderate
733,nitya chandeshwor,kavrepalanchok,Oct–Dec,Religious,Cultural & Religious Sites,Pilgrimage,Easy,Road,27.5900° N,85.5400° E,3,"Nitya Chandeshwor is a Hindu temple dedicated to Lord Shiva, located in Bhaktapur District. It is an important religious site, with devotees visiting during Shivaratri and other festivals. The temple is architecturally significant, with pagoda-style design and stone carvings.","From Kathmandu, drive north via Helambu trail to Nitya Chandeshwor.",80,Sacred temple site amidst serene surroundings.,Nitya Chandeshwor\download (1).jpeg; Nitya Chandeshwor\download (2).jpeg; Nitya Chandeshwor\download (3).jpeg; Nitya Chandeshwor\download (5).jpeg; Nitya Chandeshwor\download.jpeg,4.3,20.2,Low
734,gairi gaun,kavrepalanchok,Oct–Dec,Rural,Village & Rural Tourism,Hiking,Moderate,Road,27.5750° N,85.5250° E,3,"Gairi Gaun is a rural settlement in Kavrepalanchok District, surrounded by fertile valleys and rivers. It is primarily agricultural, with maize and millet as staples. The community is culturally tied to Hindu traditions, with temples and seasonal fairs.","From Kathmandu, drive north via Helambu trail to Gairi Gaun.",113,Small village surrounded by hills and farmland.,Gairi Gaun\download (1).jpeg; Gairi Gaun\download (2).jpeg; Gairi Gaun\download (3).jpeg; Gairi Gaun\download (5).jpeg; Gairi Gaun\download.jpeg,4.5,28.4,Low
735,kursi dada,kavrepalanchok,Oct–Dec,Scenic,Natural Attractions,Hiking,Moderate,Trail,27.5700° N,85.5200° E,3,"Kursi Dada is a hilltop viewpoint in Kavrepalanchok District. It offers panoramic views of the mid-hills and Himalayas, making it a popular destination for short treks and camping. The site is culturally tied to local legends and serves as a spiritual retreat.","From Kathmandu, drive north via Helambu trail to Kursi Dada viewpoint.",87,Elevated village with panoramic mountain views.,Kursi Dada\download (1).jpeg; Kursi Dada\download (2).jpeg; Kursi Dada\download (3).jpeg; Kursi Dada\download (4).jpeg; Kursi Dada\download.jpeg,4.3,21.8,Low
736,batase dada,kavrepalanchok,Oct–Dec,Scenic,Natural Attractions,Hiking,Moderate,Trail,27.5650° N,85.5150° E,3,"Batase Dada in Kavrepalanchok is a ridge settlement known for its breezy climate (“Batase” meaning windy). It is surrounded by terraced fields and forests, offering scenic views of valleys and hills. The community is agricultural, with Hindu traditions shaping its cultural life.","From Kathmandu, drive north via Helambu trail to Batase Dada viewpoint.",125,Hilltop settlement with scenic landscapes.,Batase Dada\download (1).jpeg; Batase Dada\download (2).jpeg; Batase Dada\download (3).jpeg; Batase Dada\download (5).jpeg; Batase Dada\download.jpeg,4,42.5,Moderate
737,rolling batase hills,kavrepalanchok,Oct–Dec,Scenic,Natural Attractions,Hiking,Moderate,Trail,27.5600° N,85.5100° E,3,"The Rolling Batase Hills in Kavrepalanchok are a series of ridges and valleys known for their scenic beauty. They are popular for hiking and camping, offering wide views of the Himalayas. The area is culturally tied to local communities, with temples and shrines scattered across the hills.","From Kathmandu, drive north via Helambu trail to Rolling Batase Hills.",136,Undulating hills ideal for trekking and nature walks.,Rolling Batase Hills\download (1).jpeg; Rolling Batase Hills\download (2).jpeg; Rolling Batase Hills\download (3).jpeg; Rolling Batase Hills\download (4).jpeg; Rolling Batase Hills\download.jpeg,3.9,21.9,Low
738,judlee,kavrepalanchok,Oct–Dec,Rural,Village & Rural Tourism,Hiking,Moderate,Road,27.5550° N,85.5050° E,3,Judlee in Kavrepalanchok District is a rural settlement with terraced fields and traditional houses. It is less documented but reflects the agricultural lifestyle of mid-hill communities.,"From Kathmandu, drive north via Helambu trail to Judlee village.",124,Quiet rural village with farmland and natural surroundings.,Judlee\download (1).jpeg; Judlee\download (2).jpeg; Judlee\download (3).jpeg; Judlee\download (4).jpeg; Judlee\download (5).jpeg; Judlee\download.jpeg,4.3,31.1,Low
739,satdobato,lalitpur,Oct–Dec,"Rural, Scenic",Natural Attractions,Hiking,Moderate,Road,27.6600° N,85.3400° E,3,"Satdobato in Lalitpur District is a major urban hub, known for its busy junction and residential areas. It is home to schools, colleges, and sports facilities, including Satdobato Swimming Complex. The area blends modern development with traditional Newar culture.","From Kathmandu or Lalitpur centers, take a public microbus or taxi via the Ring Road directly to Satdobato crossroads.",115,A busy urban transit hub packed with local markets and excellent city connectivity.,Satdobato\download (1).jpeg; Satdobato\download (2).jpeg; Satdobato\download (3).jpeg; Satdobato\download (5).jpeg; Satdobato\download.jpeg,3.9,28.8,Low
740,fulchoki mandir (basnet gau),lalitpur,Oct–Dec,Religious,Cultural & Religious Sites,Pilgrimage,Moderate,Trail,27.5900° N,85.3500° E,3,"Fulchoki Mandir in Lalitpur District is located near the highest hill of Kathmandu Valley, Phulchoki (2,762 meters). The temple is dedicated to Hindu deities and is surrounded by rhododendron forests. Basnet Gau nearby is a small settlement tied to the temple’s cultural life.","From Kathmandu, drive south via Godawari to Fulchoki Mandir area.",350,Hilltop temple with panoramic views.,,4.1,21.7,Low
741,sansari devi temple,kavrepalanchok,Oct–Dec,Religious,Cultural & Religious Sites,Pilgrimage,Moderate,Road,27.6000° N,85.5400° E,3,"Sansari Devi Temple in Bhaktapur District is dedicated to a goddess associated with protection and fertility. It is an important religious site, with devotees visiting during annual fairs. The temple is architecturally significant, with pagoda-style design and stone carvings.","From Kathmandu, drive north via Helambu trail to Sansari Devi Temple.",914,Sacred temple set amidst serene natural surroundings.,Sansari Devi Temple\download (1).jpeg; Sansari Devi Temple\download (2).jpeg; Sansari Devi Temple\download (3).jpeg; Sansari Devi Temple\download (4).jpeg; Sansari Devi Temple\download.jpeg,4.5,73.7,High
742,dhaneshwor,kathmandu,Oct–Dec,Religious,Cultural & Religious Sites,Pilgrimage,Easy,Road,27.7000° N,85.3200° E,3,"Dhaneshwor in Bhaktapur District is a rural settlement known for its temples and agricultural fields. It is culturally tied to Hindu traditions, with seasonal festivals shaping community life.","From Kathmandu, drive south via Godawari to Dhaneshwor area.",700,Temple site and peaceful rural area.,Dhaneshwor Mahadev Temple\download (1).jpeg; Dhaneshwor Mahadev Temple\download (2).jpeg; Dhaneshwor Mahadev Temple\download (3).jpeg; Dhaneshwor Mahadev Temple\download (4).jpeg; Dhaneshwor Mahadev Temple\download.jpeg,4.4,36.1,Moderate
743,nagai dhunga,kavrepalanchok,Oct–Dec,Scenic,Natural Attractions,Hiking,Moderate,Trail,27.6100° N,85.5450° E,3,"Nagai Dhunga (“Snake Stone”) is a sacred rock formation in Kavrepalanchok District. It is tied to local legends and worship, with devotees visiting to offer prayers. The site is culturally significant, reflecting the blend of nature and spirituality in Nepal","From Kathmandu, drive north via Helambu trail to Nagai Dhunga.",750,Sacred stone site with cultural significance.,Nagai Dhunga\download (1).jpeg; Nagai Dhunga\download (2).jpeg; Nagai Dhunga\download (3).jpeg; Nagai Dhunga\download (5).jpeg; Nagai Dhunga\download.jpeg,3.9,36.3,Moderate
744,dhaneshwor mahadev temple,kathmandu,Oct–Dec,Religious,Cultural & Religious Sites,Pilgrimage,Easy,Road,27.7020° N,85.3230° E,3,"Dhaneshwor Mahadev Temple in Bhaktapur District is dedicated to Lord Shiva. It is an important religious site, with devotees visiting during Shivaratri and other festivals. The temple is architecturally significant, with pagoda-style design and stone carvings","From Kathmandu, drive south via Godawari to Dhaneshwor Mahadev Temple.",1000,Hilltop temple dedicated to Lord Shiva.,Dhaneshwor Mahadev Temple\download (1).jpeg; Dhaneshwor Mahadev Temple\download (2).jpeg; Dhaneshwor Mahadev Temple\download (3).jpeg; Dhaneshwor Mahadev Temple\download (4).jpeg; Dhaneshwor Mahadev Temple\download.jpeg,3.9,73.6,High
745,bogati gaun,lalitpur,Oct–Dec,Rural,Village & Rural Tourism,Hiking,Moderate,Road,27.6550° N,85.3600° E,3,"Bogati Gaun in Kavrepalanchok District is a rural settlement named after the Bogati clan. It is surrounded by terraced fields and rivers, with agriculture as the main livelihood. The community is culturally tied to Hindu traditions.","From Kathmandu, drive south via Godawari to Bogati Gaun village.",980,Village with panoramic views and traditional culture.,Bogati Gaun\download (1).jpeg; Bogati Gaun\download (2).jpeg; Bogati Gaun\download (3).jpeg; Bogati Gaun\download (5).jpeg; Bogati Gaun\download.jpeg,4.4,42.7,Moderate
746,shreekhandpur,kavrepalanchok,Oct–Dec,Rural,Village & Rural Tourism,Hiking,Moderate,Road,27.6150° N,85.5500° E,3,"Shreekhandpur in Kavrepalanchok District is a historic town known for its temples and traditional houses. It is culturally rich, with Hindu and Buddhist practices coexisting. The town is also a hub for local trade and festivals.","From Kathmandu, drive south via Godawari to Shreekhandpur village.",900,Heritage village with temples and rural charm.,Shreekhandpur\download (1).jpeg; Shreekhandpur\download (2).jpeg; Shreekhandpur\download (3).jpeg; Shreekhandpur\download (4).jpeg; Shreekhandpur\download.jpeg,4.5,37,Moderate
747,devisthan (laa than pata),kavrepalanchok,Oct–Dec,Religious,Cultural & Religious Sites,Pilgrimage,Moderate,Trail,27.6180° N,85.5520° E,3,"Devisthan in Kavrepalanchok District is a temple site dedicated to Hindu goddesses. It is culturally significant, with annual fairs and rituals attracting devotees. Laa Than Pata nearby is a settlement tied to the temple’s traditions.","From Kathmandu, drive north via Helambu trail to Devisthan.",500,Sacred site with peaceful natural surroundings.,Devisthan (Laa Than Pata)\download (1).jpeg; Devisthan (Laa Than Pata)\download (2).jpeg; Devisthan (Laa Than Pata)\download (3).jpeg; Devisthan (Laa Than Pata)\download (5).jpeg; Devisthan (Laa Than Pata)\download.jpeg,4.2,19.2,Low
748,shrikhandapur bindhabasini temple,kavrepalanchok,Oct–Dec,Religious,Cultural & Religious Sites,Pilgrimage,Moderate,Road,27.6200° N,85.5550° E,3,"Shrikhandapur Bindhabasini Temple in Kavrepalanchok is dedicated to Goddess Bindhabasini. It is an important religious site, with devotees visiting during Dashain and other festivals. The temple is architecturally significant, with pagoda-style design and stone carvings.","From Kathmandu, drive south via Godawari to Shrikhandapur Bindhabasini Temple.",600,Important religious site in Shreekhandpur.,Shrikhandapur Bindhabasini Temple\download (1).jpeg; Shrikhandapur Bindhabasini Temple\download (2).jpeg; Shrikhandapur Bindhabasini Temple\download (3).jpeg; Shrikhandapur Bindhabasini Temple\download (4).jpeg; Shrikhandapur Bindhabasini Temple\download.jpeg,4.4,67.6,High
749,salle panuati,kavrepalanchok,Oct–Dec,Rural,Village & Rural Tourism,Hiking,Moderate,Road,27.6250° N,85.5580° E,3,"Salle in Panauti, Kavrepalanchok District, is a hillside settlement surrounded by terraced fields and forests. It is culturally tied to Hindu traditions, with temples and seasonal fairs shaping community life.","From Kathmandu, drive north via Helambu trail to Salle Panuati village.",369,Quiet hill village with scenic surroundings.,Salle Panuati\download (1).jpeg; Salle Panuati\download (2).jpeg; Salle Panuati\download (3).jpeg; Salle Panuati\download (5).jpeg; Salle Panuati\download.jpeg,4.6,30.6,Low
750,talu dadha,kavrepalanchok,Oct–Dec,Scenic,Natural Attractions,Hiking,Moderate,Trail,27.6300° N,85.5600° E,3,"Talu Dadha in Kavrepalanchok is a hilltop viewpoint offering panoramic views of valleys and Himalayas. It is popular for short treks and camping, with cultural significance tied to local legends.","From Kathmandu, drive north via Helambu trail to Talu Dadha village.",72,Scenic hilltop area with panoramic views.,Talu Dadha\download (1).jpeg; Talu Dadha\download (2).jpeg; Talu Dadha\download (3).jpeg; Talu Dadha\download (4).jpeg; Talu Dadha\download.jpeg,4.4,18,Low
751,chature village,kavrepalanchok,Oct–Dec,Rural,Village & Rural Tourism,Hiking,Moderate,Road,27.6320° N,85.5620° E,3,Chature Village in Kavrepalanchok District is a rural settlement with terraced fields and traditional houses. It is less documented but reflects the agricultural lifestyle of mid-hill communities.,"From Kathmandu, drive north via Helambu trail to Chature village.",500,Traditional rural settlement surrounded by farmland.,Chature Village\download (1).jpeg; Chature Village\download (2).jpeg; Chature Village\download (3).jpeg; Chature Village\download (5).jpeg; Chature Village\download.jpeg,4.7,29.5,Low
752,lukeko dada,kavrepalanchok,Oct–Dec,Scenic,Natural Attractions,Hiking,Moderate,Trail,27.6350° N,85.5650° E,3,"Lukeko Dada is a hilltop viewpoint in Kavrepalanchok District, known for its panoramic sunrise and sunset views. The ridge is surrounded by terraced fields and forests, offering a peaceful retreat for hikers and locals. It is culturally tied to Hindu traditions, with small shrines and seasonal fairs.","From Kathmandu, drive north via Helambu trail to Lukeko Dada viewpoint.",400,Hilltop village with panoramic landscapes.,Lukeko Dada\download (1).jpeg; Lukeko Dada\download (2).jpeg; Lukeko Dada\download (3).jpeg; Lukeko Dada\download (4).jpeg; Lukeko Dada\download.jpeg,4.2,32,Low
753,ashapuri mahadev,kavrepalanchok,Oct–Dec,Religious,Cultural & Religious Sites,Pilgrimage,Moderate,Road,27.6380° N,85.5670° E,3,"Ashapuri Mahadev Temple in Kavrepalanchok is a revered Hindu shrine dedicated to Lord Shiva. It is believed that wishes made here are fulfilled, hence the name “Ashapuri” (wish-fulfilling goddess). The temple is surrounded by forests and is a popular pilgrimage site, especially during Shivaratri.","From Kathmandu, drive south via Godawari to Ashapuri Mahadev Temple.",450,Temple site dedicated to Lord Shiva in a serene setting.,Ashapuri Mahadev\download (1).jpeg; Ashapuri Mahadev\download (2).jpeg; Ashapuri Mahadev\download (3).jpeg; Ashapuri Mahadev\download (5).jpeg; Ashapuri Mahadev\download.jpeg,4.1,23.3,Low
754,dhad gaun,kavrepalanchok,Oct–Dec,Rural,Village & Rural Tourism,Hiking,Moderate,Road,27.6400° N,85.5700° E,3,"Dhad Gaun in Kavrepalanchok is a rural settlement with terraced fields and traditional houses. It is primarily agricultural, with maize and millet as staples. The community is culturally tied to Hindu traditions, with temples and seasonal fairs shaping its identity.","From Kathmandu, drive north via Helambu trail to Dhad Gaun village.",650,Remote village with peaceful surroundings and farmland.,Dhad Gaun\download (1).jpeg; Dhad Gaun\download (2).jpeg; Dhad Gaun\download (3).jpeg; Dhad Gaun\download (4).jpeg; Dhad Gaun\download.jpeg,4.5,36.2,Moderate
755,seti devi,kavrepalanchok,Oct–Dec,Religious,Cultural & Religious Sites,Pilgrimage,Moderate,Trail,27.6420° N,85.5720° E,3,"Seti Devi Temple in Bhaktapur District is dedicated to a goddess associated with purity and rivers. The temple is an important religious site, with devotees visiting during annual fairs. It is surrounded by fertile fields and traditional Newar settlements","From Kathmandu, drive north via Helambu trail to Seti Devi temple.",900,Sacred hilltop temple with scenic views.,Seti Devi\download (1).jpeg; Seti Devi\download (2).jpeg; Seti Devi\download (3).jpeg; Seti Devi\download (5).jpeg; Seti Devi\download.jpeg,4.5,40.4,Moderate
756,kotthumka,kavrepalanchok,Oct–Dec,Rural,Village & Rural Tourism,Hiking,Moderate,Road,27.6450° N,85.5750° E,3,"Kotthumka in Kavrepalanchok District is a hillside settlement with terraced fields and traditional houses. It is rural and less documented, but reflects the agricultural lifestyle of mid-hill communities.","From Kathmandu, drive north via Sundarijal and Helambu trail to Kotthumka village.",127,Village surrounded by hills and forests.,Kotthumka\download (1).jpeg; Kotthumka\download (2).jpeg; Kotthumka\download (3).jpeg; Kotthumka\download (4).jpeg; Kotthumka\download.jpeg,4.5,31.8,Low
757,raut gaun,kavrepalanchok,Oct–Dec,Rural,Village & Rural Tourism,Hiking,Moderate,Road,27.6480° N,85.5780° E,3,"Raut Gaun in Kavrepalanchok is a rural settlement named after the Raut community. It is surrounded by terraced fields and rivers, with agriculture as the main livelihood. The community is culturally tied to Hindu traditions.","From Kathmandu, drive north via Helambu and Melamchi Valley to Raut Gaun.",123,Traditional hill village with rural charm.,Raut Gaun\download (1).jpeg; Raut Gaun\download (2).jpeg; Raut Gaun\download (3).jpeg; Raut Gaun\download (5).jpeg; Raut Gaun\download.jpeg,4.6,45,Moderate
758,chittapol,kavrepalanchok,Oct–Dec,Rural,Village & Rural Tourism,Hiking,Moderate,Road,27.6500° N,85.5800° E,3,"Chittapol in Bhaktapur District is a historic Newar settlement known for its temples and traditional houses. It is culturally rich, with festivals and rituals tied to Hindu and Buddhist traditions. The town preserves ancient architecture and community life.","From Kathmandu, drive north via Helambu trail to Chittapol village.",258,Small settlement with scenic landscapes.,Chittapol\download (1).jpeg; Chittapol\download (2).jpeg; Chittapol\download (3).jpeg; Chittapol\download (4).jpeg; Chittapol\download.jpeg,4.6,28,Low
759,soche,kavrepalanchok,Oct–Dec,Rural,Village & Rural Tourism,Hiking,Moderate,Road,27.6520° N,85.5820° E,3,Soche in Kavrepalanchok District is a rural settlement surrounded by terraced fields and forests. It is less documented but reflects the agricultural lifestyle of mid-hill communities.,"From Kathmandu, drive north via Helambu trail to Soche village.",159,Quiet village with natural beauty and farmland.,Soche\download (1).jpeg; Soche\download (2).jpeg; Soche\download (3).jpeg; Soche\download (5).jpeg; Soche\download.jpeg,4.4,49.3,Moderate
760,kakhbari,kavrepalanchok,Oct–Dec,Rural,Village & Rural Tourism,Hiking,Moderate,Road,27.6550° N,85.5850° E,3,"Kakhbari in Kavrepalanchok District is a hillside settlement with terraced fields and traditional houses. It is rural and less documented, but culturally tied to Hindu traditions.","From Kathmandu, drive north via Helambu trail to Kakhbari village.",357,Rural village offering panoramic views and tranquility.,Kakhbari\download (1).jpeg; Kakhbari\download (2).jpeg; Kakhbari\download (3).jpeg; Kakhbari\download (4).jpeg; Kakhbari\download.jpeg,4.4,26.3,Low
761,bairikhel,kavrepalanchok,Oct–Dec,Rural,Village & Rural Tourism,Hiking,Moderate,Road,27.6580° N,85.5880° E,3,"Bairikhel in Kavrepalanchok District is a rural settlement surrounded by fertile valleys and rivers. It is primarily agricultural, with maize and millet as staples. The community is culturally tied to Hindu traditions.","From Kathmandu, drive north via Helambu trail to Bairikhel village.",654,Small settlement with calm surroundings and farmland.,Bairikhel Kavrepalanchok\download (1).jpeg; Bairikhel Kavrepalanchok\download (2).jpeg; Bairikhel Kavrepalanchok\download (3).jpeg; Bairikhel Kavrepalanchok\download (5).jpeg; Bairikhel Kavrepalanchok\download.jpeg,4.5,52.7,Moderate
762,ghyampe danda mountain bike trails,kavrepalanchok,Oct–Dec,Scenic,Natural Attractions,MTB,Moderate,Trail,27.6600° N,85.5900° E,3,"Ghyampe Danda near Bhaktapur is famous for its mountain bike trails. The area offers challenging routes through forests, ridges, and valleys, making it popular among adventure enthusiasts. It also features the Martyr’s Memorial Park and panoramic views of Kathmandu Valley.","From Kathmandu, drive north via Helambu trail to reach Ghyampe Danda Mountain Bike Trails.",321,Hill area popular for mountain biking and adventure.,Ghyampe Danda\download (1).jpeg; Ghyampe Danda\download (2).jpeg; Ghyampe Danda\download (3).jpeg; Ghyampe Danda\download (5).jpeg; Ghyampe Danda\download.jpeg,4.5,19,Low
763,pilot baba ashram,kathmandu,Oct–Dec,Religious,Cultural & Religious Sites,Pilgrimage,Easy,Road,27.6900° N,85.3200° E,3,"Pilot Baba Ashram in Bhaktapur District is a spiritual retreat founded by Pilot Baba, a former Indian Air Force officer turned yogi. The ashram is known for meditation, yoga, and spiritual teachings, attracting devotees and seekers from Nepal and abroad.","From Kathmandu, drive north via Sundarijal to Pilot Baba Ashram.",107,Spiritual retreat in a peaceful setting.,Pilot Baba Ashram\download (1).jpeg; Pilot Baba Ashram\download (2).jpeg; Pilot Baba Ashram\download (3).jpeg; Pilot Baba Ashram\download (5).jpeg; Pilot Baba Ashram\download.jpeg,4.2,26.9,Low
764,field of green,kavrepalanchok,Oct–Dec,"Scenic, Rural",Natural Attractions,Hiking,Moderate,Road,27.6650° N,85.5950° E,3,"Field of Green in Bhaktapur is a scenic area surrounded by fertile fields and forests. It is popular for picnics and short hikes, offering a peaceful retreat from urban life","From Kathmandu, drive south via Godawari to Field of Green area.",86,Open rural area with lush greenery and scenic beauty.,,4.4,21.7,Low
765,tarakeshwor mahadev temple,kathmandu,Oct–Dec,Religious,Cultural & Religious Sites,Pilgrimage,Easy,Road,27.7000° N,85.3200° E,3,"Tarakeshwor Mahadev Temple in Kathmandu District is a revered Hindu shrine dedicated to Lord Shiva. It is located in Tarakeshwor Municipality and is surrounded by forests. The temple is a popular pilgrimage site, especially during Shivaratri.","From Kathmandu, drive northwest to Tarakeshwor Mahadev Temple.",1101,Sacred hilltop temple dedicated to Lord Shiva.,Tarakeshwor Mahadev Temple\download (1).jpeg; Tarakeshwor Mahadev Temple\download (2).jpeg; Tarakeshwor Mahadev Temple\download (3).jpeg; Tarakeshwor Mahadev Temple\download (5).jpeg; Tarakeshwor Mahadev Temple\download.jpeg,4.1,81.4,High
766,samakhusi,kathmandu,Oct–Dec,Urban,Urban & Modern Attractions,Sightseeing,Easy,Road,27.7100° N,85.3100° E,3,"Samakhusi in Kathmandu is a busy residential and commercial area. It is known for schools, hospitals, and markets, blending modern development with traditional community life.","From Kathmandu, drive within the city to reach Samakhusi neighborhood.",136,Suburban area near Kathmandu with cultural and natural attractions.,Samakhusi\download (1).jpeg; Samakhusi\download (2).jpeg; Samakhusi\download (3).jpeg; Samakhusi\download (4).jpeg; Samakhusi\download.jpeg,4.4,17.2,Low
767,boharatar,kathmandu,Oct–Dec,Urban,Urban & Modern Attractions,Sightseeing,Easy,Road,27.7150° N,85.3050° E,3,"Boharatar in Kathmandu is a semi-urban settlement with growing residential areas. It is culturally tied to Hindu traditions, with temples and seasonal fairs shaping community life.","From Kathmandu, drive south via Godawari to Boharatar village.",91,Village with peaceful surroundings and farmland.,,4,22.9,Low
768,jamacho gumba,lalitpur,Oct–Dec,Religious,Cultural & Religious Sites,Pilgrimage,Easy,Road,27.6650° N,85.3400° E,3,"Jamacho Gumba, also called Nagarjun Monastery, is located in Nagarjun Forest Reserve near Kathmandu. It is a Buddhist monastery offering panoramic views of Kathmandu Valley. The site is popular for hiking and meditation, with prayer flags and stupas marking the trail.","From Kathmandu, drive north via Shivapuri Nagarjun National Park to Jamacho Gumba.",1063,Buddhist monastery nestled in serene hills.,,4.3,80.3,High
769,ichangunarayan,bhaktapur,Oct–Dec,Religious,Cultural & Religious Sites,Pilgrimage,Easy,Road,27.6720° N,85.4230° E,3,"Ichangu Narayan Temple near Swayambhunath in Kathmandu is dedicated to Lord Vishnu. Built around AD 1200, it is one of the valley’s four Narayan temples. The temple features Garuda statues and Vaishnavite symbols, and was restored after the 2015 earthquake.","From Kathmandu, drive east to reach Ichangunarayan Temple.",350,Historic temple site with cultural significance.,Ichangunarayan\download (1).jpeg; Ichangunarayan\download (2).jpeg; Ichangunarayan\download (3).jpeg; Ichangunarayan\download (5).jpeg; Ichangunarayan\download.jpeg,4,44.5,Moderate
770,bhubaneshwori temple,kathmandu,Oct–Dec,Religious,Cultural & Religious Sites,Pilgrimage,Easy,Road,27.7000° N,85.3150° E,3,"Bhubaneshwori Temple in Kavrepalanchok is dedicated to Goddess Bhubaneshwori, one of the ten Mahavidyas in Hinduism. The temple is an important religious site, with devotees visiting during Dashain and other festivals.","From Kathmandu, drive east via Banepa to Bhubaneshwori Temple.",700,Sacred temple set in a peaceful environment.,Baneshwor\download (1).jpeg; Baneshwor\download (2).jpeg; Baneshwor\download (3).jpeg; Baneshwor\download (4).jpeg; Baneshwor\download.jpeg,4,74.1,High
771,lauke waterfall,nuwakot,Oct–Dec,Waterfall,Natural Attractions,Trekking,Moderate,Trail,27.9400° N,85.1500° E,3,"Lauke Waterfall in Nuwakot District is a natural attraction surrounded by forests and hills. It is less documented but serves as a local tourist spot, offering scenic beauty and cool waters.","From Kathmandu, drive north via Helambu trail to Lauke Waterfall.",980,Picturesque waterfall in a serene natural setting.,Lauke Waterfall\download (1).jpeg; Lauke Waterfall\download (2).jpeg; Lauke Waterfall\download (3).jpeg; Lauke Waterfall\download (5).jpeg; Lauke Waterfall\download.jpeg,4.1,43.3,Moderate
772,bidur,nuwakot,Oct–Dec,Urban,Urban & Modern Attractions,Sightseeing,Easy,Road,27.9833° N,85.0667° E,3,"Bidur is the administrative headquarters of Nuwakot District, located about 70 km northwest of Kathmandu. It lies along the Trishuli River and serves as a hub for trade, administration, and education. The town is surrounded by fertile valleys and hills, with views of Ganesh Himal. Historically, Bidur has been a gateway to Tibet and remains culturally diverse, with Hindu temples and Buddhist shrines.","From Kathmandu, drive northwest via Tokha to reach Bidur.",500,Small town with local markets and hill scenery.,Bidur\download (1).jpeg; Bidur\download (2).jpeg; Bidur\download (3).jpeg; Bidur\download (4).jpeg; Bidur\download.jpeg,3.9,20.2,Low
773,duipipal,nuwakot,Oct–Dec,Rural,Village & Rural Tourism,Hiking,Moderate,Road,27.9800° N,85.0700° E,3,"Duipipal in Nuwakot District is a rural settlement named after two sacred pipal trees. It is surrounded by terraced fields and rivers, with agriculture as the main livelihood. The community is culturally tied to Hindu traditions, with temples and seasonal fairs shaping its identity.","From Kathmandu, drive northwest via Nuwakot District to Duipipal.",600,Rural settlement with farming lifestyle and hills.,Duipipal\download (1).jpeg; Duipipal\download (2).jpeg; Duipipal\download (3).jpeg; Duipipal\download (5).jpeg; Duipipal\download.jpeg,4.6,36.2,Moderate
774,chepang gaun,nuwakot,Oct–Dec,Rural,Village & Rural Tourism,Hiking,Moderate,Trail,27.9750° N,85.0650° E,3,"Chepang Gaun refers to villages inhabited by the Chepang people, an indigenous group in central Nepal. Traditionally semi-nomadic, the Chepang practice shifting cultivation and live in rugged hill terrain. Their culture is unique, with animist beliefs, oral traditions, and distinct food practices such as wild yam consumption.","From Kathmandu, drive southwest via Dhading District to Chepang Gaun.",369,Indigenous village showcasing Chepang culture.,Chepang Gaun\download (1).jpeg; Chepang Gaun\download (2).jpeg; Chepang Gaun\download (3).jpeg; Chepang Gaun\download (4).jpeg; Chepang Gaun\download.jpeg,4.3,28.3,Low
775,baglung bazaar,baglung,Oct–Nov,Urbanic,Urban & Modern Attractions,"Bazaar stroll, local shopping, temples",Easy,Road,28.2667,83.6,4,"Baglung Bazaar is the headquarters of Baglung District in Gandaki Province. Situated at 1,020 meters, it is a bustling town known as the “Gateway to Dhaulagiri.” The bazaar is a hub for trade, education, and culture, with temples like Kalika Bhagwati and suspension bridges over the Kali Gandaki River.","From Kathmandu, drive west via Prithvi Highway to Baglung Bazaar.",700,Market town with scenic surroundings and local culture.,Baglung Bazaar\download (1).jpeg; Baglung Bazaar\download (2).jpeg; Baglung Bazaar\download (3).jpeg; Baglung Bazaar\download (5).jpeg; Baglung Bazaar\download.jpeg,4,37,Moderate
776,panchakot,baglung,Oct–Dec,"Religious, Hills",Natural Attractions,"Temple visit, short hike, photography",Easy–Medium,Road + short walk,28.25,83.58,4,"Panchakot in Baglung is a religious and scenic site consisting of five hilltop shrines. It is a pilgrimage destination, with temples dedicated to Shiva, Vishnu, and local deities. The area offers panoramic views of Dhaulagiri and Annapurna ranges, making it both spiritually and visually significant","From Kathmandu, drive west via Prithvi Highway to Panchakot village.",500,Village with agricultural lands and panoramic views.,Panchakot\download (1).jpeg; Panchakot\download (2).jpeg; Panchakot\download (3).jpeg; Panchakot\download (4).jpeg; Panchakot\download.jpeg,4.2,42.9,Moderate
777,bihun,baglung,Oct–Dec,Rural,Village & Rural Tourism,"Village stay, hiking, farming life",Medium,Road + short hike,28.2833,83.5833,4,"Bihun in Baglung District is a rural settlement surrounded by terraced fields and forests. It is primarily agricultural, with maize and millet as staples. The community is culturally tied to Hindu traditions, with temples and seasonal fairs.","From Kathmandu, drive west via Prithvi Highway to Bihun village.",400,Hill village with peaceful surroundings and rural lifestyle.,Bihun\download (1).jpeg; Bihun\download (2).jpeg; Bihun\download (3).jpeg; Bihun\download (5).jpeg; Bihun\download.jpeg,4.2,30.2,Low
778,nishi,baglung,Sep–Nov,Rural,Village & Rural Tourism,"Fishing, river walks",Medium,Jeep road,28.253,83.602,4,"Nishi in Baglung District is a hillside settlement with terraced fields and traditional houses. It is rural and less documented, but reflects the agricultural lifestyle of mid-hill communities.","From Kathmandu, drive west via Prithvi Highway to Nishi village.",450,Small settlement with traditional lifestyle and scenic landscapes.,Nishi\download (1).jpeg; Nishi\download (2).jpeg; Nishi\download (3).jpeg; Nishi\download (4).jpeg; Nishi\download.jpeg,4.6,28.3,Low
779,bhakunde,baglung,Sep–Nov,Rural,Village & Rural Tourism,"Village visit, hiking, local cuisine",Easy,Road,28.2833,83.6,4,"Bhakunde in Baglung District is a rural settlement surrounded by fertile valleys and rivers. It is primarily agricultural, with maize and millet as staples. The community is culturally tied to Hindu traditions.","From Kathmandu, drive west via Prithvi Highway to Bhakunde village.",650,Village in hilly terrain with serene environment.,Bhakunde\download (1).jpeg; Bhakunde\download (2).jpeg; Bhakunde\download (3).jpeg; Bhakunde\download (5).jpeg; Bhakunde\download.jpeg,4.3,43.4,Moderate
780,arthar dandakharka,parbat,Oct–Nov,Hills,Natural Attractions,"Local temples, hiking",Medium,Road + walk,28.229,83.655,4,"Arthar Dandakharka in Baglung District is a ridge settlement with panoramic views of valleys and hills. It is known for its terraced fields and traditional houses. The community is agricultural, with Hindu traditions shaping its cultural life.","From Kathmandu, drive west via Prithvi Highway to Arthar Dandakharka village.",123,Remote hilltop settlement with panoramic views.,Arthar Dandakharka\download (1).jpeg; Arthar Dandakharka\download (2).jpeg; Arthar Dandakharka\download (3).jpeg; Arthar Dandakharka\download (4).jpeg; Arthar Dandakharka\download.jpeg,4,30.8,Low
781,lekhphant,parbat,Sep–Dec,Hills,Natural Attractions,"Short hikes, photography",Medium,Road,28.2,83.7,4,"Lekhphant in Baglung District is a hillside settlement surrounded by forests and rivers. It is primarily agricultural, with maize and millet as staples. The community is culturally tied to Hindu traditions.","From Kathmandu, drive west via Prithvi Highway to Lekhphant village.",115,Scenic rural village surrounded by hills.,Lekhphant\download (1).jpeg; Lekhphant\download (2).jpeg; Lekhphant\download (3).jpeg; Lekhphant\download (5).jpeg; Lekhphant\download.jpeg,4.2,28.8,Low
782,kusma,parbat,Oct–Nov,"Urbanic, Scenic",Natural Attractions,"Sightseeing, bungee, bridge crossing",Easy,Road,28.2193,83.6797,4,"Kusma is the headquarters of Parbat District, located at 1,200 meters. It is famous for its suspension bridges, including the Kushma-Balewa and Kushma-Gyadi bridges, among the longest in Nepal. Kusma is a growing town with trade, education, and tourism, offering views of the Kali Gandaki gorge","From Kathmandu, drive west via Pokhara Highway to Kusma Bazaar.",123,Riverside town with suspension bridge and natural beauty.,Kusma\download (1).jpeg; Kusma\download (2).jpeg; Kusma\download (3).jpeg; Kusma\download (4).jpeg; Kusma\download.jpeg,4.5,17.6,Low
783,pokhara,kaski,Oct–Nov,"Urbanic, Scenic",Natural Attractions,"Boating, cafés, lakeside walks",Very Easy,"Road, air",28.2096,83.9856,4,"Pokhara is Nepal’s tourism capital, located at 827 meters along Phewa Lake. It is famous for its lakes, caves, and views of Annapurna and Machhapuchhre. Pokhara is a hub for trekking, paragliding, and adventure sports, serving as the gateway to the Annapurna Circuit and Base Camp treks.","From Kathmandu, drive west via Prithvi Highway to Pokhara city.",11500,"Scenic city surrounded by mountains, lakes, and adventure tourism spots.",Seti River Gorge(Pokhara)\Seti River Gorge (Pokhara) 1.1.jpeg; Seti River Gorge(Pokhara)\Seti River Gorge (Pokhara) 1.10.jpeg; Seti River Gorge(Pokhara)\Seti River Gorge (Pokhara) 1.2.jpeg; Seti River Gorge(Pokhara)\Seti River Gorge (Pokhara) 1.3.jpeg; Seti River Gorge(Pokhara)\Seti River Gorge (Pokhara) 1.4.jpeg; Seti River Gorge(Pokhara)\Seti River Gorge (Pokhara) 1.5.jpeg; Seti River Gorge(Pokhara)\Seti River Gorge (Pokhara) 1.6.jpeg; Seti River Gorge(Pokhara)\Seti River Gorge (Pokhara) 1.7.jpeg; Seti River Gorge(Pokhara)\Seti River Gorge (Pokhara) 1.8.jpeg; Seti River Gorge(Pokhara)\Seti River Gorge (Pokhara) 1.9.jpeg,4.5,85,Very High
784,sarangkot,kaski,Sep–Dec,"Scenic, Hills",Natural Attractions,"Sunrise view, paragliding",Easy–Medium,Road,28.2355,83.9636,4,"Sarangkot is a hilltop viewpoint near Pokhara, at 1,600 meters. It is renowned for sunrise views over Annapurna, Dhaulagiri, and Machhapuchhre. Sarangkot is also a paragliding hotspot, attracting adventure seekers from around the world.","From Pokhara city, drive or trek to Sarangkot hilltop.",159,Popular hilltop viewpoint for sunrise and Himalayan panoramas.,Sarangkot\Sarangkot 1.1.jpeg; Sarangkot\Sarangkot 1.10.jpeg; Sarangkot\Sarangkot 1.2.jpeg; Sarangkot\Sarangkot 1.3.jpeg; Sarangkot\Sarangkot 1.4.jpeg; Sarangkot\Sarangkot 1.5.jpeg; Sarangkot\Sarangkot 1.6.jpeg; Sarangkot\Sarangkot 1.7.jpeg; Sarangkot\Sarangkot 1.8.jpeg; Sarangkot\Sarangkot 1.9.jpeg,4,39.6,Moderate
785,ghandruk,kaski,Oct–Nov,"Village, Hills",Natural Attractions,"Trekking, photography",Medium,Jeep road / short trek,28.3667,83.8167,4,"Ghandruk is a Gurung village in Kaski District, located at 1,940 meters. It is part of the Annapurna trekking routes and is famous for its traditional stone houses, Gurung Museum, and views of Annapurna South and Machhapuchhre. The village offers cultural immersion through homestays and local hospitality.","From Pokhara, drive or trek via Nayapul and Kimche to Ghandruk village.",357,Traditional Gurung village with cultural charm and trekking access.,Ghandruk\Ghandruk 1.1.jpeg; Ghandruk\Ghandruk 1.10.jpeg; Ghandruk\Ghandruk 1.2.jpeg; Ghandruk\Ghandruk 1.3.jpeg; Ghandruk\Ghandruk 1.4.jpeg; Ghandruk\Ghandruk 1.5.jpeg; Ghandruk\Ghandruk 1.6.jpeg; Ghandruk\Ghandruk 1.7.jpeg; Ghandruk\Ghandruk 1.8.jpeg; Ghandruk\Ghandruk 1.9.jpeg,4.9,15.2,Low
786,dhampus,kaski,Oct–Nov,"Village, Hills",Natural Attractions,"Short trek, sunrise",Easy–Medium,Road + short hike,28.305,83.87,4,"Dhampus is a hillside village at 1,650 meters, located on the Annapurna trekking route. It offers panoramic views of Annapurna and Machhapuchhre. The village is culturally rich, with Gurung traditions and homestays, making it a popular stop for trekkers.","From Pokhara, drive or trek via Phedi to Dhampus village.",654,Picturesque village with stunning Annapurna range views.,Dhampus\Dhampus 1.1.jpeg; Dhampus\Dhampus 1.10.jpeg; Dhampus\Dhampus 1.2.jpeg; Dhampus\Dhampus 1.3.jpeg; Dhampus\Dhampus 1.4.jpeg; Dhampus\Dhampus 1.5.jpeg; Dhampus\Dhampus 1.6.jpeg; Dhampus\Dhampus 1.7.jpeg; Dhampus\Dhampus 1.8.jpeg; Dhampus\Dhampus 1.9.jpeg,4.2,76.3,High
787,lwang ghalel,kaski,Sep–Nov,"Rural, Scenic",Natural Attractions,"Homestay, canyoning, tea farm",Medium,Jeep road,28.2881,83.8932,4,"Lwang Ghalel in Kaski District is a Gurung village known for its homestay programs and organic tea gardens. It lies at 1,500 meters and offers views of Machhapuchhre. The community is culturally vibrant, with traditional dances and rituals.","From Pokhara, drive via Kaski district roads to Lwang Ghalel.",321,Remote village with serene landscapes and local culture.,,4.3,27.6,Low
788,ghale gaun,lamjung,Sep–Dec,"Village, Hills",Natural Attractions,"Homestay, cultural walks",Medium,Road + short trek,28.2,84.28,4,"Ghale Gaun in Lamjung District is a model tourism village at 2,100 meters. It is famous for its Gurung culture, homestays, and panoramic views of Annapurna and Lamjung Himal. The village is part of the “Ghale Gaun Circuit,” promoting community-based tourism.","From Pokhara, drive or trek via Ghandruk area to Ghale Gaun.",125,Quiet Gurung settlement known for homestays and mountain views.,,4.9,31.4,Low
789,bhujung,lamjung,Oct–Nov,"Village, Hills",Natural Attractions,"Trekking, local homestay",Medium–Hard,Road + trek,28.3,84.2833,4,"Bhujung in Lamjung District is a large Gurung village situated at 1,650 meters. It is known for its traditional stone houses and cultural festivals. The community practices agriculture and tourism, with homestays offering cultural immersion","From Pokhara, drive or trek via Nayapul to Bhujung village.",116,Traditional village with terraced fields and Annapurna views.,Bhujung\download (1).jpeg; Bhujung\download (2).jpeg; Bhujung\download (3).jpeg; Bhujung\download (5).jpeg; Bhujung\download.jpeg,4.7,29,Low
790,rainaskot,lamjung,Sep–Nov,Hills,Natural Attractions,"Sunrise view, stone houses",Medium,Road + hike,28.2,84.4167,4,"Rainaskot in Lamjung District is a hillside settlement at 1,700 meters. It is known for its homestay programs and panoramic views of Lamjung Himal. The community is culturally tied to Gurung traditions.","From Pokhara, drive or trek to Rainaskot village.",125,Hilltop settlement offering panoramic mountain vistas.,Rainaskot\download (1).jpeg; Rainaskot\download (2).jpeg; Rainaskot\download (3).jpeg; Rainaskot\download (4).jpeg; Rainaskot\download.jpeg,4.4,44.8,Moderate
791,lamjung himal viewpoint,lamjung,Sep–Dec,"Mountains, Scenic",Natural Attractions,"Trekking, nature photography",Medium–Hard,Road + trek,28.25,84.45,4,"Lamjung Himal Viewpoint offers panoramic views of Lamjung Himal, Annapurna II, and Manaslu ranges. It is a trekking destination, with trails passing through Gurung villages and rhododendron forests. The viewpoint is ideal for sunrise and photography.","From Pokhara, drive or trek via Rainaskot to Lamjung Himal viewpoint.",136,Scenic viewpoint with Himalayan panoramas.,,4.7,16.4,Low
792,gorkha bazaar,gorkha,Oct–Nov,Urbanic,Urban & Modern Attractions,"Palace visit, museum, views",Easy–Medium,Road,28.16,84.65,4,"Gorkha Bazaar is the headquarters of Gorkha District, historically significant as the birthplace of King Prithvi Narayan Shah, who unified Nepal. The town is home to Gorkha Durbar, a palace-fort complex overlooking the valley. It is a cultural hub, with temples and museums preserving Nepal’s history.","From Kathmandu, drive northwest via Prithvi Highway and Gorkha District to Gorkha Bazaar.",61,Historical town famous for Gorkha Palace and culture.,Gorkha\Gorkha 1.1.jpeg; Gorkha\Gorkha 1.10.jpeg; Gorkha\Gorkha 1.2.jpeg; Gorkha\Gorkha 1.3.jpeg; Gorkha\Gorkha 1.4.jpeg; Gorkha\Gorkha 1.5.jpeg; Gorkha\Gorkha 1.6.jpeg; Gorkha\Gorkha 1.7.jpeg; Gorkha\Gorkha 1.8.jpeg; Gorkha\Gorkha 1.9.jpeg,3.9,15.4,Low
793,manakamana,gorkha,Sep–Dec,"Religious, Hills",Natural Attractions,"Temple visit, cable-car ride",Very Easy,Cable car,27.9664,85.114,4,"Manakamana Temple in Gorkha District is one of Nepal’s most famous pilgrimage sites. Dedicated to Goddess Bhagwati, it is believed that wishes made here are fulfilled. The temple is reached by cable car from Kurintar and offers views of the Trishuli River and Himalayas.","From Gorkha Bazaar, drive or take a cable car to Manakamana Temple.",975,"Sacred temple accessible by cable car, devoted to Goddess Bhagwati.",Manakamana Temple\Manakamana Temple 1.1.jpeg; Manakamana Temple\Manakamana Temple 1.10.jpeg; Manakamana Temple\Manakamana Temple 1.2.jpeg; Manakamana Temple\Manakamana Temple 1.3.jpeg; Manakamana Temple\Manakamana Temple 1.4.jpeg; Manakamana Temple\Manakamana Temple 1.5.jpeg; Manakamana Temple\Manakamana Temple 1.6.jpeg; Manakamana Temple\Manakamana Temple 1.7.jpeg; Manakamana Temple\Manakamana Temple 1.8.jpeg; Manakamana Temple\Manakamana Temple 1.9.jpeg,4.1,70.9,High
794,barpak,gorkha,Sep–Nov,"Village, Hills",Natural Attractions,"Homestay, hiking",Medium–Hard,Road / jeep,28.225,84.705,4,"Barpak in Gorkha District is a hillside Gurung village at 1,900 meters. It was the epicenter of the 2015 earthquake but has since rebuilt with resilience. The village is known for its cultural richness, homestays, and views of Buddha Himal.","From Gorkha Bazaar, drive or trek to Barpak village.",136,Cultural Gurung village with panoramic Himalayan views.,Barpak\download (1).jpeg; Barpak\download (2).jpeg; Barpak\download (3).jpeg; Barpak\download (5).jpeg; Barpak\download.jpeg,4.6,16,Low
795,laprak,gorkha,Oct–Nov,"Village, Mountains",Natural Attractions,"Homestay, hiking",Hard,Trek / Jeep,28.246,84.74,4,"Laprak in Gorkha District is another Gurung village at 2,100 meters. It was heavily affected by the 2015 earthquake but has rebuilt with community support. The village is part of trekking routes and offers cultural immersion through homestays","From Gorkha Bazaar, drive or trek to Laprak village.",114,Traditional village showcasing local architecture and rural lifestyle.,Laprak\download (1).jpeg; Laprak\download (2).jpeg; Laprak\download (3).jpeg; Laprak\download (4).jpeg; Laprak\download.jpeg,4.8,28.6,Low
796,manang bazaar,manang,"Mar–May, Sep–Nov","Mountains, Urbanic",Natural Attractions,"Trekking, culture",Hard,Jeep + trek,28.7,84.0667,4,"Manang Bazaar is the main town of Manang District, situated at 3,500 meters in the Annapurna region. It is a hub for trekkers on the Annapurna Circuit, offering lodges, shops, and cultural immersion in Gurung and Tibetan traditions. The town is surrounded by dramatic Himalayan landscapes, including views of Annapurna II, Gangapurna, and Tilicho Peak.","From Kathmandu, drive via Besisahar, then trek or drive via Marsyangdi Valley to Manang Bazaar.",14,Town in Annapurna region with trekking access and high-altitude culture.,Manang Bazaar\download (1).jpeg; Manang Bazaar\download (5).jpeg; Manang Bazaar\download.jpeg; Manang Bazaar\images (1).jpeg; Manang Bazaar\images.jpeg,4.8,12,Very Low
797,braga,manang,Sep–Nov,"Village, Mountains",Natural Attractions,"Hiking, photography",Hard,Trekking,28.65,84.0333,4,"Braga (Braka) is a village near Manang, famous for its centuries-old monastery perched on a cliff. The monastery houses ancient Buddhist artifacts and offers panoramic views of the valley. The settlement is culturally Tibetan, with stone houses and prayer flags lining the paths.","From Manang Bazaar, trek north via Thorong La trail to Braga village.",350,Hilltop settlement with Tibetan cultural influence.,Braga\download (1).jpeg; Braga\download (2).jpeg; Braga\download (3).jpeg; Braga\download (4).jpeg; Braga\download.jpeg,4.6,26.4,Low
798,khangsar,manang,Sep–Nov,"Village, Mountains",Natural Attractions,"Trekking, adventure",Hard,Trek,28.633,84.083,4,"Khangsar is a small village en route to Tilicho Lake, one of the world’s highest lakes. It is a traditional settlement with stone houses and yak pastures, serving as a stopover for trekkers. The village reflects Tibetan Buddhist culture and offers views of snow-capped peaks.","From Manang Bazaar, trek north via Braga trail to Khangsar village.",330,Remote village with breathtaking mountain landscapes.,Khangsar\download (1).jpeg; Khangsar\download (2).jpeg; Khangsar\download (3).jpeg; Khangsar\download (5).jpeg; Khangsar\download.jpeg,4.8,30.2,Low
799,jomsom,mustang,"Mar–May, Sep–Nov","Urbanic, Mountains",Natural Attractions,"Trekking, jeep ride",Medium,Flight / road,28.7892,83.7216,4,"Jomsom in Mustang District is a bustling town at 2,700 meters, serving as the administrative center of the region. It is famous for its airport, apple orchards, and as a gateway to Muktinath and Upper Mustang. The town lies along the Kali Gandaki River, with views of Nilgiri and Dhaulagiri.","From Kathmandu, fly from KTM to Jomsom airport or drive via Beni Bazaar and motorable road.",69,Gateway town to Upper Mustang and trekking trails.,Jomsom\download (1).jpeg; Jomsom\download (2).jpeg; Jomsom\download (3).jpeg; Jomsom\download (4).jpeg; Jomsom\download.jpeg,4.9,17.3,Low
800,lo manthang,mustang,"Apr–Jun, Sep–Nov","Village, Mountains",Natural Attractions,"Cultural tour, trekking",Hard,Road + permit,29,83.848,4,"Lo Manthang is the walled capital of Upper Mustang, founded in the 14th century. It is culturally Tibetan, with monasteries, palaces, and mud-brick houses. The town is a UNESCO-recognized heritage site, preserving traditions of the former Kingdom of Lo.","From Jomsom, drive or trek north via Kali Gandaki Valley to Lo Manthang.",120,Ancient walled city with Tibetan Buddhist heritage.,Lo Manthang\download (1).jpeg; Lo Manthang\download (2).jpeg; Lo Manthang\download (3).jpeg; Lo Manthang\download (5).jpeg; Lo Manthang\download.jpeg,4.9,30.2,Low
801,muktinath,mustang,Sep–Nov,"Religious, Mountains",Natural Attractions,Temple visit,Medium–Hard,Jeep / trek,28.7057,83.9621,4,"Muktinath Temple in Mustang is one of Nepal’s most sacred pilgrimage sites, revered by both Hindus and Buddhists. Situated at 3,800 meters, it is dedicated to Lord Vishnu and features eternal flames and 108 water spouts. The temple symbolizes liberation and spiritual cleansing.","From Jomsom, drive or trek north via Kagbeni to Muktinath Temple.",1000,Sacred pilgrimage site for Hindus and Buddhists.,,4.7,55.5,Moderate
802,kagbeni,mustang,Oct–Nov,"Village, Mountains",Natural Attractions,"Photography, monastery",Medium,Road / jeep,28.8275,83.7585,4,"Kagbeni is a medieval village at the confluence of the Kali Gandaki and Jhong rivers. It is the gateway to Upper Mustang and is known for its ancient monastery, narrow alleys, and traditional mud-brick houses. The village preserves Tibetan Buddhist culture and offers views of Nilgiri","From Jomsom, drive or trek north to Kagbeni village.",68,Traditional village along Kali Gandaki River in Upper Mustang.,Kagbeni\download (1).jpeg; Kagbeni\download (2).jpeg; Kagbeni\download (3).jpeg; Kagbeni\download (4).jpeg; Kagbeni\download.jpeg,4.1,17.2,Low
803,marpha,mustang,Oct–Nov,"Village, Mountains",Natural Attractions,"Homestay, apple wine tasting",Easy–Medium,Road,28.7058,83.7375,4,"Marpha is a picturesque village in Mustang, famous for its apple orchards and brandy. The settlement has whitewashed houses, narrow lanes, and Buddhist monasteries. It is a cultural gem on the Annapurna Circuit, blending agriculture with tourism.","From Jomsom, drive or trek north via Kali Gandaki to Marpha village.",84,Picturesque town famous for apple orchards and local culture.,Marpha\download (1).jpeg; Marpha\download (2).jpeg; Marpha\download (3).jpeg; Marpha\download (5).jpeg; Marpha\download.jpeg,4,21.1,Low
804,beni bazaar,myagdi,Sep–Nov,Urbanic,Urban & Modern Attractions,"River views, shopping",Easy,Road,28.3833,83.6167,4,"Beni Bazaar is the headquarters of Myagdi District, located at the confluence of the Kali Gandaki and Myagdi rivers. It is a bustling trade town and gateway to trekking routes in Dhaulagiri and Annapurna regions. The bazaar is known for its markets and cultural diversity.","From Pokhara, drive west via Prithvi Highway to Beni Bazaar.",500,Riverside town at the confluence of Kali Gandaki and Myagdi rivers.,Beni Bazaar\download (1).jpeg; Beni Bazaar\download (2).jpeg; Beni Bazaar\download (3).jpeg; Beni Bazaar\download (4).jpeg; Beni Bazaar\download.jpeg,4.1,28.1,Low
805,tatopani,myagdi,Oct–Mar,"Rural, Hills",Natural Attractions,"Bathing, local stay",Easy,Road,28.494,83.597,4,"Tatopani, meaning “hot water,” is a village along the Kali Gandaki famous for its natural hot springs. Trekkers on the Annapurna Circuit often stop here to relax. The settlement is surrounded by fertile valleys and offers views of the mid-hills","From Beni, drive west via Kali Gandaki valley to Tatopani village.",136,Hot spring village popular among trekkers.,Tatopani (Sindhupalchok)\download (1).jpeg; Tatopani (Sindhupalchok)\download (2).jpeg; Tatopani (Sindhupalchok)\download (3).jpeg; Tatopani (Sindhupalchok)\download (4).jpeg; Tatopani (Sindhupalchok)\download.jpeg,4.5,34.2,Low
806,babiyachaur,myagdi,Sep–Nov,Rural,Village & Rural Tourism,"Village walk, local markets",Easy,Road,28.414,83.567,4,"Babiyachaur in Myagdi District is a rural settlement along trekking routes. It is surrounded by terraced fields and rivers, with agriculture as the main livelihood. The community is culturally tied to Hindu traditions.","From Beni, drive north via Myagdi district roads to Babiyachaur.From Kathmandu, drive west via Mahendra Highway and Surkhet Valley roads to reach Babiyachaur.",369,Quiet rural settlement in hilly terrain. Rural village with peaceful surroundings.,Babiyachaur\download (1).jpeg; Babiyachaur\download (2).jpeg; Babiyachaur\download (3).jpeg; Babiyachaur\download (4).jpeg; Babiyachaur\download.jpeg,4.2,37.2,Moderate
807,dhorpatan,baglung/myagdi,Oct–Dec,"Mountains, Scenic",Natural Attractions,"Trekking, wildlife",Hard,Road + trek,28,83.5,4,"Dhorpatan in Baglung District is Nepal’s only hunting reserve, covering alpine meadows and forests at 2,850 meters. It is home to blue sheep, Himalayan tahr, and diverse bird species. The area also has Buddhist monasteries and is culturally tied to Tibetan traditions.","From Kathmandu, drive west via Baglung and Myagdi to reach Dhorpatan.",80,Town near Dhorpatan Hunting Reserve with natural beauty.,Dho\download (1).jpeg; Dho\download (2).jpeg; Dho\download (3).jpeg; Dho\download (5).jpeg; Dho\download.jpeg,4.5,20.1,Low
808,devghat,nawalpur,Sep–Nov,Religious,Cultural & Religious Sites,"Pilgrimage, religious festivals",Very Easy,Road,27.6167,84.5167,4,"Devghat in Chitwan District is one of Nepal’s most important Hindu pilgrimage sites, located at the confluence of the Seti and Trishuli rivers. It is associated with sages and epics, with temples, ashrams, and cremation ghats. Devghat is especially significant during Makar Sankranti.","From Kathmandu, drive southwest via Narayangadh to Devghat.",500,Religious and cultural site at the confluence of Gandaki and Trishuli rivers.,,3.9,41.5,Moderate
809,kawasoti,nawalpur,Sep–Nov,"Urbanic, Rural",Village & Rural Tourism,"Jungle safari, boating",Easy,Highway,27.648,84.125,4,"Kawasoti in Nawalpur District is a growing town near Chitwan National Park. It is a hub for eco-tourism, with homestays offering Tharu and indigenous cultural experiences. The area is surrounded by fertile plains and forests.","From Kathmandu, drive southwest via Narayangadh and Bharatpur to Kawasoti.",400,Riverside town with cultural significance in Nawalparasi.,Kawasoti\download (1).jpeg; Kawasoti\download (2).jpeg; Kawasoti\download (3).jpeg; Kawasoti\download (4).jpeg; Kawasoti\download.jpeg,4.4,28.9,Low
810,hupsekot,nawalpur,Oct–Nov,"Rural, Hills",Natural Attractions,"Village walks, local food",Easy,Road,27.75,84.15,4,"Hupsekot in Nawalpur District is a rural municipality with terraced fields and rivers. It is culturally diverse, with Hindu and Buddhist traditions coexisting. The community practices agriculture and small-scale trade.","From Kathmandu, drive southwest via Narayangadh to Hupsekot village.",450,Small town with natural surroundings and rural lifestyle.,Hupsekot\download (1).jpeg; Hupsekot\download (2).jpeg; Hupsekot\download (3).jpeg; Hupsekot\download (5).jpeg; Hupsekot\download.jpeg,4,18.3,Low
811,bhimad,tanahun,Sep–Nov,Urbanic,Natural Attractions,Local exploration,Easy,Highway,27.93,84.16,4,"Bhimad in Tanahun District is a rural settlement surrounded by fertile valleys. It is primarily agricultural, with Hindu temples and seasonal fairs shaping its cultural life.","From Kathmandu, drive west via Prithvi Highway to Bhimad in Tanahun District.",900,Riverside town with panoramic views and cultural charm.,Bhimad\download (1).jpeg; Bhimad\download (2).jpeg; Bhimad\download (3).jpeg; Bhimad\download (4).jpeg; Bhimad\download.jpeg,4.4,38.6,Moderate
812,ghalechowk,tanahun,Sep–Nov,"Village, Hills",Natural Attractions,"Village life, short treks",Medium,Road,27.96,84.18,4,"Ghalechowk in Lamjung District is a Gurung village known for its homestay programs and cultural festivals. It offers views of Lamjung Himal and Annapurna ranges, making it a scenic and culturally rich destination.","From Kathmandu, drive west via Prithvi Highway and cross the Kali Gandaki bridge to reach Ghalechowk.",137,Scenic hilltop village with mountain vistas.,Ghalechowk\download (1).jpeg; Ghalechowk\download (2).jpeg; Ghalechowk\download (3).jpeg; Ghalechowk\download (5).jpeg; Ghalechowk\download.jpeg,4,34.3,Low
813,damauli,tanahun,Oct–Nov,Urbanic,Urban & Modern Attractions,"Market, local trips",Easy,Road,27.95,84.15,4,"Damauli is the headquarters of Tanahun District, located along the Seti River. It is historically significant as the birthplace of Ved Vyas, the sage who composed the Mahabharata. The town is a hub for trade, education, and culture.","From Kathmandu, drive west via Prithvi Highway to Damauli, Tanahun District.",123,Town at the confluence of rivers with cultural importance.,,3.9,39.1,Moderate
814,arjunchaupari,syangja,Oct–Nov,"Rural, Hills",Natural Attractions,"Hikes, cultural visit",Easy,Road,28.08,83.87,4,Arjunchaupari in Syangja District is a hillside settlement with terraced fields and traditional houses. It is culturally tied to Hindu traditions and is part of the mid-hill communities of Gandaki Province.,"From Kathmandu, drive west via Prithvi Highway to Arjunchaupari village.",258,Hilly settlement with serene landscapes.,Arjunchaupari\download (1).jpeg; Arjunchaupari\download (2).jpeg; Arjunchaupari\download (3).jpeg; Arjunchaupari\download (4).jpeg; Arjunchaupari\download.jpeg,4.2,25.2,Low
815,pelkachaur,syangja,Oct–Nov,"Rural, Hills",Natural Attractions,"Hiking, culture",Easy,Road,28.12,83.8,4,"Pelkachaur in Syangja District is a rural settlement surrounded by fertile valleys. It is primarily agricultural, with maize and millet as staples. The community is culturally tied to Hindu traditions.","From Kathmandu, drive west via Prithvi Highway to Pelkachaur.",159,Peaceful village with panoramic views and farmland.,Pelkachaur\download (1).jpeg; Pelkachaur\download (2).jpeg; Pelkachaur\download (3).jpeg; Pelkachaur\download (5).jpeg; Pelkachaur\download.jpeg,4,26.5,Low
816,putalibazar,syangja,Sep–Nov,Urbanic,Urban & Modern Attractions,"Village walk, temples",Easy,Road,28.0667,83.8833,4,"Putalibazar is the headquarters of Syangja District, located at 915 meters. It is a growing town with markets, schools, and administrative offices. The area is surrounded by hills and rivers, making it a scenic urban center.","From Kathmandu, drive west via Prithvi Highway to Putalibazar, Syangja District.",357,Commercial hub with scenic surroundings and local culture.,Putalibazar\download (1).jpeg; Putalibazar\download (2).jpeg; Putalibazar\download (3).jpeg; Putalibazar\download (4).jpeg; Putalibazar\download.jpeg,4.2,29.1,Low
817,amppipal,gorkha,Sep–Nov,Rural,Village & Rural Tourism,"Village stay, local culture",Medium,Road,28.067,84.533,4,"Amppipal in Gorkha District is known for Amppipal Hospital, a community-based health institution established with international support. The village is surrounded by hills and forests, with agriculture as the main livelihood.","From Kathmandu, drive west via Prithvi Highway, then take local road to Amppipal village.",127,Remote village with traditional rural lifestyle.,Amppipal\download (1).jpeg; Amppipal\download (2).jpeg; Amppipal\download (3).jpeg; Amppipal\download (5).jpeg; Amppipal\download.jpeg,4.7,31.8,Low
818,makaikhola,kaski,Sep–Nov,Rural,Village & Rural Tourism,"Village walks, stream-side visits",Easy–Medium,Road,28.2634,83.6791,4,"Makaikhola in Gorkha District is a rural settlement named after the maize fields along the river (“Makai” meaning maize). It is primarily agricultural, with Hindu traditions shaping its cultural life.","From Kathmandu, drive west via Prithvi Highway and Syangja road to Makaikhola.",321,Riverside settlement in hilly terrain.,Makaikhola\download (1).jpeg; Makaikhola\download (2).jpeg; Makaikhola\download (3).jpeg; Makaikhola\download (4).jpeg; Makaikhola\download.jpeg,4.3,34.6,Low
819,chongur (chhyokhar),mustang (muktinath area),Sep–Nov,"Village, Mountains",Natural Attractions,"High-valley village walks, cultural visits",Hard,Trek / jeep to valley,) 28.99,83.9,4,"Chongur, also called Chhyokhar, is a village in Upper Mustang. It is culturally Tibetan, with monasteries, prayer flags, and traditional mud-brick houses. The settlement preserves ancient Buddhist traditions and offers views of rugged Himalayan landscapes","From Kathmandu, drive west via Pokhara and Syangja district roads to Chongur (Chhyokhar).",13,Village with traditional culture and scenic landscapes.,Chongur (Chhyokhar)\download (1).jpeg; Chongur (Chhyokhar)\download (2).jpeg; Chongur (Chhyokhar)\download (3).jpeg; Chongur (Chhyokhar)\download (5).jpeg; Chongur (Chhyokhar)\download.jpeg,4.7,11.2,Very Low
820,tangbe,mustang,Sep–Nov,"Village, Mountains",Natural Attractions,"Culture, trekking stops",Hard,Trek route (Annapurna/Upper Mustang),29.02,83.9,4,"Tangbe in Mustang District is a medieval village with narrow alleys, whitewashed houses, and chortens. It lies along the trekking route to Upper Mustang and is culturally Tibetan. The village is known for its orchards and traditional architecture.","From Kathmandu, fly or drive to Pokhara, then drive or trek north via Kali Gandaki Valley to Tangbe.",64,Tibetan-influenced village with historic monasteries.,Tangbe\download (1).jpeg; Tangbe\download (2).jpeg; Tangbe\download (3).jpeg; Tangbe\download (4).jpeg; Tangbe\download.jpeg,4.6,16,Low
821,majibari,lamjung,Sep–Nov,Village,Village & Rural Tourism,"Rural life, local walks",Easy,Road (gravel),28.26,84.62,4,"Majibari is a small village in Dudhpokhari VDC of Lamjung District, Gandaki Province. With only about 20 households and a population of 178, it is a tightly knit community where Bhattarai, Dhital, and Tamang families form the majority. Despite its remoteness and lack of health facilities, Majibari boasts an impressive literacy rate of 96%, with most youth leaving for cities after mid-school for higher education. The village reflects the resilience of rural Nepal, balancing tradition with aspirations for modern opportunities","From Kathmandu, drive to Pokhara via Prithvi Highway and continue towards Annapurna region to Majibari.",125,Quiet hilltop settlement surrounded by forests.,Majibari\download (1).jpeg; Majibari\download (2).jpeg; Majibari\download (3).jpeg; Majibari\download (5).jpeg; Majibari\download.jpeg,4.4,54.8,Moderate
822,dhakmar,mustang,Sep–Nov,"Village, Mountains",Natural Attractions,"Trekking, high-valley views",Hard,Trek,29.0825,83.8778,4,"Dhakmar, located in Upper Mustang, is famous for its surreal red cliffs formed by iron oxide deposits. At 3,820 meters above sea level, the village is a striking blend of natural beauty and cultural heritage. Its crimson cliffs glow under the Himalayan sun, creating a mystical landscape tied to local legends. Dhakmar also hosts ancient caves and Tibetan-influenced traditions, making it both a geological wonder and a cultural treasure","From Kathmandu, fly to Pokhara and trek via Annapurna trail to Dhakmar village.",12,Remote village offering mountain views and tranquility.,Dhakmar\download (1).jpeg; Dhakmar\download (2).jpeg; Dhakmar\download (3).jpeg; Dhakmar\download (4).jpeg; Dhakmar\download.jpeg,4.8,10.8,Very Low
823,tsarang / charang,mustang,Sep–Nov,"Village, Religious",Cultural & Religious Sites,"Monastery, culture",Hard (permit),Road/trek in Upper Mustang,29.0926,83.9323,4,"Tsarang (also spelled Charang) is one of Upper Mustang’s most historic settlements, sitting at 3,500 meters. Known for its whitewashed houses, monasteries, and chortens, it was once the seat of Mustang’s royal palace. The village is deeply influenced by Tibetan Buddhism and Bon traditions, with narrow stone alleys and flat-roofed houses that preserve centuries-old architecture. Tsarang serves as a gateway to Luri Gompa and Damodar Kunda, making it a vital cultural hub.","From Kathmandu, fly to Jomsom or drive via Beni Bazaar, then trek north via Kali Gandaki Valley to Tsarang / Charang.",118,Ancient Mustang villages with Tibetan heritage.,Tsarang  Charang\download (1).jpeg; Tsarang  Charang\download (2).jpeg; Tsarang  Charang\download (3).jpeg; Tsarang  Charang\download (5).jpeg; Tsarang  Charang\download.jpeg,4.9,29.6,Low
824,yara (yara ghara area),mustang (upper mustang),Sep–Nov,"Village, Mountains",Natural Attractions,"Trekking, remote village visits",Hard,Trek,29.1,84.004,4,"Yara and Ghara are remote villages in Upper Mustang, perched at around 3,600 meters. They are renowned for ancient caves carved into cliffs, believed to be dwellings of early inhabitants. The villages preserve matriarchal traditions, a rarity in modern Nepal, and their barren yet majestic landscapes highlight the resilience of communities living in semi-arid Himalayan terrain. Yara Ghara is a living museum of Tibetan heritage and prehistoric cave culture.","From Kathmandu, drive to Pokhara and trek via Kali Gandaki Valley to Yara Ghara area.",125,Traditional village in Upper Mustang with local culture.,Yara (Yara Ghara area)\download (1).jpeg; Yara (Yara Ghara area)\download (2).jpeg; Yara (Yara Ghara area)\download (3).jpeg; Yara (Yara Ghara area)\download (4).jpeg; Yara (Yara Ghara area)\download.jpeg,4.5,17.1,Low
825,luri gompa,mustang,Sep–Nov,"Religious, Mountains",Natural Attractions,"Monastery visits, short hikes",Hard,Trek,29.0878,84.0355,4,"Luri Gompa is a cave monastery carved into sandstone cliffs in Upper Mustang. Dating back centuries, it is adorned with exquisite murals and frescoes depicting Buddhist mythology. The monastery complex includes interconnected caves, chortens, and prayer flags, making it both a spiritual sanctuary and an architectural marvel. Accessible via Tsarang and Yara, Luri Gompa is a hidden gem requiring special permits, symbolizing the sacred isolation of Mustang","From Kathmandu, drive to Pokhara and trek via Kali Gandaki Valley to Luri Gompa.",136,Monastery with cultural and spiritual significance.,Luri Gompa\download (1).jpeg; Luri Gompa\download (2).jpeg; Luri Gompa\download (3).jpeg; Luri Gompa\download (4).jpeg; Luri Gompa\download.jpeg,4.9,23.4,Low
826,chhusang,mustang,Sep–Nov,"Village, Mountains",Natural Attractions,"Photography, village walks",Hard,Road/trek (Annapurna/upper Kali Gandaki),"28.9300,",83.91,4,"Chhusang lies at the confluence of the Kali Gandaki and Narshing rivers in Mustang. Surrounded by dramatic red and silver cliffs dotted with sky caves, it is a picturesque stop on the Upper Mustang trekking route. At 2,980 meters, Chhusang blends Gurung, Lowa, and Thakali cultures, offering warm hospitality amid stunning Himalayan scenery. Its cliffside caves and traditional architecture make it a fascinating mix of adventure and heritage.","From Kathmandu, fly or drive to Jomsom, then drive/trek north to Chhusang village.",124,Scenic village with Himalayan backdrop and cultural charm.,Chhusang\download (1).jpeg; Chhusang\download (2).jpeg; Chhusang\download (3).jpeg; Chhusang\download (5).jpeg; Chhusang\download.jpeg,4.8,31,Low
827,lumbini village lesser temples,rupandehi,Oct–Mar,Temple; Local; Cultural,Cultural & Religious Sites,Worship; Photography; Cultural Tour,Easy,Road Accessible,27.48,83.27,5,"Beyond the famous Maya Devi Temple, Lumbini hosts numerous lesser-known monasteries built by countries like Myanmar, Japan, and France. These temples, part of the Lumbini Master Plan, embody peace and spiritual diversity. Each monastery reflects its nation’s architectural style, creating a global Buddhist landscape. Visiting these lesser temples offers a quieter, more contemplative experience compared to the main pilgrimage sites.","From Kathmandu, drive southwest via Butwal to Lumbini Village area and visit lesser temples.From Kathmandu, drive southwest via Butwal to Lumbini village to visit minor temples.",2271,Small temples around Lumbini with cultural and historical value. Smaller temples showcasing local religious practices.,Lumbini Village Lesser Temples\Lumbini Village Lesser Temples 1.1.jpeg; Lumbini Village Lesser Temples\Lumbini Village Lesser Temples 1.2.jpeg; Lumbini Village Lesser Temples\Lumbini Village Lesser Temples 1.3.jpeg; Lumbini Village Lesser Temples\Lumbini Village Lesser Temples 1.4.jpeg; Lumbini Village Lesser Temples\Lumbini Village Lesser Temples 1.5.jpeg,4.5,91.9,Very High
828,tansen,palpa,Oct–Mar,Town; Heritage; Hill,Natural Attractions,Sightseeing; Photography; Cultural Tour,Easy,Road Accessible,27.88,83.545,5,"Tansen, in Palpa District, is a hill town at 1,350 meters known for its Newari architecture and vibrant culture. Overlooking the Kali Gandaki Valley, it offers panoramic views from Shreenagar Hill and hosts landmarks like Rani Mahal, often called the “Taj Mahal of Nepal.” Tansen’s winding alleys, temples, and Palpali food culture make it a charming blend of history and hospitality.","From Kathmandu, drive west via Prithvi Highway to Tansen, Palpa District.",350,Historic hill town in Palpa with traditional Newari architecture. Heritage hill town with Newari architecture and cultural richness.,Tansen\Tansen 1.1.jpeg; Tansen\Tansen 1.10.jpeg; Tansen\Tansen 1.2.jpeg; Tansen\Tansen 1.3.jpeg; Tansen\Tansen 1.4.jpeg; Tansen\Tansen 1.5.jpeg; Tansen\Tansen 1.6.jpeg; Tansen\Tansen 1.7.jpeg; Tansen\Tansen 1.8.jpeg; Tansen\Tansen 1.9.jpeg,4.4,16.7,Low
829,khaireni hill viewpoint,dang,Oct–Mar,Hill; Viewpoint; Scenic,Natural Attractions,Photography; Short Trek; Nature Walks,Easy,Road + Short Hike,28.05,82.6,5,"Khaireni, located in Gulmi District, offers scenic hill viewpoints overlooking valleys and villages. Surrounded by settlements like Baletaksar and Digam, it provides a serene vantage point for sunrise and sunset views. Its rural charm and proximity to traditional villages make it a peaceful spot for travelers seeking offbeat experiences.","From Kathmandu, drive west via Prithvi Highway and local hill roads to Khaireni Hill viewpoint.",330,Panoramic viewpoint overlooking surrounding hills and valleys. Scenic hilltop with panoramic valley views.,Khaireni Hill Viewpoint\Khaireni Hill Viewpoint 1.1.jpeg; Khaireni Hill Viewpoint\Khaireni Hill Viewpoint 1.10.jpeg; Khaireni Hill Viewpoint\Khaireni Hill Viewpoint 1.2.jpeg; Khaireni Hill Viewpoint\Khaireni Hill Viewpoint 1.3.jpeg; Khaireni Hill Viewpoint\Khaireni Hill Viewpoint 1.4.jpeg; Khaireni Hill Viewpoint\Khaireni Hill Viewpoint 1.5.jpeg; Khaireni Hill Viewpoint\Khaireni Hill Viewpoint 1.6.jpeg; Khaireni Hill Viewpoint\Khaireni Hill Viewpoint 1.7.jpeg; Khaireni Hill Viewpoint\Khaireni Hill Viewpoint 1.8.jpeg; Khaireni Hill Viewpoint\Khaireni Hill Viewpoint 1.9.jpeg,4,36.2,Moderate
830,dang valley minor viewpoints,dang,Oct–Mar,Hill; Scenic; Nature,Natural Attractions,Photography; Nature Walks; Short Trek,Easy,Road + Short Hike,28.05,82.61,5,"Dang Valley, the second-largest valley in Asia, is encircled by the Shivalik Hills and Mahabharata Range. Minor viewpoints across the valley provide glimpses of its vast plains, rivers, and cultural sites. From Jakhera Lake to Purandhara Waterfall, these spots highlight the valley’s ecological richness and Tharu heritage, offering diverse experiences beyond the main towns.","From Kathmandu, drive southwest via Narayangadh and Tulsipur to reach Dang Valley minor viewpoints.From Kathmandu, drive southwest via Narayangadh and Dang district roads to Dang Valley minor viewpoints.",136,Scenic hills and valleys ideal for nature views. Scenic vantage points across Dang Valley.,Dang\Dang 1.1.jpeg; Dang\Dang 1.10.jpeg; Dang\Dang 1.2.jpeg; Dang\Dang 1.3.jpeg; Dang\Dang 1.4.jpeg; Dang\Dang 1.5.jpeg; Dang\Dang 1.6.jpeg; Dang\Dang 1.7.jpeg; Dang\Dang 1.8.jpeg; Dang\Dang 1.9.jpeg,4.2,34.1,Low
831,buddha statue viewpoint,rupandehi,Oct–Mar,Viewpoint; Scenic; Cultural,Natural Attractions,Photography; Short Walk; Sightseeing,Easy,Road + Short Hike,27.485,83.28,5,"Nepal hosts numerous Buddha statue viewpoints, often combining religious significance with scenic panoramas. These handcrafted statues, made in Patan and other regions, symbolize meditation and peace. A viewpoint featuring such statues offers both spiritual reflection and cultural artistry, with golden gilded figures set against Himalayan or Terai backdrops","From Kathmandu, drive southwest via Tulsipur to Dang Buddha Statue viewpoint.",103,Elevated spot offering great views of landscapes and statue. Elevated location with panoramic views and Buddha statue.,Buddha Statue Viewpoint\Buddha Statue Viewpoint 1.1.jpeg; Buddha Statue Viewpoint\Buddha Statue Viewpoint 1.10.jpeg; Buddha Statue Viewpoint\Buddha Statue Viewpoint 1.2.jpeg; Buddha Statue Viewpoint\Buddha Statue Viewpoint 1.3.jpeg; Buddha Statue Viewpoint\Buddha Statue Viewpoint 1.4.jpeg; Buddha Statue Viewpoint\Buddha Statue Viewpoint 1.5.jpeg; Buddha Statue Viewpoint\Buddha Statue Viewpoint 1.6.jpeg; Buddha Statue Viewpoint\Buddha Statue Viewpoint 1.7.jpeg; Buddha Statue Viewpoint\Buddha Statue Viewpoint 1.8.jpeg; Buddha Statue Viewpoint\Buddha Statue Viewpoint 1.9.jpeg,4,25.9,Low
832,majhgaon hill lesser viewpoints,dang,Oct–Mar,Hill; Scenic; Nature,Natural Attractions,Photography; Short Trek; Nature Walks,Easy,Road + Short Hike,28.065,82.625,5,"Majhgaon, near Pokhara, is known for its Gurung-style lodges and manicured gardens. At 1,408 meters, it provides accessible hill viewpoints with stunning valley and peak views. The area combines traditional village life with trekking hospitality, making it a lesser-known yet rewarding destination for cultural immersion and scenic relaxation","From Kathmandu, drive southwest via Dang district roads to Majhgaon Hill.",100,Small hilltop viewpoints with local scenic beauty. Small hilltop spots with panoramic views.,Majhgaon Hill Lesser Viewpoint\Majhgaon Hill Lesser Viewpoints 1.1.jpeg; Majhgaon Hill Lesser Viewpoint\Majhgaon Hill Lesser Viewpoints 1.10.jpeg; Majhgaon Hill Lesser Viewpoint\Majhgaon Hill Lesser Viewpoints 1.2.jpeg; Majhgaon Hill Lesser Viewpoint\Majhgaon Hill Lesser Viewpoints 1.3.jpeg; Majhgaon Hill Lesser Viewpoint\Majhgaon Hill Lesser Viewpoints 1.4.jpeg; Majhgaon Hill Lesser Viewpoint\Majhgaon Hill Lesser Viewpoints 1.5.jpeg; Majhgaon Hill Lesser Viewpoint\Majhgaon Hill Lesser Viewpoints 1.6.jpeg; Majhgaon Hill Lesser Viewpoint\Majhgaon Hill Lesser Viewpoints 1.7.jpeg; Majhgaon Hill Lesser Viewpoint\Majhgaon Hill Lesser Viewpoints 1.8.jpeg; Majhgaon Hill Lesser Viewpoint\Majhgaon Hill Lesser Viewpoints 1.9.jpeg,4,15.3,Low
833,dang offbeat hilltop,dang,Oct–Mar,Hill; Scenic; Nature,Natural Attractions,Photography; Short Trek; Nature Walks,Easy,Road + Short Hike,28.055,82.615,5,"Rajakot in Dang is an emerging offbeat hilltop viewpoint offering panoramic views of the Rapti and Babai rivers, as well as distant Himalayan peaks. Rooted in Tharu culture and mythology, the hilltop is gaining recognition as a hidden gem for backpackers. Its blend of history, legend, and natural beauty makes it a rising attraction in western Nepal.","From Kathmandu, drive southwest via Narayangadh and Dang district to offbeat hilltop locations in Dang.From Kathmandu, drive southwest via Narayangadh and Dang district roads to offbeat hilltop.",980,Off-the-beaten-path location with panoramic views. Hidden hilltop spot with panoramic views.,Dang\Dang 1.1.jpeg; Dang\Dang 1.10.jpeg; Dang\Dang 1.2.jpeg; Dang\Dang 1.3.jpeg; Dang\Dang 1.4.jpeg; Dang\Dang 1.5.jpeg; Dang\Dang 1.6.jpeg; Dang\Dang 1.7.jpeg; Dang\Dang 1.8.jpeg; Dang\Dang 1.9.jpeg,3.9,44.2,Moderate
834,jagatnagar village,arghakhanchi,Oct–Mar,Village; Cultural; Nature,Natural Attractions,Homestay; Photography; Cultural Tour; Short Trek,Moderate,Road + Trek,27.83,83.31,5,"Jagat Village in the Manaslu region is a stone-walled settlement along the Budhi Gandaki River at 1,340–1,410 meters. It serves as a gateway to the Manaslu Circuit Trek, requiring conservation permits. Surrounded by rhododendron forests and mountain views, Jagat is both a checkpoint and a cultural stop, reflecting the rugged charm of Himalayan trekking communities.","From Kathmandu, drive southwest via Butwal to Jagatnagar village.",17,Rural settlement with traditional lifestyle. Traditional village with local culture and serene landscapes.,Jagatnagar Village\Jagatnagar Village 1.1.jpeg; Jagatnagar Village\Jagatnagar Village 1.10.jpeg; Jagatnagar Village\Jagatnagar Village 1.2.jpeg; Jagatnagar Village\Jagatnagar Village 1.3.jpeg; Jagatnagar Village\Jagatnagar Village 1.4.jpeg; Jagatnagar Village\Jagatnagar Village 1.5.jpeg; Jagatnagar Village\Jagatnagar Village 1.6.jpeg; Jagatnagar Village\Jagatnagar Village 1.7.jpeg; Jagatnagar Village\Jagatnagar Village 1.8.jpeg; Jagatnagar Village\Jagatnagar Village 1.9.jpeg,4.6,14.5,Very Low
835,rupandehi traditional villages,rupandehi,Oct–Mar,Village; Cultural; Local,Cultural & Religious Sites,Homestay; Cultural Tour; Photography; Local Food,Easy,Road Accessible,27.48,83.25,5,"Rupandehi District, home to Lumbini, also features traditional Terai villages rich in Bhojpuri, Awadhi, and Tharu culture. These villages showcase mud houses, fertile plains, and vibrant festivals. Their proximity to Lumbini adds spiritual depth, while their agricultural lifestyle highlights the cultural diversity of Nepal’s southern plains.","From Kathmandu, drive southwest via Butwal and Lumbini zone to reach traditional villages in Rupandehi.From Kathmandu, drive southwest via Butwal and Rupandehi District to visit traditional villages.",500,Villages showcasing cultural heritage near Lumbini. Villages showcasing rural culture near Lumbini.,Rupandehi\Rupandehi 1.1.jpeg; Rupandehi\Rupandehi 1.10.jpeg; Rupandehi\Rupandehi 1.2.jpeg; Rupandehi\Rupandehi 1.3.jpeg; Rupandehi\Rupandehi 1.4.jpeg; Rupandehi\Rupandehi 1.5.jpeg; Rupandehi\Rupandehi 1.6.jpeg; Rupandehi\Rupandehi 1.7.jpeg; Rupandehi\Rupandehi 1.8.jpeg; Rupandehi\Rupandehi 1.9.jpeg,4.3,17.7,Low
836,ghodaghodi lesser villages,kailali/rupandehi,Oct–Mar,Village; Cultural; Nature,Natural Attractions,Homestay; Cultural Tour; Photography; Nature Walks,Easy,Road + Short Trek,27.695,82.925,5,"Ghodaghodi in Kailali District is famed for its sacred lake and wetland ecosystem. Surrounding lesser villages, inhabited mainly by the Tharu community, preserve indigenous traditions tied to the lake’s mythology. The area is Nepal’s first bird sanctuary, blending ecological importance with cultural reverence. These villages offer authentic experiences of Tharu heritage and wetland conservation.","From Kathmandu, drive southwest via Bhalubang and Ghodaghodi Lake area to reach minor villages.From Kathmandu, drive southwest via Bhalubang and Bardiya District to minor villages near Ghodaghodi Lake.",116,Small settlements near Ghodaghodi Lake with scenic surroundings. Small settlements with rural charm near Ghodaghodi Lake.,Ghodaghodi Lesser Village\Ghodaghodi Lesser Villages 1.1.jpeg; Ghodaghodi Lesser Village\Ghodaghodi Lesser Villages 1.10.jpeg; Ghodaghodi Lesser Village\Ghodaghodi Lesser Villages 1.2.jpeg; Ghodaghodi Lesser Village\Ghodaghodi Lesser Villages 1.3.jpeg; Ghodaghodi Lesser Village\Ghodaghodi Lesser Villages 1.4.jpeg; Ghodaghodi Lesser Village\Ghodaghodi Lesser Villages 1.5.jpeg; Ghodaghodi Lesser Village\Ghodaghodi Lesser Villages 1.6.jpeg; Ghodaghodi Lesser Village\Ghodaghodi Lesser Villages 1.7.jpeg; Ghodaghodi Lesser Village\Ghodaghodi Lesser Villages 1.8.jpeg; Ghodaghodi Lesser Village\Ghodaghodi Lesser Villages 1.9.jpeg,4.9,29,Low
837,syangja waterfall,palpa,Oct–Mar,Waterfall; Nature; Offbeat,Natural Attractions,Sightseeing; Photography; Short Hike,Easy,Road + Short Hike,27.88,83.55,5,"Syangja District is dotted with hidden waterfalls cascading through lush hillsides. These natural sites are often tucked away in forested valleys, offering serene picnic spots and trekking detours. The waterfalls reflect the district’s rich ecological diversity, combining subtropical greenery with Himalayan foothill charm. They are less commercialized, making them ideal for travelers seeking quiet natural beauty.","From Kathmandu, drive west via Prithvi Highway and Syangja district roads to Syangja Waterfall.",369,Picturesque waterfall in Syangja district. Scenic waterfall set amidst lush hills.,syangja\Syangja 1.1.jpeg; syangja\Syangja 1.10.jpeg; syangja\Syangja 1.2.jpeg; syangja\Syangja 1.3.jpeg; syangja\Syangja 1.4.jpeg; syangja\Syangja 1.5.jpeg; syangja\Syangja 1.6.jpeg; syangja\Syangja 1.7.jpeg; syangja\Syangja 1.8.jpeg; syangja\Syangja 1.9.jpeg,3.9,19.5,Low
838,mahendra cave,rupandehi,Oct–Mar,Cave; Natural; Scenic,Natural Attractions,Sightseeing; Photography; Adventure,Easy,Road Accessible,27.682,83.443,5,"Located in Pokhara, Mahendra Cave is one of Nepal’s most famous limestone caves. It features stalactites and stalagmites formed over centuries, with chambers that echo with mystery. Named after King Mahendra, the cave is a popular tourist attraction, blending adventure with geology. Local legends add spiritual depth, as many visitors light lamps near natural rock formations resembling deities.","From Kathmandu, drive west via Prithvi Highway and Pokhara to Mahendra Cave.",700,Famous limestone cave with impressive stalactites. Limestone cave with impressive stalactites near Pokhara.,,4.3,40.4,Moderate
839,siddha cave,rupandehi,Oct–Mar,Cave; Nature; Adventure,Natural Attractions,Sightseeing; Photography; Adventure,Easy,Road Accessible,27.68,83.44,5,"Siddha Cave in Bandipur is the largest cave in Nepal, stretching over 437 meters in depth. Its vast chambers and intricate rock formations make it a natural wonder. The cave is often explored with headlamps, revealing hidden corners and echoing halls. It is both a geological marvel and a spiritual site, with shrines tucked inside, symbolizing the harmony of nature and faith.","From Kathmandu, drive west via Prithvi Highway and Pokhara to Siddha Cave.",500,"Large cave in Pokhara region, ideal for adventure tourists. Large cave in Pokhara region, ideal for exploration.",Siddha Cave\Siddha Cave 1.1.jpeg; Siddha Cave\Siddha Cave 1.10.jpeg; Siddha Cave\Siddha Cave 1.2.jpeg; Siddha Cave\Siddha Cave 1.3.jpeg; Siddha Cave\Siddha Cave 1.4.jpeg; Siddha Cave\Siddha Cave 1.5.jpeg; Siddha Cave\Siddha Cave 1.6.jpeg; Siddha Cave\Siddha Cave 1.7.jpeg; Siddha Cave\Siddha Cave 1.8.jpeg; Siddha Cave\Siddha Cave 1.9.jpeg,4.5,42.3,Moderate
840,pyuthan micro viewpoint,pyuthan,Oct–Mar,Viewpoint; Nature; Offbeat,Natural Attractions,Photography; Short Trek; Nature Observation,Moderate,Road + Short Trek,28.25,82.75,5,"Pyuthan District offers micro viewpoints scattered across its hills, providing glimpses of the Rapti Valley and surrounding ridges. These small vantage points are often near villages, giving travelers a chance to experience both panoramic scenery and local hospitality. They highlight the district’s blend of terraced agriculture, rivers, and cultural settlements.","From Kathmandu, drive southwest via Tulsipur and Pyuthan district roads to Pyuthan micro viewpoint.From Kathmandu, drive southwest via Tulsipur and Pyuthan district roads to micro viewpoint.",13,Scenic hill viewpoint in Pyuthan district. Small scenic viewpoint in Pyuthan district.,Pyuthan Micro Viewpoint\Pyuthan Micro Viewpoint 1.1.jpeg; Pyuthan Micro Viewpoint\Pyuthan Micro Viewpoint 1.10.jpeg; Pyuthan Micro Viewpoint\Pyuthan Micro Viewpoint 1.2.jpeg; Pyuthan Micro Viewpoint\Pyuthan Micro Viewpoint 1.3.jpeg; Pyuthan Micro Viewpoint\Pyuthan Micro Viewpoint 1.4.jpeg; Pyuthan Micro Viewpoint\Pyuthan Micro Viewpoint 1.5.jpeg; Pyuthan Micro Viewpoint\Pyuthan Micro Viewpoint 1.6.jpeg; Pyuthan Micro Viewpoint\Pyuthan Micro Viewpoint 1.7.jpeg; Pyuthan Micro Viewpoint\Pyuthan Micro Viewpoint 1.8.jpeg; Pyuthan Micro Viewpoint\Pyuthan Micro Viewpoint 1.9.jpeg,4.9,10.9,Very Low
841,pyuthan,pyuthan,Oct–Nov,"Hills, Scenic",Natural Attractions,"Photography, Walking",Moderate,Road + Trek,28.106,82.823,5,"Pyuthan itself is a mid-hill district rich in Magar and Chhetri culture. It is known for terraced fields, traditional villages, and historical sites like Swargadwari, a revered pilgrimage destination. The district’s geography bridges the Terai plains and Himalayan foothills, making it a diverse cultural and ecological zone.","From Kathmandu, drive southwest via Tulsipur to reach Pyuthan town.From Kathmandu, drive southwest via Tulsipur to Pyuthan District.",16,"District town with cultural and natural attractions. Rural district with hills, rivers, and cultural attractions.",Pyuthan Micro Viewpoint\Pyuthan Micro Viewpoint 1.1.jpeg; Pyuthan Micro Viewpoint\Pyuthan Micro Viewpoint 1.10.jpeg; Pyuthan Micro Viewpoint\Pyuthan Micro Viewpoint 1.2.jpeg; Pyuthan Micro Viewpoint\Pyuthan Micro Viewpoint 1.3.jpeg; Pyuthan Micro Viewpoint\Pyuthan Micro Viewpoint 1.4.jpeg; Pyuthan Micro Viewpoint\Pyuthan Micro Viewpoint 1.5.jpeg; Pyuthan Micro Viewpoint\Pyuthan Micro Viewpoint 1.6.jpeg; Pyuthan Micro Viewpoint\Pyuthan Micro Viewpoint 1.7.jpeg; Pyuthan Micro Viewpoint\Pyuthan Micro Viewpoint 1.8.jpeg; Pyuthan Micro Viewpoint\Pyuthan Micro Viewpoint 1.9.jpeg,4.6,13.7,Very Low
842,bardiya,bardiya,Oct–Feb,"Wildlife, Nature",Natural Attractions,"Safari, Photography",Easy,Road accessible,28.296,81.532,5,"Bardiya District is home to Bardiya National Park, Nepal’s largest and most pristine wildlife reserve. It protects Bengal tigers, wild elephants, and one-horned rhinoceroses. Beyond the park, Bardiya’s villages showcase Tharu culture, with mud houses, folk dances, and traditional farming. The district is a blend of wilderness and indigenous heritage.","From Kathmandu, drive southwest via Narayangadh and Gularia to Bardiya District.From Kathmandu, drive southwest via Narayangadh and Gularia to reach Bardiya District.",650,"Gateway to Bardiya National Park with wildlife opportunities. Gateway to national park, known for wildlife and natural scenery.",Bardiya\Bardiya 1.1.jpeg; Bardiya\Bardiya 1.10.jpeg; Bardiya\Bardiya 1.2.jpeg; Bardiya\Bardiya 1.3.jpeg; Bardiya\Bardiya 1.4.jpeg; Bardiya\Bardiya 1.5.jpeg; Bardiya\Bardiya 1.6.jpeg; Bardiya\Bardiya 1.7.jpeg; Bardiya\Bardiya 1.8.jpeg; Bardiya\Bardiya 1.9.jpeg,4,42.4,Moderate
843,dang,dang,Oct–Feb,"Valley, Scenic",Natural Attractions,"Hiking, Photography",Easy,Road accessible,28.017,82.493,5,"Dang Valley, one of Asia’s largest valleys, is surrounded by the Shivalik and Mahabharata ranges. It is culturally rich with Tharu and Magar communities, and geographically diverse with rivers, plains, and hills. Dang is both an agricultural hub and a cultural heartland, offering viewpoints, temples, and ecological sites","From Kathmandu, drive southwest via Narayangadh and Tulsipur to Dang District.",900,"Valley district with agriculture, rivers, and hill views. Fertile valley district with rich culture and natural beauty.",Dang\Dang 1.1.jpeg; Dang\Dang 1.10.jpeg; Dang\Dang 1.2.jpeg; Dang\Dang 1.3.jpeg; Dang\Dang 1.4.jpeg; Dang\Dang 1.5.jpeg; Dang\Dang 1.6.jpeg; Dang\Dang 1.7.jpeg; Dang\Dang 1.8.jpeg; Dang\Dang 1.9.jpeg,4.3,41.6,Moderate
844,kothi river,arghakhanchi,Oct–Mar,River; Nature; Scenic,Natural Attractions,Sightseeing; Photography; Picnic,Easy,Road Accessible,27.82,83.3,5,"The Kothi River flows through mid-western Nepal, nourishing villages and terraced fields. It is a lifeline for agriculture and a scenic feature for travelers. Its banks often host small shrines and temples, reflecting the spiritual connection between rivers and rural communities.","From Kathmandu, drive southwest via Dang and Bardiya District to Kothi River.",64,Scenic river in Dang offering fishing and natural beauty. Scenic river flowing through Dang with recreational opportunities.,Kothi River\Kothi River 1.1.jpeg; Kothi River\Kothi River 1.10.jpeg; Kothi River\Kothi River 1.2.jpeg; Kothi River\Kothi River 1.3.jpeg; Kothi River\Kothi River 1.4.jpeg; Kothi River\Kothi River 1.5.jpeg; Kothi River\Kothi River 1.6.jpeg; Kothi River\Kothi River 1.7.jpeg; Kothi River\Kothi River 1.8.jpeg; Kothi River\Kothi River 1.9.jpeg,4.3,16.1,Low
845,gaidahawa lake,rupandehi,Oct–Mar,Lake; Nature; Scenic,Natural Attractions,Photography; Sightseeing; Picnic,Easy,Road Accessible,27.43,83.24,5,"Located in Rupandehi, Gaidahawa Lake is a tranquil water body surrounded by farmland and villages. It is a habitat for migratory birds and a peaceful retreat for locals. The lake reflects the ecological richness of the Terai plains and serves as a cultural gathering spot.","From Kathmandu, drive southwest via Butwal and Rupandehi District to Gaidahawa Lake.",123,Tranquil lake ideal for birdwatching and relaxation. Peaceful lake ideal for birdwatching and relaxation.,Daha\download (1).jpeg; Daha\download (2).jpeg; Daha\download (3).jpeg; Daha\download (4).jpeg; Daha\download.jpeg,4,16.4,Low
846,kothi minor temples,arghakhanchi,Oct–Mar,Temple; Local; Cultural,Cultural & Religious Sites,Worship; Photography; Short Walk,Easy,Road Accessible,27.825,83.305,5,"Scattered along the Kothi River and nearby settlements, minor temples preserve local traditions and folk deities. These shrines are often simple stone or mud structures, yet they hold deep spiritual significance for villagers. They embody the grassroots spirituality of rural Nepal.","From Kathmandu, drive southwest via Dang and Bardiya District to visit minor temples near Kothi.",882,Small temples with cultural significance in Dang. Small temples with local spiritual significance.,Kothi Minor Temple\Kothi Minor Temples  1.1.jpeg; Kothi Minor Temple\Kothi Minor Temples  1.2.jpeg; Kothi Minor Temple\Kothi Minor Temples  1.3.jpeg; Kothi Minor Temple\Kothi Minor Temples  1.4.jpeg; Kothi Minor Temple\Kothi Minor Temples  1.5.jpeg; Kothi Minor Temple\Kothi Minor Temples  1.6.jpeg; Kothi Minor Temple\Kothi Minor Temples  1.7.jpeg; Kothi Minor Temple\Kothi Minor Temples  1.8.jpeg; Kothi Minor Temple\Kothi Minor Temples  1.9.jpeg,4,64.5,High
847,ghodaghodi lake,kailali/rupandehi,Oct–Mar,Lake; Wetland; Nature; Birdwatching,Natural Attractions,Sightseeing; Photography; Birdwatching; Boating,Easy,Road Accessible,27.69,82.92,5,"Ghodaghodi Lake in Kailali is a Ramsar-listed wetland and a sacred site for the Tharu community. Surrounded by forests and smaller ponds, it is a biodiversity hotspot with rare birds and aquatic species. The lake is tied to local mythology, making it both an ecological and cultural treasure.","From Kathmandu, drive southwest via Bhalubang and Bardiya District to Ghodaghodi Lake.",159,Beautiful freshwater lake with diverse wildlife. Natural freshwater lake with rich biodiversity.,,4,28.5,Low
848,devdaha ancient monuments minor sites,rupandehi,Oct–Mar,Heritage; Cultural; Historical,Cultural & Religious Sites,Sightseeing; Photography; Cultural Tour,Easy,Road Accessible,27.528,83.35,5,"Devdaha, near Lumbini, is believed to be the maternal home of Queen Maya Devi. Minor monuments and archaeological sites scattered here connect to Buddhist history. These ruins and shrines highlight Devdaha’s role in the broader Lumbini heritage circuit.","From Kathmandu, drive southwest via Butwal and Rupandehi District to Devdaha minor sites.",357,Historical Buddhist sites in Rupandehi. Historical Buddhist sites linked to Lord Buddha.,Daha\download (1).jpeg; Daha\download (2).jpeg; Daha\download (3).jpeg; Daha\download (4).jpeg; Daha\download.jpeg,4.3,44,Moderate
849,tansen lesser waterfalls,palpa,Oct–Mar,Waterfall; Nature; Offbeat,Natural Attractions,Sightseeing; Photography; Short Hike,Easy,Road + Short Hike,27.885,83.548,5,"Beyond its cultural landmarks, Tansen in Palpa hosts lesser-known waterfalls in nearby hills. These cascades are hidden gems for trekkers, offering natural beauty alongside the town’s historic charm. They complement Tansen’s reputation as both a cultural and ecological destination.","From Kathmandu, drive west via Prithvi Highway to Tansen and local roads to visit lesser waterfalls.",92,Hidden waterfalls around Tansen town. Small hidden waterfalls around Tansen.,Tansen\Tansen 1.1.jpeg; Tansen\Tansen 1.10.jpeg; Tansen\Tansen 1.2.jpeg; Tansen\Tansen 1.3.jpeg; Tansen\Tansen 1.4.jpeg; Tansen\Tansen 1.5.jpeg; Tansen\Tansen 1.6.jpeg; Tansen\Tansen 1.7.jpeg; Tansen\Tansen 1.8.jpeg; Tansen\Tansen 1.9.jpeg,4.4,23,Low
850,arghakhanchi,arghakhanchi,Oct–Feb,"Hills, Culture",Natural Attractions,"Village Walks, Photography",Easy,Road accessible,28.133,83.205,5,"Arghakhanchi District is known for its rolling hills, terraced fields, and cultural diversity. It is a gateway between the Terai and hill regions, with temples, viewpoints, and traditional villages. The district reflects Nepal’s mid-hill lifestyle and agricultural heritage.","From Kathmandu, drive west via Prithvi Highway and local roads to Arghakhanchi District.From Kathmandu, drive west via Prithvi Highway to Arghakhanchi District.",321,Hilly district with scenic landscapes and cultural sites. Hilly district with cultural and natural attractions.,Arghakhanchi\Arghakhanchi 1.1.jpeg; Arghakhanchi\Arghakhanchi 1.10.jpeg; Arghakhanchi\Arghakhanchi 1.2.jpeg; Arghakhanchi\Arghakhanchi 1.3.png; Arghakhanchi\Arghakhanchi 1.4.jpeg; Arghakhanchi\Arghakhanchi 1.5.jpeg; Arghakhanchi\Arghakhanchi 1.6.jpeg; Arghakhanchi\Arghakhanchi 1.7.jpeg; Arghakhanchi\Arghakhanchi 1.8.jpeg; Arghakhanchi\Arghakhanchi 1.9.jpeg,4,44.9,Moderate
851,kapilvastu,kapilvastu,Oct–Feb,"Cultural, Religious",Cultural & Religious Sites,"Sightseeing, Photography",Easy,Road accessible,27.5,83,5,"Kapilvastu District is historically significant as the childhood home of Siddhartha Gautama, the Buddha. Tilaurakot, the ancient palace site, is its centerpiece. The district combines archaeological ruins with living Buddhist traditions, making it a spiritual and historical landmark.","From Kathmandu, drive southwest via Butwal to Kapilvastu District.",74,"Birthplace of Lord Buddha with historical monuments. Historical district, birthplace of Lord Buddha.",,4.3,18.6,Low
852,rupandehi,rupandehi,Oct–Feb,"Cultural, Religious",Cultural & Religious Sites,"Sightseeing, Photography",Easy,Road accessible,27.52,83.45,5,"Rupandehi District is home to Lumbini, the birthplace of the Buddha. Beyond Lumbini, Rupandehi features cultural villages, lakes, and shrines. It is a blend of global pilgrimage and local Terai traditions, offering both spiritual depth and cultural diversity","From Kathmandu, drive southwest via Narayangadh and Butwal to Rupandehi District.From Kathmandu, drive southwest via Butwal to Rupandehi District.",654,"District with Lumbini, cultural sites, and rural landscapes. District with Lumbini and rural cultural sites.",Rupandehi\Rupandehi 1.1.jpeg; Rupandehi\Rupandehi 1.10.jpeg; Rupandehi\Rupandehi 1.2.jpeg; Rupandehi\Rupandehi 1.3.jpeg; Rupandehi\Rupandehi 1.4.jpeg; Rupandehi\Rupandehi 1.5.jpeg; Rupandehi\Rupandehi 1.6.jpeg; Rupandehi\Rupandehi 1.7.jpeg; Rupandehi\Rupandehi 1.8.jpeg; Rupandehi\Rupandehi 1.9.jpeg,4.1,39.9,Moderate
853,palpa,palpa,Oct–Feb,"Hills, Scenic",Natural Attractions,"Sightseeing, Trekking",Moderate,Road + Trek,27.883,83.537,5,"Palpa District is famous for Tansen, its hill town rich in Newari and Magar culture. Palpa is also known for Palpali Dhaka fabric, traditional temples, and scenic viewpoints. It is a district where history, craft, and natural beauty converge.","From Kathmandu, drive west via Prithvi Highway and Tansen to Palpa District.From Kathmandu, drive west via Prithvi Highway to Tansen and Palpa District.",14,"District with Tansen town, heritage, and hilltop views. Hilly district known for Tansen, heritage, and scenic landscapes.",Palpa\Palpa 1..jpeg; Palpa\Palpa 1.1.jpeg; Palpa\Palpa 1.10.jpeg; Palpa\Palpa 1.2.jpeg; Palpa\Palpa 1.3peg.jpeg; Palpa\Palpa 1.4.jpeg; Palpa\Palpa 1.5.jpeg; Palpa\Palpa 1.6.jpeg; Palpa\Palpa 1.7.jpeg; Palpa\Palpa 1.8.jpeg; Palpa\Palpa 1.9.jpeg,4.7,12.1,Very Low
854,bardiya tiny shrine,bardiya,Oct–Nov,"Spiritual, Shrine",Cultural & Religious Sites,"Temple Visit, Photography",Easy,Road accessible,28.296,81.532,5,"Tiny shrines scattered across Bardiya’s villages reflect Tharu spirituality. These small structures, often near fields or homes, are dedicated to local deities and ancestors. They embody the intimate connection between daily life and faith.","From Kathmandu, drive southwest via Gularia to Bardiya District to visit tiny shrine.",1135,Small spiritual site within Bardiya National Park. Small temple offering local spiritual significance.,Bardiya\Bardiya 1.1.jpeg; Bardiya\Bardiya 1.10.jpeg; Bardiya\Bardiya 1.2.jpeg; Bardiya\Bardiya 1.3.jpeg; Bardiya\Bardiya 1.4.jpeg; Bardiya\Bardiya 1.5.jpeg; Bardiya\Bardiya 1.6.jpeg; Bardiya\Bardiya 1.7.jpeg; Bardiya\Bardiya 1.8.jpeg; Bardiya\Bardiya 1.9.jpeg,4.3,83.3,High
855,dang minor temple,dang,Oct–Nov,"Spiritual, Temple",Cultural & Religious Sites,"Temple Visit, Photography",Easy,Road accessible,28.017,82.493,5,Dang hosts numerous minor temples dedicated to Hindu gods and local spirits. These temples are integral to community rituals and seasonal festivals. They highlight the valley’s cultural vibrancy beyond its ecological fame.,"From Kathmandu, drive southwest via Tulsipur to Dang District to visit minor temple.",652,Small temple offering spiritual significance in Dang district. Small temples offering local spiritual significance.,Dang\Dang 1.1.jpeg; Dang\Dang 1.10.jpeg; Dang\Dang 1.2.jpeg; Dang\Dang 1.3.jpeg; Dang\Dang 1.4.jpeg; Dang\Dang 1.5.jpeg; Dang\Dang 1.6.jpeg; Dang\Dang 1.7.jpeg; Dang\Dang 1.8.jpeg; Dang\Dang 1.9.jpeg,4.3,71.6,High
856,siddha baba temple (butwal area),rupandehi,Oct-Mar,"Religious, Cultural",Cultural & Religious Sites,"Pilgrimage, Local Festivals",Easy,"Road, Easy",27.7,83.45,5,"Siddha Baba Temple, located near Butwal, is a popular pilgrimage site along the Siddhartha Highway. Devotees stop here to offer prayers for safe journeys. The temple is perched on a hill, blending spiritual devotion with scenic views.","From Kathmandu, drive southwest via Narayangadh and Butwal to Siddha Baba Temple.",1087,Popular local temple in Butwal with religious importance. Popular local temple with religious importance.,Siddha Baba Temple (Butwal area)\Siddha Baba Temple (Butwal area) 1.1.jpeg; Siddha Baba Temple (Butwal area)\Siddha Baba Temple (Butwal area) 1.10.jpeg; Siddha Baba Temple (Butwal area)\Siddha Baba Temple (Butwal area) 1.2.jpeg; Siddha Baba Temple (Butwal area)\Siddha Baba Temple (Butwal area) 1.3.jpeg; Siddha Baba Temple (Butwal area)\Siddha Baba Temple (Butwal area) 1.4.jpeg; Siddha Baba Temple (Butwal area)\Siddha Baba Temple (Butwal area) 1.5.jpeg; Siddha Baba Temple (Butwal area)\Siddha Baba Temple (Butwal area) 1.6.jpeg; Siddha Baba Temple (Butwal area)\Siddha Baba Temple (Butwal area) 1.7.jpeg; Siddha Baba Temple (Butwal area)\Siddha Baba Temple (Butwal area) 1.8.jpeg; Siddha Baba Temple (Butwal area)\Siddha Baba Temple (Butwal area) 1.9.jpeg,4.5,80.2,High
857,tila village (rupandehi rural tourism example),rupandehi,Oct-Mar,"Rural, Cultural",Cultural & Religious Sites,"Homestay, Cultural Tours",Easy,"Road, Easy",27.6,83.3,5,"Tila Village in Rupandehi showcases rural tourism, with homestays and cultural programs. Visitors experience Tharu traditions, local cuisine, and agricultural practices. The village is an example of community-based tourism, blending livelihood with heritage preservation.","From Kathmandu, drive southwest via Butwal to Tila Village in Rupandehi.",136,Model rural tourism village with cultural experiences. Example of rural tourism with cultural experiences.,Rupandehi\Rupandehi 1.1.jpeg; Rupandehi\Rupandehi 1.10.jpeg; Rupandehi\Rupandehi 1.2.jpeg; Rupandehi\Rupandehi 1.3.jpeg; Rupandehi\Rupandehi 1.4.jpeg; Rupandehi\Rupandehi 1.5.jpeg; Rupandehi\Rupandehi 1.6.jpeg; Rupandehi\Rupandehi 1.7.jpeg; Rupandehi\Rupandehi 1.8.jpeg; Rupandehi\Rupandehi 1.9.jpeg,4.3,22.8,Low
858,rupandehi cultural sites (siddharthanagar),rupandehi,Oct-Mar,"Cultural, Religious",Cultural & Religious Sites,"Pilgrimage, Museum Visits",Easy,"Road, Easy",27.7,83.45,5,"Siddharthanagar, the district headquarters of Rupandehi, hosts cultural sites including temples, mosques, and community centers. It reflects the district’s diversity, where Hindu, Buddhist, and Muslim traditions coexist. The town is both a modern hub and a cultural mosaic.","From Kathmandu, drive southwest via Butwal to Siddharthanagar to explore cultural sites.",79,Historic temples and monasteries around Siddharthanagar. Heritage temples and monasteries in Siddharthanagar.,Rupandehi\Rupandehi 1.1.jpeg; Rupandehi\Rupandehi 1.10.jpeg; Rupandehi\Rupandehi 1.2.jpeg; Rupandehi\Rupandehi 1.3.jpeg; Rupandehi\Rupandehi 1.4.jpeg; Rupandehi\Rupandehi 1.5.jpeg; Rupandehi\Rupandehi 1.6.jpeg; Rupandehi\Rupandehi 1.7.jpeg; Rupandehi\Rupandehi 1.8.jpeg; Rupandehi\Rupandehi 1.9.jpeg,4.4,19.9,Low
859,kapilvastu (tilaurakot),kapilvastu,Oct-Mar,"Historical, Religious",Cultural & Religious Sites,"Heritage Tourism, Pilgrimage",Easy,"Road, Easy",27.5078,83.0111,5,"Tilaurakot in Kapilvastu is the archaeological site believed to be the palace of King Śuddhodana, father of the Buddha. Excavations reveal ancient walls, gates, and foundations. It is a UNESCO tentative site, central to Buddhist heritage tourism.","From Kathmandu, drive southwest via Butwal to Tilaurakot in Kapilvastu District.",250,Archaeological site marking Lord Buddha’s early life. Archaeological site of ancient palace of Lord Buddha.,,4,27.7,Low
860,bardiya national park,bardiya,Oct-Mar,"Wildlife, Safari",Wildlife & Conservation,"Wildlife Safari, Birdwatching",Easy-Moderate,"Road, Moderate",28.2956,81.667,5,"Bardiya National Park is Nepal’s largest wildlife reserve, covering 968 sq km. It protects tigers, rhinos, elephants, and gharials. The park is also home to diverse bird species, making it a paradise for eco-tourism. Its wilderness is complemented by Tharu villages on its periphery.","From Kathmandu, drive southwest via Narayangadh and Gularia to Bardiya National Park.From Kathmandu, drive southwest via Gularia to Bardiya National Park.",2005,"Wildlife sanctuary home to tigers, rhinos, and diverse fauna. Protected park with rich flora and fauna, ideal for safaris.",Bardiya\Bardiya 1.1.jpeg; Bardiya\Bardiya 1.10.jpeg; Bardiya\Bardiya 1.2.jpeg; Bardiya\Bardiya 1.3.jpeg; Bardiya\Bardiya 1.4.jpeg; Bardiya\Bardiya 1.5.jpeg; Bardiya\Bardiya 1.6.jpeg; Bardiya\Bardiya 1.7.jpeg; Bardiya\Bardiya 1.8.jpeg; Bardiya\Bardiya 1.9.jpeg,4.5,88.9,Very High
861,tansen (palpa),palpa,Oct-Mar,"Hill Station, Heritage",Natural Attractions,"Heritage Walk, Sightseeing",Easy-Moderate,"Road, Moderate",27.8761,83.5414,5,"Tansen is a hill town in Palpa, known for its medieval architecture, vibrant bazaars, and panoramic views. Shreenagar Hill offers sweeping vistas of the Himalayas and plains. Tansen is also famous for Palpali Dhaka fabric, making it both a cultural and scenic destination.","From Kathmandu, drive west via Prithvi Highway to Tansen, Palpa District.From Kathmandu, drive west via Prithvi Highway to Tansen in Palpa District.",330,"Heritage town with traditional architecture and scenic hills. Town famous for traditional streets, culture, and hill views.",Palpa\Palpa 1..jpeg; Palpa\Palpa 1.1.jpeg; Palpa\Palpa 1.10.jpeg; Palpa\Palpa 1.2.jpeg; Palpa\Palpa 1.3peg.jpeg; Palpa\Palpa 1.4.jpeg; Palpa\Palpa 1.5.jpeg; Palpa\Palpa 1.6.jpeg; Palpa\Palpa 1.7.jpeg; Palpa\Palpa 1.8.jpeg; Palpa\Palpa 1.9.jpeg,4.3,25.6,Low
862,lumbini (mayadevi temple),rupandehi,Oct-Mar,"Religious, UNESCO",Cultural & Religious Sites,"Pilgrimage, Historical Tourism",Easy,"Road, Easy",27.6792,83.507,5,"The Mayadevi Temple in Lumbini is the spiritual heart of Buddhism, marking the exact birthplace of Siddhartha Gautama, the Buddha. The temple houses the marker stone and ancient ruins dating back to the 3rd century BCE, including Ashokan pillars. Pilgrims from around the world gather here to meditate and pay homage, making it one of the most sacred sites in global Buddhist heritage.","From Kathmandu, drive southwest via Butwal to Lumbini and visit Mayadevi Temple.",2128,"Sacred site of Lord Buddha’s birth, UNESCO World Heritage. Sacred temple marking Buddha’s birthplace.",,4.7,92.2,Very High
863,lumbini sacred garden,rupandehi,Oct–Mar,Temple; Buddhist; Pilgrimage; Heritage,Cultural & Religious Sites,Sightseeing; Photography; Cultural Tour; Worship,Easy,Road Accessible,27.4845,83.276,5,"Surrounding the Mayadevi Temple, the Sacred Garden is a UNESCO World Heritage Site filled with monasteries, stupas, and meditation zones. It symbolizes peace and spiritual diversity, with contributions from Buddhist communities worldwide. The garden’s tranquil ponds, prayer flags, and shaded pathways create a serene environment for reflection","From Kathmandu, drive southwest via Butwal to Lumbini Sacred Garden.",2079,Peaceful garden complex surrounding Mayadevi Temple. Peaceful garden complex surrounding Mayadevi Temple.,,4.4,87.7,Very High
864,ramgram stupa,nawalparasi,Oct–Mar,Temple; Buddhist; Pilgrimage,Cultural & Religious Sites,Worship; Photography; Cultural Tour,Easy,Road Accessible,27.563,83.548,5,"Located in Nawalparasi, Ramgram Stupa is unique as it is the only stupa containing Buddha’s relics that has never been opened. Built by the Koliyas, it remains untouched for centuries, preserving its sanctity. The stupa is a quiet yet powerful reminder of early Buddhist devotion and architectural simplicity.","From Kathmandu, drive southwest via Butwal and Palhinandan to reach Ramgram Stupa.From Kathmandu, drive southwest via Butwal to Ramgram Stupa in Palhinandan.",100,Ancient Buddhist stupa with cultural and historical significance. Ancient Buddhist stupa with historical and spiritual importance.,Ramgram Stupa\Ramgram Stupa 1.1.jpeg; Ramgram Stupa\Ramgram Stupa 1.10.jpeg; Ramgram Stupa\Ramgram Stupa 1.2.jpeg; Ramgram Stupa\Ramgram Stupa 1.3.jpeg; Ramgram Stupa\Ramgram Stupa 1.4.jpeg; Ramgram Stupa\Ramgram Stupa 1.5.jpeg; Ramgram Stupa\Ramgram Stupa 1.6.jpeg; Ramgram Stupa\Ramgram Stupa 1.7.jpeg; Ramgram Stupa\Ramgram Stupa 1.8.jpeg; Ramgram Stupa\Ramgram Stupa 1.9.jpeg,4.3,33.1,Low
865,devdaha minor monuments,rupandehi,Oct–Feb,"Cultural, Heritage",Cultural & Religious Sites,"Sightseeing, Photography",Easy,Road accessible,27.518,83.453,5,"Devdaha, believed to be the maternal home of Queen Mayadevi, hosts minor monuments and archaeological sites linked to Buddhist history. These ruins and shrines highlight the cultural significance of Devdaha in the broader Lumbini circuit, offering insights into the Buddha’s maternal lineage.","From Kathmandu, drive southwest via Butwal and Rupandehi District to Devdaha minor monuments.",130,Archaeological remains linked to Buddha’s life. Small archaeological sites with cultural importance.,Daha\download (1).jpeg; Daha\download (2).jpeg; Daha\download (3).jpeg; Daha\download (4).jpeg; Daha\download.jpeg,4.1,32.5,Low
866,lumbini,rupandehi,Oct–Feb,"Spiritual, UNESCO",Cultural & Religious Sites,"Sightseeing, Photography",Easy,Road accessible,27.6792,83.507,5,"Beyond its temples, Lumbini is a living cultural landscape blending pilgrimage with local Terai traditions. Villages around Lumbini showcase Tharu and Bhojpuri heritage, while the international monasteries reflect global Buddhist architecture. It is both a sacred site and a cultural crossroads.","From Kathmandu, drive southwest via Butwal to Lumbini town area.",1876,Spiritual and cultural hub for pilgrims and tourists. UNESCO World Heritage site and birthplace of Lord Buddha.,Lumbini Scared Garden\Lumbini Sacred Garden 1.1.jpeg; Lumbini Scared Garden\Lumbini Sacred Garden 1.2.jpeg; Lumbini Scared Garden\Lumbini Sacred Garden 1.3.jpeg; Lumbini Scared Garden\Lumbini Sacred Garden 1.4.jpeg; Lumbini Scared Garden\Lumbini Sacred Garden 1.5.jpeg; Lumbini Scared Garden\Lumbini Sacred Garden 1.6.jpeg,4.6,85.3,Very High
867,majhgaon waterfall,dang,Oct–Mar,Waterfall; Nature; Offbeat,Natural Attractions,Sightseeing; Photography; Short Hike,Easy,Road + Short Hike,28.06,82.62,5,"Majhgaon, near Pokhara, is known for its Gurung villages and scenic lodges. The Majhgaon Waterfall adds natural charm, cascading through lush hillsides. It is a hidden gem for trekkers and visitors seeking both cultural immersion and natural beauty.","From Kathmandu, drive southwest via Tulsipur and Dang district roads to Majhgaon Waterfall.From Kathmandu, drive southwest via Dang district roads to Majhgaon Waterfall.",500,Scenic waterfall in rural Palpa district. Picturesque waterfall surrounded by lush greenery.,Majhgaon Waterfall\Majhgaon Waterfall 1.1.jpeg; Majhgaon Waterfall\Majhgaon Waterfall 1.10.jpeg; Majhgaon Waterfall\Majhgaon Waterfall 1.2.jpeg; Majhgaon Waterfall\Majhgaon Waterfall 1.3.jpeg; Majhgaon Waterfall\Majhgaon Waterfall 1.4.jpeg; Majhgaon Waterfall\Majhgaon Waterfall 1.5.jpeg; Majhgaon Waterfall\Majhgaon Waterfall 1.6.jpeg; Majhgaon Waterfall\Majhgaon Waterfall 1.7.jpeg; Majhgaon Waterfall\Majhgaon Waterfall 1.8.jpeg; Majhgaon Waterfall\Majhgaon Waterfall 1.9.jpeg,4.4,19.8,Low
868,tilaurakot palace ruins,kapilvastu,Oct–Mar,Heritage; Archaeology; Historical,Cultural & Religious Sites,Sightseeing; Photography; Cultural Tour,Easy,Road Accessible,27.555,82.748,5,"Tilaurakot is believed to be the ancient palace of King Śuddhodana, father of the Buddha. Excavations reveal fort walls, gates, and foundations dating back to the 6th century BCE. The site offers a glimpse into the Buddha’s princely life before renunciation, making it a vital archaeological and spiritual landmark.","From Kathmandu, drive southwest via Butwal to Tilaurakot in Kapilvastu.From Kathmandu, drive southwest via Butwal to Tilaurakot in Kapilvastu District.",600,Archaeological ruins of ancient palace of Kapilvastu. Archaeological site of ancient palace of Lord Buddha.,Tilaurakot Palace Ruins\Tilaurakot Palace Ruins 1.1.jpeg; Tilaurakot Palace Ruins\Tilaurakot Palace Ruins 1.10.jpeg; Tilaurakot Palace Ruins\Tilaurakot Palace Ruins 1.2.jpeg; Tilaurakot Palace Ruins\Tilaurakot Palace Ruins 1.3.jpeg; Tilaurakot Palace Ruins\Tilaurakot Palace Ruins 1.4.jpeg; Tilaurakot Palace Ruins\Tilaurakot Palace Ruins 1.5.jpeg; Tilaurakot Palace Ruins\Tilaurakot Palace Ruins 1.6.jpeg; Tilaurakot Palace Ruins\Tilaurakot Palace Ruins 1.7.jpeg; Tilaurakot Palace Ruins\Tilaurakot Palace Ruins 1.8.jpeg; Tilaurakot Palace Ruins\Tilaurakot Palace Ruins 1.9.jpeg,4.1,43.4,Moderate
869,chitwan riverbank minor spots,nawalparasi,Oct–Mar,River; Nature; Offbeat,Natural Attractions,Photography; Birdwatching; Short Walk,Easy,Road Accessible,27.73,83.52,5,"Along the Narayani and Rapti rivers in Chitwan, minor riverbank spots serve as peaceful retreats. These areas host local shrines, fishing communities, and picnic grounds. They highlight the coexistence of nature and culture in Nepal’s subtropical plains.","From Kathmandu, drive south via Mugling and Narayangadh to Chitwan riverbank spots.From Kathmandu, drive south via Mugling and Narayangadh to Chitwan riverbank minor spots.",2132,Riverside areas with local wildlife and natural beauty. Serene riverside areas with wildlife and scenic views.,,4.4,93.8,Very High
870,barahi temple,palpa,Oct–Mar,Temple; Hindu; Local,Cultural & Religious Sites,Worship; Photography; Cultural Visit,Easy,Road Accessible,27.883,83.542,5,"Barahi Temple, located on an island in Phewa Lake, Pokhara, is dedicated to Goddess Barahi. Accessible by boat, it is a blend of natural beauty and spiritual devotion. The temple is a popular pilgrimage site and a scenic attraction for visitors.","From Kathmandu, drive south via Mugling and Narayangadh to Barahi Temple in Chitwan.",700,Hindu temple dedicated to Goddess Barahi. Hindu temple in local community with religious importance.,Bajrabarahi Temple\Bajrabarahi Temple 1.1.jpeg; Bajrabarahi Temple\Bajrabarahi Temple 1.10.jpeg; Bajrabarahi Temple\Bajrabarahi Temple 1.2.jpeg; Bajrabarahi Temple\Bajrabarahi Temple 1.3.jpeg; Bajrabarahi Temple\Bajrabarahi Temple 1.4.jpeg; Bajrabarahi Temple\Bajrabarahi Temple 1.5.jpeg; Bajrabarahi Temple\Bajrabarahi Temple 1.6.jpeg; Bajrabarahi Temple\Bajrabarahi Temple 1.7.jpeg; Bajrabarahi Temple\Bajrabarahi Temple 1.8.jpeg; Bajrabarahi Temple\Bajrabarahi Temple 1.9.jpeg,4.3,83.2,High
871,tinau river,palpa/rupandehi,Oct–Mar,River; Nature; Scenic,Natural Attractions,Sightseeing; Photography; Fishing,Easy,Road Accessible,27.91,83.54,5,"The Tinau River flows through Butwal, shaping the city’s landscape and livelihood. Its banks are lined with cultural sites and recreational areas. The river is both a natural resource and a cultural landmark for the region.","From Kathmandu, drive southwest via Mugling and Narayangadh to reach Tinau River near Butwal.From Kathmandu, drive southwest via Mugling and Narayangadh to Tinau River near Butwal.",500,"Scenic river flowing through western Nepal, ideal for fishing and recreation. Scenic river ideal for recreation and fishing.",Tinau River\Tinau River 1.1.jpeg; Tinau River\Tinau River 1.10.jpeg; Tinau River\Tinau River 1.2.jpeg; Tinau River\Tinau River 1.3.jpeg; Tinau River\Tinau River 1.4.jpeg; Tinau River\Tinau River 1.5.jpeg; Tinau River\Tinau River 1.6.jpeg; Tinau River\Tinau River 1.7.jpeg; Tinau River\Tinau River 1.8.jpeg; Tinau River\Tinau River 1.9.jpeg,4,44.7,Moderate
872,butwal cultural area,rupandehi,Oct–Mar,Village; Cultural; Heritage,Cultural & Religious Sites,Cultural Tour; Photography; Local Experience,Easy,Road Accessible,27.7,83.45,5,"Butwal is a bustling city in Rupandehi, serving as a cultural and economic hub. Its cultural area includes temples, community centers, and vibrant markets. It reflects the diversity of the Terai, where Hindu, Buddhist, and Muslim traditions coexist.","From Kathmandu, drive southwest via Narayangadh to reach Butwal city cultural sites.From Kathmandu, drive southwest via Narayangadh to Butwal cultural area.",400,Town area with local heritage and cultural attractions. Town hub with heritage sites and cultural vibrancy.,Butwal Cultural Area\Butwal Cultural Area 1.1.jpeg; Butwal Cultural Area\Butwal Cultural Area 1.10.jpeg; Butwal Cultural Area\Butwal Cultural Area 1.2.jpeg; Butwal Cultural Area\Butwal Cultural Area 1.3.jpeg; Butwal Cultural Area\Butwal Cultural Area 1.4.jpeg; Butwal Cultural Area\Butwal Cultural Area 1.5.jpeg; Butwal Cultural Area\Butwal Cultural Area 1.6.jpeg; Butwal Cultural Area\Butwal Cultural Area 1.7.jpeg; Butwal Cultural Area\Butwal Cultural Area 1.8.jpeg; Butwal Cultural Area\Butwal Cultural Area 1.9.jpeg,4.4,32.6,Low
873,maya devi temple,rupandehi,Oct–Mar,Temple; Buddhist; Pilgrimage,Cultural & Religious Sites,Sightseeing; Photography; Worship,Easy,Road Accessible,27.4849,83.278,5,"The Maya Devi Temple is the central shrine of Lumbini, housing the marker stone of Buddha’s birth. Its ancient ruins and sacred pond make it a focal point for pilgrims. The temple embodies the sanctity of Lumbini as the birthplace of Buddhism.","From Kathmandu, drive southwest via Butwal to Lumbini and visit Maya Devi Temple.",830,Sacred temple marking Lord Buddha’s birthplace in Lumbini. Important temple in Lumbini marking Buddha’s birth.,,4.5,69.2,High
874,puskharni pond,rupandehi,Oct–Mar,Lake; Sacred; Pilgrimage,Natural Attractions,Sightseeing; Photography; Worship,Easy,Road Accessible,27.484,83.2765,5,"Adjacent to the Maya Devi Temple, the Puskharni Pond is believed to be where Queen Mayadevi bathed before giving birth to Siddhartha Gautama. The pond adds spiritual depth to the site, symbolizing purity and sacred ritual.","From Kathmandu, drive southwest via Butwal to Lumbini to see Puskharni Pond.",60,Historical pond near Lumbini temple complex. Historical pond near Lumbini temple complex.,Puskharni Pond\download (1).jpeg; Puskharni Pond\download (4).jpeg; Puskharni Pond\download.jpeg; Puskharni Pond\images (1).jpeg; Puskharni Pond\images.jpeg,4,15.2,Low
875,rupa lake (near pokhara / boundary),kaski,"Sep-Nov, Mar-May","Lake, Leisure",Natural Attractions,"Boating, Birdwatching",Easy,"Road, Easy",28.2333,84.0167,5,"Rupa Lake, located near Pokhara, is one of the city’s lesser-visited lakes. Surrounded by forests and farmland, it offers a peaceful retreat compared to the busier Phewa Lake. The lake is a habitat for migratory birds and a serene spot for boating, fishing, and eco-tourism.","From Kathmandu, drive west via Prithvi Highway to Pokhara, then drive to Rupa Lake near Pokhara.",11500,Quiet lake popular for boating and relaxation.,Rupa Lake\Rupa Lake 1.1.jpeg; Rupa Lake\Rupa Lake 1.10.jpeg; Rupa Lake\Rupa Lake 1.2.jpeg; Rupa Lake\Rupa Lake 1.3.jpeg; Rupa Lake\Rupa Lake 1.4.jpeg; Rupa Lake\Rupa Lake 1.5.jpeg; Rupa Lake\Rupa Lake 1.6.jpeg; Rupa Lake\Rupa Lake 1.7.jpeg; Rupa Lake\Rupa Lake 1.8.jpeg; Rupa Lake\Rupa Lake 1.9.jpeg,4.5,98.2,Very High
876,kamal pokhari,rukum east,Oct–Dec,"Scenic, Waterbody",Natural Attractions,Sightseeing,Easy,Road,28.5800° N,82.8700° E,5,"Kamal Pokhari is a historic pond in Kathmandu, dating back to the Licchavi and Malla eras. Once adorned with lotus flowers, it served as a water source for royalty. Today, it stands as a cultural landmark, though modern restoration efforts using concrete have sparked debates about preserving its authenticity. Despite urbanization, Kamal Pokhari remains a symbol of Kathmandu’s heritage and resilience","From Kathmandu, drive west via Prithvi Highway and Syangja district roads to Kamal Pokhari.",98,Serene pond surrounded by natural beauty.,Kamal Pokhari\download (1).jpeg; Kamal Pokhari\download (2).jpeg; Kamal Pokhari\download (3).jpeg; Kamal Pokhari\download (5).jpeg; Kamal Pokhari\download.jpeg,4.4,24.6,Low
877,kamal dah,rukum east,Oct–Dec,Scenic,Natural Attractions,Hiking,Moderate,Road,28.5820° N,82.8720° E,5,"Located in Rukum and Siraha districts, Kamal Dah is a natural pond famous for its lotus blooms. Covering nearly 2 square kilometers, it transforms into a breathtaking spectacle during monsoon when lotus flowers blanket its surface. Locals celebrate fairs and rituals here, making it both a spiritual and ecological treasure. However, water levels have declined in recent years, raising concerns about conservation.","From Kathmandu, drive west via Prithvi Highway and Syangja district roads to Kamal Dah.",250,Small water body popular for local visitors.,Kamal Dah\download (1).jpeg; Kamal Dah\download (2).jpeg; Kamal Dah\download (3).jpeg; Kamal Dah\download (4).jpeg; Kamal Dah\download.jpeg,4.3,24.8,Low
878,deurali cave,rukum east,Oct–Dec,"Religious, Cave",Natural Attractions,Trekking,Moderate,Trail,28.5850° N,82.8750° E,5,"Deurali, situated along the Annapurna Base Camp trekking route, is known for its caves and high-altitude beauty. Historically, shepherds used caves like Hinku for shelter, but today Deurali serves as a trekking stopover. The area offers dramatic Himalayan views and is prone to avalanches, adding both allure and danger. Its caves and trails embody the rugged charm of Nepal’s trekking culture.","From Kathmandu, drive west via Prithvi Highway and local hill roads to Deurali Cave.",350,Limestone cave offering exploration and adventure.,Deurali\download (1).jpeg; Deurali\download (2).jpeg; Deurali\download (3).jpeg; Deurali\download (4).jpeg; Deurali\download.jpeg,4.3,40,Moderate
879,jogidanda,rukum east,Oct–Dec,Rural,Village & Rural Tourism,Hiking,Moderate,Road,28.5900° N,82.8800° E,5,"Jogidanda is a locality found in Dolakha and Karnali regions, perched at elevations above 1,500 meters. It is known for its scenic hills, traditional settlements, and water projects that support rural communities. The area reflects Nepal’s rural resilience, where modern infrastructure like piped water systems blends with age-old farming and cultural practices.","From Kathmandu, drive west via Prithvi Highway and Syangja district roads to Jogidanda.",330,Quiet hillside village with rural charm.,Jogidanda\download (1).jpeg; Jogidanda\download (2).jpeg; Jogidanda\download (3).jpeg; Jogidanda\download (4).jpeg; Jogidanda\download.jpeg,4.3,41.6,Moderate
880,rangsi,rukum east,Oct–Dec,Rural,Village & Rural Tourism,Hiking,Moderate,Road,28.5950° N,82.8850° E,5,"Rangsi exists in both Rolpa and Eastern Rukum districts. These villages are deeply tied to Magar and Kham cultures, with populations living in scattered households across rugged terrain. Historically, Rolpa and Rukum were centers of the Maoist movement, and Rangsi embodies both the hardship and cultural richness of these regions. Its remoteness preserves traditional lifestyles.","From Kathmandu, drive west via Prithvi Highway and Syangja district roads to Rangsi village.",700,Peaceful rural settlement with scenic landscapes.,Rangsi\download (1).jpeg; Rangsi\download (2).jpeg; Rangsi\download (3).jpeg; Rangsi\download (5).jpeg; Rangsi\download.jpeg,4.3,41.7,Moderate
881,jang,rukum east,Oct–Dec,Rural,Village & Rural Tourism,Hiking,Moderate,Road,28.6000° N,82.8900° E,5,"Jang Bahadur Rana, often referred to as Jung Bahadur, was Nepal’s first Rana Prime Minister (1846–1877). He consolidated power after the Kot Massacre and established the hereditary Rana regime, which lasted until 1951. His legacy includes diplomatic missions to Britain and reforms in Nepal’s legal system. Though controversial, Jang symbolizes a turning point in Nepal’s political history","From Kathmandu, drive west via Prithvi Highway and Syangja district roads to Jang village.",750,Remote village known for natural beauty and traditional lifestyle.,Jang\download (1).jpeg; Jang\download (2).jpeg; Jang\download (3).jpeg; Jang\download (4).jpeg; Jang\download.jpeg,4.3,36.3,Moderate
882,hukam,rukum east,Oct–Dec,Rural,Village & Rural Tourism,Hiking,Moderate,Road,28.6050° N,82.8950° E,5,"Hukam is a village in Eastern Rukum, Lumbini Province, with a population of just over 2,000. Surrounded by hills, it is a remote settlement with traditional agriculture and Magar culture. Its isolation preserves local customs, while its rugged terrain makes access challenging. Hukam reflects the resilience of mountain communities in western Nepal.","From Kathmandu, drive west via Prithvi Highway and Syangja district roads to Hukam village.",120,Small village with local culture and agricultural fields.,Hukam\download (1).jpeg; Hukam\download (2).jpeg; Hukam\download (3).jpeg; Hukam\download (5).jpeg; Hukam\download.jpeg,4.2,30.2,Low
883,sundah,dang,Oct–Dec,Rural,Village & Rural Tourism,Hiking,Moderate,Road,28.0000° N,82.0000° E,5,"Sundah, located in Rukum East, is a rural locality along the Madhyapahari Lokmarg route. It is known for its scenic landscapes, traditional settlements, and cultural vibrancy. The area is part of the broader ecological and cultural circuit of Rukum, offering visitors a glimpse into authentic hill lif","From Kathmandu, drive west via Prithvi Highway and local hill roads to reach Sundah.",980,Rural hill settlement surrounded by forested areas.,Sundah\download (1).jpeg; Sundah\download (2).jpeg; Sundah\download (3).jpeg; Sundah\download (4).jpeg; Sundah\download.jpeg,4.3,41.7,Moderate
884,sisne,dang,Oct–Dec,"Scenic, Rural",Natural Attractions,Hiking,Moderate,Road,28.0100° N,82.0100° E,5,"Sisne Himal, also called Murkatta, is a striking peak in Rukum, rising to 5,911 meters. Legend says it was “cut down by the gods” to prevent it from piercing the heavens. Today, it is a popular trekking and climbing destination, offering views of the Dhaulagiri massif. The region is home to Magar, Gurung, and Thakali communities, making Sisne both a natural and cultural landmark","From Kathmandu, drive west via Prithvi Highway and local roads to Sisne village.",70,Village with panoramic hilltop views and tranquility.,Sisne\download (1).jpeg; Sisne\download (2).jpeg; Sisne\download (3).jpeg; Sisne\download (6).jpeg; Sisne\download.jpeg,4.5,17.7,Low
885,thawang,rolpa,Oct–Dec,Rural,Village & Rural Tourism,Hiking,Moderate,Road,28.2000° N,82.3000° E,5,"Thawang in Rolpa is a Magar-majority village and a hub of Kham culture. With over 4,500 residents, it is historically significant as a Maoist stronghold during Nepal’s civil war. Today, it is known for its pastures, traditional music, and gateway to Jaljala, a scenic highland. Thawang embodies resilience, history, and cultural pride.","From Kathmandu, drive west via Prithvi Highway and hill roads to Thawang.",500,Traditional settlement in hilly terrain with cultural significance.,Thawang\download (1).jpeg; Thawang\download (2).jpeg; Thawang\download (3).jpeg; Thawang\download (4).jpeg; Thawang\download (5).jpeg; Thawang\download.jpeg,4.6,50.1,Moderate
886,rujikhola,pyuthan,Oct–Dec,Waterbody,Village & Rural Tourism,Trekking,Moderate,Trail,28.1000° N,82.2000° E,5,"Rujikhola in Eastern Rukum is a green valley settlement along a river. It is home to schools like Bhumi Basic School and reflects the educational and ecological development of rural Nepal. The area is scenic, with riverside views and traditional farming, making it a peaceful rural retreat","From Kathmandu, drive west via Prithvi Highway and hill roads to reach Rujikhola river area.",133,Scenic river with surrounding natural landscapes.,Rujikhola\download (1).jpeg; Rujikhola\download (2).jpeg; Rujikhola\download (3).jpeg; Rujikhola\download (4).jpeg; Rujikhola\download.jpeg,4.4,33.4,Low
887,naribang,pyuthan,Oct–Dec,Rural,Village & Rural Tourism,Hiking,Moderate,Road,28.1050° N,82.2050° E,5,"Naribang, located in Bhume Rural Municipality of Rukum, sits at 2,305 meters. It is surrounded by hills and neighboring villages like Dhanibang. Naribang is a remote highland settlement, offering panoramic views and preserving traditional Magar lifestyles. Its isolation makes it culturally intact and naturally pristine.","From Kathmandu, drive west via Prithvi Highway and local roads to Naribang.",369,Rural village with serene environment and local life.,Naribang\download (1).jpeg; Naribang\download (5).jpeg; Naribang\download.jpeg; Naribang\images (1).jpeg; Naribang\images.jpeg,4.3,43.4,Moderate
888,tulsipur,dang,Oct–Dec,Urban,Urban & Modern Attractions,Sightseeing,Easy,Road,28.0500° N,82.1000° E,5,"Tulsipur in Dang District is a sub-metropolitan city with over 180,000 residents. Historically part of the Baise Rajya, it is now a bustling hub connecting Terai and hill districts. Known for its Tharu heritage, fertile plains, and modern infrastructure, Tulsipur is both a gateway to western Nepal and a cultural melting pot","From Kathmandu, drive southwest via Mahendra Highway to Tulsipur in Dang District.",84,Town in Dang Valley with cultural and commercial significance.,Tulsipur\download (1).jpeg; Tulsipur\download (2).jpeg; Tulsipur\download (3).jpeg; Tulsipur\download (4).jpeg; Tulsipur\download.jpeg,4.3,21,Low
889,beljhundi,dang,Oct–Dec,Rural,Village & Rural Tourism,Hiking,Moderate,Road,28.0550° N,82.1050° E,5,"Beljhundi, near Tulsipur in Dang, is notable for hosting the Nepal Sanskrit University, a center for traditional and modern education. The town blends academic vibrancy with rural charm, making it a unique destination. Its location near Tulsipur enhances its role as an educational and cultural hub","From Kathmandu, drive southwest via Mahendra Highway and local Dang District roads to Beljhundi.",500,Quiet rural settlement with natural surroundings.,Beljhundi\download (1).jpeg; Beljhundi\download (2).jpeg; Beljhundi\download (3).jpeg; Beljhundi\download (5).jpeg; Beljhundi\download.jpeg,4.3,26.6,Low
890,dudhras,dang,Oct–Dec,Rural,Village & Rural Tourism,Hiking,Moderate,Road,28.0600° N,82.1100° E,5,"Dudhras is a locality in Tulsipur, Dang, situated at 632 meters elevation. It is a small rural settlement surrounded by fertile land and neighboring hamlets. Its charm lies in its simplicity, offering a snapshot of everyday life in Nepal’s Terai-hill transition zone.","From Kathmandu, drive southwest via Mahendra Highway and local Dang District roads to Dudhras.",400,Small village with agricultural landscapes.,Dudhras\download (1).jpeg; Dudhras\download (2).jpeg; Dudhras\download (3).jpeg; Dudhras\download (4).jpeg; Dudhras\download.jpeg,4.4,37.8,Moderate
891,khaira,dang,Oct–Dec,Rural,Village & Rural Tourism,Hiking,Moderate,Road,28.0650° N,82.1150° E,5,"Khaira in Pyuthan District is a traditional village development committee with over 4,000 residents. Nestled in the Rapti Zone, it reflects hill agriculture, Magar culture, and rural resilience. Its scattered households and terraced fields showcase the enduring lifestyle of Nepal’s mid-hills.","From Kathmandu, drive southwest via Mahendra Highway and Dang District roads to Khaira village.",450,Hilltop settlement offering picturesque views.,Khaira\download (1).jpeg; Khaira\download (2).jpeg; Khaira\download (5).jpeg; Khaira\download.jpeg; Khaira\images.jpeg,4.6,28.2,Low
892,bangaun,dang,Oct–Dec,Rural,Village & Rural Tourism,Hiking,Moderate,Road,28.0700° N,82.1200° E,5,"Bangaun is a rural settlement in Nepal known for its agricultural lifestyle and traditional village culture. Surrounded by fertile land, it reflects the resilience of Terai and mid-hill communities. The village is characterized by terraced fields, simple homesteads, and a strong sense of community, making it a snapshot of everyday rural life.","From Kathmandu, drive southwest via Mahendra Highway and Dang District roads to Bangaun.",650,Traditional village with local culture and peaceful surroundings.,Bangaun\download (1).jpeg; Bangaun\download (2).jpeg; Bangaun\download (3).jpeg; Bangaun\download (4).jpeg; Bangaun\download.jpeg,4.3,52.4,Moderate
893,narayanpur,dang,Oct–Dec,Rural,Village & Rural Tourism,Hiking,Moderate,Road,28.0750° N,82.1250° E,5,"Narayanpur is a locality found in several districts of Nepal, often associated with religious and cultural heritage. Many Narayanpur villages are named after Lord Narayan (Vishnu), with temples and shrines serving as focal points for local festivals. It blends spirituality with rural simplicity, offering visitors a chance to witness faith-driven traditions.","From Kathmandu, drive southwest via Mahendra Highway and local roads to Narayanpur.",900,Riverside village with scenic landscapes.,Narayanpur\download (1).jpeg; Narayanpur\download (2).jpeg; Narayanpur\download (3).jpeg; Narayanpur\download (5).jpeg; Narayanpur\download.jpeg,4.4,42.7,Moderate
894,nayagaun,dang,Oct–Dec,Rural,Village & Rural Tourism,Hiking,Moderate,Road,28.0800° N,82.1300° E,5,"Nayagaun, meaning “new village,” is a common settlement name across Nepal. Typically, these villages emerged as expansions of older communities, reflecting migration and settlement patterns. Nayagaun often features terraced farming, hillside homes, and vibrant local markets, embodying the growth and adaptability of rural Nepal.","From Kathmandu, drive southwest via Mahendra Highway and Dang District roads to Nayagaun.",127,Rural village with hill and farmland views.,Nayagaun\download (1).jpeg; Nayagaun\download (2).jpeg; Nayagaun\download (3).jpeg; Nayagaun\download (4).jpeg; Nayagaun\download.jpeg,4.7,31.8,Low
895,okharkot,pyuthan,Oct–Dec,Scenic,Natural Attractions,Hiking,Moderate,Road,28.1100° N,82.2100° E,5,"Okharkot in Pyuthan District is a historic hilltop settlement known for its ancient forts and temples. The name derives from “Okhar” (walnut), indicating the abundance of walnut trees in the area. Okharkot offers panoramic views of the Rapti Valley and is culturally significant for its Magar heritage and traditional architecture","From Kathmandu, drive west via Prithvi Highway and local hill roads to Okharkot.",123,Historic village with fort ruins and panoramic views.,Okharkot\download (1).jpeg; Okharkot\download (2).jpeg; Okharkot\download (3).jpeg; Okharkot\download (5).jpeg; Okharkot\download.jpeg,4.2,18.9,Low
896,bandikot,pyuthan,Oct–Dec,Rural,Village & Rural Tourism,Hiking,Moderate,Road,28.1150° N,82.2150° E,5,"Bandikot in Pyuthan is a fortified hill settlement with historical importance. It was once a strategic site during the Baise-Chaubise principalities era. Today, Bandikot is a blend of history and rural life, with stone houses, temples, and farming terraces. It remains a symbol of Pyuthan’s medieval heritage.","From Kathmandu, drive west via Prithvi Highway and hill roads to Bandikot.",258,Hilly settlement with traditional lifestyle and scenic charm.,Bandikot\download (1).jpeg; Bandikot\download (2).jpeg; Bandikot\download (3).jpeg; Bandikot\download (4).jpeg; Bandikot\download.jpeg,4.7,45.1,Moderate
897,mayalpokhari,rolpa,Oct–Dec,Waterbody,Village & Rural Tourism,Trekking,Moderate,Trail,28.2200° N,82.3200° E,5,"Mayalpokhari in Ilam District is a scenic pond surrounded by lush forests. It is a biodiversity hotspot, home to rare orchids, rhododendrons, and migratory birds. The pond is considered sacred, with locals performing rituals during festivals. Mayalpokhari is both a natural sanctuary and spiritual retreat, attracting eco-tourists and pilgrims.","From Kathmandu, drive west via Prithvi Highway and hill roads to reach Mayalpokhari.",159,Tranquil pond with surrounding natural beauty.,Mayalpokhari\download (1).jpeg; Mayalpokhari\download (2).jpeg; Mayalpokhari\download (3).jpeg; Mayalpokhari\download (5).jpeg; Mayalpokhari\download.jpeg,4.2,50.5,Moderate
898,sirseni,dang,Oct–Dec,Rural,Village & Rural Tourism,Hiking,Moderate,Road,28.0250° N,82.1050° E,5,"Sirseni is a rural locality in Nepal, often associated with hill farming and Magar settlements. It is characterized by scattered households, terraced fields, and traditional lifestyles. The area reflects the self-sufficiency of mountain communities, where agriculture and livestock remain central to survival.","From Kathmandu, drive southwest via Mahendra Highway to Dang District to reach Sirseni.",357,Small village with peaceful rural environment.,,4.4,39.3,Moderate
899,dhamir,rolpa,Oct–Dec,Rural,Village & Rural Tourism,Hiking,Moderate,Road,28.2250° N,82.3250° E,5,"Dhamir is a small settlement in Nepal, notable for its close-knit community and agricultural practices. It represents the everyday rhythm of rural life, where farming, seasonal festivals, and communal cooperation define the local identity. Its simplicity makes it a peaceful rural retreat.","From Kathmandu, drive west via Prithvi Highway and hill roads to Dhamir.",654,Remote settlement with serene landscapes.,Dhamir\download (1).jpeg; Dhamir\download (2).jpeg; Dhamir\download (3).jpeg; Dhamir\download (4).jpeg; Dhamir\download.jpeg,4.6,82.8,High
900,arje,rolpa,Oct–Dec,Rural,Village & Rural Tourism,Hiking,Moderate,Road,28.2300° N,82.3300° E,5,"Arje is a hillside village in Nepal, known for its traditional Magar culture and scenic landscapes. The settlement is surrounded by forests and terraced fields, offering panoramic views of valleys below. Arje embodies the cultural richness and natural beauty of Nepal’s mid-hills.","From Kathmandu, drive west via Prithvi Highway and local roads to Arje village.",138,Rural village with agricultural and scenic surroundings.,Arje\download (1).jpeg; Arje\download (2).jpeg; Arje\download (3).jpeg; Arje\download (5).jpeg; Arje\download.jpeg,4.3,34.6,Low
901,chhapahile,rolpa,Oct–Dec,Rural,Village & Rural Tourism,Hiking,Moderate,Road,28.2350° N,82.3350° E,5,"Chhapahile is a rural settlement often associated with stone-based architecture and hillside farming. The name itself suggests stone (“chhap”), reflecting the rugged terrain. It is a community where traditional practices continue to thrive, making it a living example of Nepal’s rural resilience.","From Kathmandu, drive west via Prithvi Highway and hill roads to Chhapahile.",980,Quiet village offering panoramic hill views.,Chhapahile\download (1).jpeg; Chhapahile\download (2).jpeg; Chhapahile\download (3).jpeg; Chhapahile\download (4).jpeg; Chhapahile\download.jpeg,4.3,60,High
902,neta,rolpa,Oct–Dec,Rural,Village & Rural Tourism,Hiking,Moderate,Road,28.2400° N,82.3400° E,5,"Neta is a small village in Nepal, notable for its traditional farming and cultural practices. It is a quiet settlement where agriculture dominates daily life. Neta reflects the simplicity and authenticity of rural Nepal, with strong communal ties.","From Kathmandu, drive west via Prithvi Highway and local roads to Neta village.",900,Rural settlement with hills and farmland.,Neta\download (1).jpeg; Neta\download (2).jpeg; Neta\download (3).jpeg; Neta\download (5).jpeg; Neta\download.jpeg,4.4,49.5,Moderate
903,gwalichaur,rolpa,Oct–Dec,Rural,Village & Rural Tourism,Hiking,Moderate,Road,28.2450° N,82.3450° E,5,"Gwalichaur in Baglung District is a historic settlement known for its temples and traditional architecture. It is surrounded by hills and rivers, offering scenic beauty alongside cultural depth. Gwalichaur is a hub of Magar and Brahmin-Chhetri traditions, making it a culturally diverse village.","From Kathmandu, drive west via Prithvi Highway and hill roads to Gwalichaur.",500,Village with traditional lifestyle and scenic backdrop.,Gwalichaur\download (1).jpeg; Gwalichaur\download (2).jpeg; Gwalichaur\download (3).jpeg; Gwalichaur\download (4).jpeg; Gwalichaur\download.jpeg,4.3,34.6,Low
904,malagiri,rolpa,Oct–Dec,Scenic,Natural Attractions,Hiking,Moderate,Road,28.2500° N,82.3500° E,5,"Malagiri is a rural locality in Nepal, often associated with hill farming and traditional lifestyles. Its scattered households and terraced fields highlight the adaptability of mountain communities, where agriculture and livestock sustain livelihoods.","From Kathmandu, drive west via Prithvi Highway and hill roads to Malagiri.",138,Hilly region with forests and scenic vistas.,Malagiri\download (1).jpeg; Malagiri\download (2).jpeg; Malagiri\download (3).jpeg; Malagiri\download (5).jpeg; Malagiri\download.jpeg,4.2,34.7,Low
905,narikot,rolpa,Oct–Dec,Rural,Village & Rural Tourism,Hiking,Moderate,Road,28.2550° N,82.3550° E,5,"Narikot in Dolpa District is a remote highland village overlooking the Himalayas. It is a gateway to Shey Phoksundo National Park and offers breathtaking views of snow-capped peaks. Narikot is culturally rich, with Tibetan-influenced traditions, monasteries, and festivals. It is both a trekking destination and cultural gem.","From Kathmandu, drive west via Prithvi Highway and hill roads to Narikot.",369,Hilltop village with fortress ruins and mountain views.,Narikot\download (1).jpeg; Narikot\download (2).jpeg; Narikot\download (3).jpeg; Narikot\download (4).jpeg; Narikot\download.jpeg,4.3,28.7,Low
906,majhakot,rolpa,Oct–Dec,Rural,Village & Rural Tourism,Hiking,Moderate,Road,28.2600° N,82.3600° E,5,"Majhakot, meaning “middle fort,” is a settlement in Nepal known for its strategic location and cultural heritage. It often served as a defensive site during the Baise-Chaubise era. Today, Majhakot is a blend of history and rural life, with terraced fields and hillside homes.","From Kathmandu, drive west via Prithvi Highway and local roads to Majhakot.",700,Remote hilly settlement with natural beauty.,Majhakot\download (1).jpeg; Majhakot\download (2).jpeg; Majhakot\download (3).jpeg; Majhakot\download (5).jpeg; Majhakot\download.jpeg,4.5,53.1,Moderate
907,loharpani,rolpa,Oct–Dec,Rural,Village & Rural Tourism,Hiking,Moderate,Road,28.2650° N,82.3650° E,5,"Loharpani is a hillside settlement, often associated with ironworking communities (“lohar”). It reflects Nepal’s traditional craftsmanship, where blacksmiths played vital roles in rural economies. Loharpani is also scenic, with forests and terraced fields surrounding the village.","From Kathmandu, drive west via Prithvi Highway and hill roads to Loharpani.",500,Small village with water resources and rural charm.,Loharpani\download (1).jpeg; Loharpani\download (2).jpeg; Loharpani\download (3).jpeg; Loharpani\download (4).jpeg; Loharpani\download.jpeg,4.4,25.6,Low
908,syuja,rolpa,Oct–Dec,Rural,Village & Rural Tourism,Hiking,Moderate,Road,28.2700° N,82.3700° E,5,"Syuja is a rural locality in Nepal, notable for its agricultural lifestyle and communal traditions. It is a small settlement where farming and livestock dominate daily life. Syuja embodies the simplicity and resilience of rural Nepal.","From Kathmandu, drive southwest via Mahendra Highway and local roads to Syuja.",400,Rural village surrounded by hills and farmlands.,Syuja\download (1).jpeg; Syuja\download (2).jpeg; Syuja\download (3).jpeg; Syuja\download (5).jpeg; Syuja\download.jpeg,4.3,49.9,Moderate
909,tripur,rolpa,Oct–Dec,Rural,Village & Rural Tourism,Hiking,Moderate,Road,28.2750° N,82.3750° E,5,"Tripur is a historic name often linked to Tripura temples and settlements in Nepal. It reflects religious heritage, with shrines and festivals dedicated to Hindu deities. Tripur is both a spiritual and cultural center, blending faith with rural life.","From Kathmandu, drive southwest via Mahendra Highway and local roads to Tripur.",450,Hilly settlement with peaceful rural lifestyle.,Tripur\download (1).jpeg; Tripur\download (2).jpeg; Tripur\download (3).jpeg; Tripur\download (4).jpeg; Tripur\download.jpeg,4.5,40.7,Moderate
910,manpur,rolpa,Oct–Dec,Rural,Village & Rural Tourism,Hiking,Moderate,Road,28.2800° N,82.3800° E,5,"Manpur is a settlement in Nepal, often associated with fertile plains and traditional farming. It is a community where agriculture defines identity, and local festivals strengthen social bonds. Manpur represents the heart of rural Terai culture.","From Kathmandu, drive southwest via Mahendra Highway and Dang District roads to Manpur.",650,Quiet village with scenic views of surrounding hills.,Manpur\download (1).jpeg; Manpur\download (2).jpeg; Manpur\download (3).jpeg; Manpur\download (5).jpeg; Manpur\download.jpeg,4.6,41.9,Moderate
911,phulbari,banke,Oct–Dec,Rural,Village & Rural Tourism,Hiking,Moderate,Road,28.0800° N,81.6200° E,5,"Phulbari, meaning “flower garden,” is a locality found across Nepal. These settlements are often scenic, with lush vegetation, gardens, and cultural vibrancy. Phulbari reflects the beauty of rural Nepal, where nature and tradition coexist harmoniously","From Kathmandu, drive southwest via Mahendra Highway and Dang District roads to Phulbari.",129,Rural village with flower fields and natural scenery.,Phulbari\download (1).jpeg; Phulbari\download (2).jpeg; Phulbari\download (3).jpeg; Phulbari\download (4).jpeg; Phulbari\download.jpeg,4.6,32.3,Low
912,goltakuri,banke,Oct–Dec,Rural,Village & Rural Tourism,Hiking,Moderate,Road,28.0850° N,81.6250° E,5,"Goltakuri in Dang District is a fertile agricultural settlement known for its rice and wheat production. It is surrounded by plains and hills, making it a hub of farming activity. Goltakuri embodies the productivity and richness of Nepal’s Terai-hill transition zone.","From Kathmandu, drive southwest via Mahendra Highway and Dang District roads to Goltakuri.",875,Small settlement with agricultural landscape.,Goltakuri\download.jpeg; Goltakuri\images (1).jpeg; Goltakuri\images (2).jpeg; Goltakuri\images (3).jpeg; Goltakuri\images.jpeg,4.7,47.4,Moderate
913,bejapur,banke,Oct–Dec,Rural,Village & Rural Tourism,Hiking,Moderate,Road,28.0900° N,81.6300° E,5,"Bejapur is a rural settlement in Nepal, notable for its traditional farming and cultural practices. It is a quiet village where agriculture dominates daily life, and communal traditions remain strong. Bejapur reflects the authentic rhythm of rural Nepal","From Kathmandu, drive southwest via Mahendra Highway and Bardiya District roads to Bejapur.",123,Peaceful rural village with natural surroundings.,Bejapur\download (1).jpeg; Bejapur\download (2).jpeg; Bejapur\download (3).jpeg; Bejapur\download (5).jpeg; Bejapur\download.jpeg,4.2,53.7,Moderate
914,narainapur,banke,Oct–Dec,Rural,Village & Rural Tourism,Hiking,Moderate,Road,28.0950° N,81.6350° E,5,"Narainapur in Banke District is a rural municipality located near the Indian border. It is known for its fertile plains, cross-border trade, and Tharu culture. The area is agriculturally rich, producing rice, wheat, and sugarcane, while also serving as a hub for cultural exchange between Nepal and India.","From Kathmandu, drive southwest via Mahendra Highway and Bardiya District roads to Narainapur.",258,Village with traditional houses and local culture.,Narainapur\download (1).jpeg; Narainapur\download (2).jpeg; Narainapur\download (3).jpeg; Narainapur\download (4).jpeg; Narainapur\download.jpeg,4.3,34.4,Low
915,matahiya,banke,Oct–Dec,Rural,Village & Rural Tourism,Hiking,Moderate,Road,28.1000° N,81.6400° E,5,"Matahiya is a settlement in the Terai region, characterized by traditional farming and close-knit communities. It reflects the everyday rhythm of rural life, where agriculture dominates and festivals bring people together. Its simplicity makes it a peaceful representation of Terai culture.","From Kathmandu, drive southwest via Mahendra Highway and Bardiya District roads to Matahiya.",159,Rural settlement with greenery and tranquility.,Matahiya\download (1).jpeg; Matahiya\download (2).jpeg; Matahiya\download (3).jpeg; Matahiya\download (5).jpeg; Matahiya\download.jpeg,4.4,26.4,Low
916,gangapur,banke,Oct–Dec,Rural,Village & Rural Tourism,Hiking,Moderate,Road,28.1050° N,81.6450° E,5,"Gangapur in Banke District is a rural municipality with a strong Tharu and Madhesi presence. It is known for its fertile land and vibrant cultural traditions. The settlement is a blend of agriculture, local markets, and traditional lifestyles, making it a cultural mosaic of the Terai.","From Kathmandu, drive southwest via Mahendra Highway and Bardiya District roads to Gangapur.",357,Small town with cultural and local significance.,Gangapur\download (1).jpeg; Gangapur\download (2).jpeg; Gangapur\download (3).jpeg; Gangapur\download (4).jpeg; Gangapur\download.jpeg; Gangapur\download.png,4.2,36.5,Moderate
917,holiya,banke,Oct–Dec,Rural,Village & Rural Tourism,Hiking,Moderate,Road,28.1100° N,81.6500° E,5,"Holiya is a rural municipality in Banke, situated along fertile plains. It is notable for its agricultural productivity and cultural diversity, with Tharu, Muslim, and Madhesi communities coexisting. The area reflects the multi-ethnic harmony of western Nepal.","From Kathmandu, drive southwest via Mahendra Highway and Bardiya District roads to Holiya.",654,Village with hills and rivers nearby.,Holiya\download (2).jpeg; Holiya\images (1).jpeg; Holiya\images (2).jpeg; Holiya\images (3).jpeg; Holiya\images.jpeg,4.3,54.1,Moderate
918,betahani,banke,Oct–Dec,Rural,Village & Rural Tourism,Hiking,Moderate,Road,28.1150° N,81.6550° E,5,"Betahani is a rural settlement in Banke District, known for its farming and traditional village life. It is surrounded by fertile land and rivers, making it suitable for agriculture. Betahani embodies the resilience of Terai communities, where farming sustains livelihoods.","From Kathmandu, drive southwest via Mahendra Highway and Bardiya District roads to Betahani.",321,Rural area with natural landscapes and farming fields.,Betahani\download (1).jpeg; Betahani\download (4).jpeg; Betahani\download.jpeg; Betahani\images (1).jpeg; Betahani\images.jpeg,4.3,41.6,Moderate
919,puraina,banke,Oct–Dec,Rural,Village & Rural Tourism,Hiking,Moderate,Road,28.1200° N,81.6600° E,5,"Puraina is a locality in Banke, often associated with cross-border trade and agriculture. Its proximity to Nepalgunj enhances its importance as a rural-urban link. Puraina reflects the blend of traditional farming and modern connectivity","From Kathmandu, drive southwest via Mahendra Highway and Bardiya District roads to Puraina.",102,Peaceful settlement with traditional lifestyle.,Puraina\download (1).jpeg; Puraina\download (2).jpeg; Puraina\download (3).jpeg; Puraina\download (5).jpeg; Puraina\download.jpeg,4.5,25.6,Low
920,nepalgunj,banke,Oct–Dec,Urban,Urban & Modern Attractions,Sightseeing,Easy,Road,28.0500° N,81.6167° E,5,"Nepalgunj is a major city in Banke District, serving as a gateway to mid-western Nepal. It is a bustling trade hub near the Indian border, known for its diverse population including Tharu, Muslim, and hill migrants. Nepalgunj hosts important institutions, markets, and cultural centers, making it a melting pot of traditions and modernity.","From Kathmandu, drive southwest via Mahendra Highway to reach Nepalgunj in Banke District.",122,Commercial city near the Indian border with cultural diversity.,,4,30.6,Low
921,kalika,banke,Oct–Dec,Rural,Village & Rural Tourism,Hiking,Moderate,Road,28.1250° N,81.6650° E,5,"Kalika is a rural settlement in Banke, named after the goddess Kali. It is home to temples and cultural practices that reflect Hindu traditions. The area blends spirituality with rural simplicity, offering a glimpse into faith-driven village life","From Kathmandu, drive southwest via Mahendra Highway to Kalika village in Banke District.",125,Village with temple and hilltop views.,Haldekalika\download (1).jpeg; Haldekalika\download (2).jpeg; Haldekalika\download (3).jpeg; Haldekalika\download (5).jpeg; Haldekalika\download.jpeg,4.4,33.7,Low
922,munalbasti,banke,Oct–Dec,Rural,Village & Rural Tourism,Hiking,Moderate,Road,28.1300° N,81.6700° E,5,"Munalbasti is a small settlement in Banke, notable for its agricultural lifestyle and communal traditions. It is a quiet village where farming and livestock dominate daily life. Munalbasti reflects the authentic rhythm of rural Terai communities","From Kathmandu, drive southwest via Mahendra Highway and Banke District roads to Munalbasti.",136,Rural settlement with agricultural surroundings.,,4.6,47.1,Moderate
923,ganeshpur,banke,Oct–Dec,Rural,Village & Rural Tourism,Hiking,Moderate,Road,28.1350° N,81.6750° E,5,"Ganeshpur is a locality in Banke, named after Lord Ganesh. It is known for its temples, festivals, and cultural vibrancy. The settlement blends spirituality with agriculture, making it both a religious and rural hub.","From Kathmandu, drive southwest via Mahendra Highway and Banke District roads to Ganeshpur.From Kathmandu, drive west via Mahendra Highway and local roads to Ganeshpur in Far Western Nepal.",652,Village with temple dedicated to Lord Ganesh. Hilltop temple attracting devotees and tourists.,Ganeshpur\download (1).jpeg; Ganeshpur\download (2).jpeg; Ganeshpur\download (3).jpeg; Ganeshpur\download (4).jpeg; Ganeshpur\download.jpeg,4.4,52.8,Moderate
924,mahamadpur,banke,Oct–Dec,Rural,Village & Rural Tourism,Hiking,Moderate,Road,28.1400° N,81.6800° E,5,"Mahamadpur is a settlement with a strong Muslim community presence, reflecting the diversity of Banke District. It is notable for its cultural practices, mosques, and agricultural lifestyle. Mahamadpur embodies the multi-religious harmony of the Terai","From Kathmandu, drive southwest via Mahendra Highway and Bardiya District roads to Mahamadpur.",250,Rural area with agricultural fields and small settlements.,Mahamadpur\download (1).jpeg; Mahamadpur\download (2).jpeg; Mahamadpur\download (3).jpeg; Mahamadpur\download (4).jpeg; Mahamadpur\download.jpeg,4.3,36.5,Moderate
925,gulariya,bardiya,Oct–Dec,Urban,Urban & Modern Attractions,Sightseeing,Easy,Road,28.2167° N,81.6167° E,5,"Gulariya in Bardiya District is a municipal town and district headquarters. It is a gateway to Bardiya National Park, making it important for tourism and conservation. Gulariya blends urban growth with rural traditions, serving as a center of administration, trade, and culture.","From Kathmandu, drive southwest via Mahendra Highway to Gulariya in Bardiya District.",350,Town near Bardiya National Park with local commerce.,Gulariya\download (1).jpeg; Gulariya\download (2).jpeg; Gulariya\download (3).jpeg; Gulariya\download (5).jpeg; Gulariya\download.jpeg,4.4,44.6,Moderate
926,aashapur pakadia,bardiya,Oct–Dec,Rural,Village & Rural Tourism,Hiking,Moderate,Road,28.1450° N,81.6850° E,5,"Aashapur Pakadia is a rural settlement in Banke, characterized by traditional farming and close-knit communities. It reflects the everyday rhythm of Terai life, where agriculture and festivals dominate. Its simplicity makes it a peaceful rural retreat.","From Kathmandu, drive southwest via Mahendra Highway and Bardiya District roads to Aashapur Pakadia.",330,Small village with scenic countryside.,Aashapur Pakadia\download (1).jpeg; Aashapur Pakadia\download (2).jpeg; Aashapur Pakadia\download (3).jpeg; Aashapur Pakadia\download (4).jpeg; Aashapur Pakadia\download.jpeg,4.4,44.1,Moderate
927,bansagadhi,bardiya,Oct–Dec,Rural,Village & Rural Tourism,Hiking,Moderate,Road,28.1500° N,81.6900° E,5,"Bansagadhi in Bardiya is a rural municipality known for its fertile land and cultural diversity. It is surrounded by forests and plains, making it suitable for agriculture and settlement. Bansagadhi reflects the balance of nature and human livelihood","From Kathmandu, drive southwest via Mahendra Highway and Bardiya District roads to Bansagadhi.",700,Town with natural surroundings and access to rivers.,Bansagadhi\download (1).jpeg; Bansagadhi\download (2).jpeg; Bansagadhi\download (3).jpeg; Bansagadhi\download (5).jpeg; Bansagadhi\download.jpeg,4.6,35.5,Moderate
928,baniyabhar,bardiya,Oct–Dec,Rural,Village & Rural Tourism,Hiking,Moderate,Road,28.1550° N,81.6950° E,5,"Baniyabhar in Bardiya is a settlement near Bardiya National Park. It is known for its wildlife conservation efforts and rural lifestyle. The area is ecologically significant, serving as a buffer zone for the park, and culturally vibrant with Tharu traditions","From Kathmandu, drive southwest via Mahendra Highway and Bardiya District roads to Baniyabhar.",102,Village with agricultural land and rural charm.,Baniyabhar\download (1).jpeg; Baniyabhar\download (2).jpeg; Baniyabhar\download (3).jpeg; Baniyabhar\download (4).jpeg; Baniyabhar\download.jpeg,4.5,25.7,Low
929,padanaha,bardiya,Oct–Dec,Rural,Village & Rural Tourism,Hiking,Moderate,Road,28.1600° N,81.7000° E,5,"Padanaha is a rural settlement in Bardiya, notable for its proximity to Bardiya National Park. It is a hub for eco-tourism, with visitors exploring wildlife and local Tharu culture. Padanaha blends conservation with community life, making it a unique ecological village.","From Kathmandu, drive southwest via Mahendra Highway and Bardiya District roads to Padanaha.",121,Quiet riverside settlement.,Padanaha\download (1).jpeg; Padanaha\download (2).jpeg; Padanaha\download (3).jpeg; Padanaha\download (5).jpeg; Padanaha\download.jpeg,4.5,30.4,Low
930,bela,bardiya,Oct–Dec,Rural,Village & Rural Tourism,Hiking,Moderate,Road,28.1650° N,81.7050° E,5,"Bela is a rural locality in Bardiya, characterized by fertile plains and traditional farming. It is a quiet settlement where agriculture dominates daily life. Bela reflects the simplicity and resilience of Terai communities.","From Kathmandu, drive southwest via Mahendra Highway and Bardiya District roads to Bela.",980,Village with serene environment and farmland.,Bela\download (1).jpeg; Bela\download (2).jpeg; Bela\download (3).jpeg; Bela\download (4).jpeg; Bela\download.jpeg,4.4,45.1,Moderate
931,dhodhari,bardiya,Oct–Dec,Rural,Village & Rural Tourism,Hiking,Moderate,Road,28.1700° N,81.7100° E,5,"Dhodhari in Bardiya is a rural municipality known for its agricultural productivity and cultural traditions. It is surrounded by fertile land and rivers, making it suitable for farming. Dhodhari embodies the authentic rhythm of rural Terai life.","From Kathmandu, drive southwest via Mahendra Highway and Bardiya District roads to Dhodhari.",103,Hilly village with peaceful surroundings.,Dho\download (1).jpeg; Dho\download (2).jpeg; Dho\download (3).jpeg; Dho\download (5).jpeg; Dho\download.jpeg,4.3,25.8,Low
932,suryapatawa,bardiya,Oct–Dec,Rural,Village & Rural Tourism,Hiking,Moderate,Road,28.1750° N,81.7150° E,5,"Suryapatawa in Bardiya is a rural settlement named after the sun (“Surya”). It is known for its fertile land, cultural practices, and scenic beauty. The area reflects the harmony of nature and tradition in the Terai.","From Kathmandu, drive southwest via Mahendra Highway and Bardiya District roads to Suryapatawa.",500,Rural area with hills and rivers nearby.,Suryapatawa\download (1).jpeg; Suryapatawa\download (2).jpeg; Suryapatawa\download (3).jpeg; Suryapatawa\download (4).jpeg; Suryapatawa\download.jpeg,4.7,41.6,Moderate
933,khairi chandanpur,bardiya,Oct–Dec,Rural,Village & Rural Tourism,Hiking,Moderate,Road,28.1800° N,81.7200° E,5,"Khairi Chandanpur in Bardiya is a rural municipality with a strong Tharu presence. It is notable for its cultural vibrancy, traditional farming, and proximity to Bardiya National Park. The settlement blends ecology with culture, making it a unique rural hub.","From Kathmandu, drive southwest via Mahendra Highway and Bardiya District roads to Khairi Chandanpur.",600,Settlement with cultural significance and rural landscape.,Khairi Chandanpur\download (1).jpeg; Khairi Chandanpur\download (2).jpeg; Khairi Chandanpur\download (3).jpeg; Khairi Chandanpur\download (5).jpeg; Khairi Chandanpur\download.jpeg,4.4,49.4,Moderate
934,manau,bardiya,Oct–Dec,Rural,Village & Rural Tourism,Hiking,Moderate,Road,28.1850° N,81.7250° E,5,"Manau in Bardiya is a rural settlement near Bardiya National Park. It is known for its eco-tourism potential and Tharu traditions. The area serves as a gateway for visitors exploring wildlife, while also preserving local culture.","From Kathmandu, drive southwest via Mahendra Highway and Bardiya District roads to Manau.",369,Small town with local culture and peaceful rural surroundings.,Manau\download (1).jpeg; Manau\download (2).jpeg; Manau\download (3).jpeg; Manau\download (4).jpeg; Manau\download.jpeg,4.4,49.3,Moderate
935,kohalpur,banke,Oct–Dec,Urban,Urban & Modern Attractions,Sightseeing,Easy,Road,28.1833° N,81.6167° E,5,"Kohalpur in Banke District is a rapidly growing urban center. Located along the East-West Highway, it is a hub for trade, education, and healthcare. Kohalpur connects rural Banke with national markets, making it a strategic town for development and modernization.","From Kathmandu, drive southwest via Mahendra Highway to reach Kohalpur in Banke District.",117,Busy town in Banke district with local markets and connectivity.,Kohalpur\download (1).jpeg; Kohalpur\download (2).jpeg; Kohalpur\download (3).jpeg; Kohalpur\download (5).jpeg; Kohalpur\download.jpeg,4.3,29.3,Low
936,babai,bardiya,Oct–Dec,"River, Scenic",Natural Attractions,"Sightseeing, Fishing",Easy,Road,28.1900° N,81.7300° E,5,"The Babai Valley in Bardiya District is famous for the Babai River, which flows through Bardiya National Park. It is a pristine ecological zone, home to endangered species like tigers, elephants, and gharials. The valley is rich in biodiversity and offers opportunities for eco-tourism, birdwatching, and jungle safaris, making it a natural treasure of western Nepal.","From Kathmandu, drive southwest via Mahendra Highway and Bardiya District roads to Babai.",500,Riverside area known for natural beauty and serene environment.,Babai\download (1).jpeg; Babai\download (2).jpeg; Babai\download (3).jpeg; Babai\download (4).jpeg; Babai\download.jpeg,4.5,23.6,Low
937,kabhrechaur,bardiya,Oct–Dec,Rural,Village & Rural Tourism,Hiking,Moderate,Road,28.1950° N,81.7350° E,5,"Kabhrechaur is a rural settlement in Nepal, often associated with hill farming and traditional lifestyles. Surrounded by terraced fields and forests, it reflects the resilience of mountain communities. The area is culturally vibrant, with Magar and Brahmin-Chhetri traditions shaping daily life.","From Kathmandu, drive west via Prithvi Highway to reach Kabhrechaur.",400,Hilly village with traditional lifestyle and scenic views.,Kabhrechaur\download (1).jpeg; Kabhrechaur\download (2).jpeg; Kabhrechaur\download (3).jpeg; Kabhrechaur\download (5).jpeg; Kabhrechaur\download.jpeg,4.6,47.6,Moderate
938,sahare,bardiya,Oct–Dec,Rural,Village & Rural Tourism,Hiking,Moderate,Road,28.2000° N,81.7400° E,5,"Sahare is a hillside village in Nepal, notable for its agricultural practices and scenic landscapes. It is a quiet settlement where farming and livestock dominate daily life. Sahare embodies the simplicity and authenticity of rural Nepal.","From Kathmandu, drive west via Prithvi Highway to reach Sahare village.",450,Rural settlement surrounded by farmland and greenery.,Sahare\download (1).jpeg; Sahare\download (2).jpeg; Sahare\download (3).jpeg; Sahare\download (4).jpeg; Sahare\download.jpeg,4.3,27.3,Low
939,dasarathpur,bardiya,Oct–Dec,Rural,Village & Rural Tourism,Hiking,Moderate,Road,28.2050° N,81.7450° E,5,"Dasarathpur is a rural locality named after King Dasharath from Hindu mythology. It is known for its temples, cultural festivals, and agricultural lifestyle. The settlement blends spirituality with rural simplicity, offering a glimpse into faith-driven village life","From Kathmandu, drive southwest via Mahendra Highway and Banke/Bardiya District roads to Dasarathpur.",650,Small village with cultural significance and local charm.,Dasarathpur\download (1).jpeg; Dasarathpur\download (2).jpeg; Dasarathpur\download (3).jpeg; Dasarathpur\download (5).jpeg; Dasarathpur\download.jpeg,4.4,39.1,Moderate
940,ramghat,bardiya,Oct–Dec,Scenic,Natural Attractions,Sightseeing,Easy,Road,28.2100° N,81.7500° E,5,"Ramghat is a riverside settlement often associated with Hindu rituals and cremation sites. Located along major rivers, it serves as a spiritual hub where pilgrims gather for religious ceremonies. Ramghat reflects the fusion of faith and nature in Nepal’s cultural landscape.","From Kathmandu, drive southwest via Mahendra Highway to Ramghat area.",129,Riverside area ideal for relaxation and local fishing.,Ramghat\download (1).jpeg; Ramghat\download (2).jpeg; Ramghat\download (3).jpeg; Ramghat\download (4).jpeg; Ramghat\download.jpeg,4.2,32.4,Low
941,satakhani,bardiya,Oct–Dec,Rural,Village & Rural Tourism,Hiking,Moderate,Road,28.2150° N,81.7550° E,5,"Satakhani is a rural settlement in Nepal, characterized by scenic hills, terraced fields, and traditional farming. It is a community where agriculture sustains livelihoods, and festivals strengthen social bonds. Satakhani represents the authentic rhythm of hill life.","From Kathmandu, drive southwest via Mahendra Highway and local Bardiya roads to Satakhani.",131,Hill village with panoramic views of surrounding valleys.,Satakhani\download (1).jpeg; Satakhani\download (2).jpeg; Satakhani\download (3).jpeg; Satakhani\download (5).jpeg; Satakhani\download.jpeg,4.3,32.9,Low
942,uttarganga,bardiya,Oct–Dec,Rural,Village & Rural Tourism,Hiking,Moderate,Road,28.2200° N,81.7600° E,5,"Uttarganga is a locality in Surkhet District, situated along the Uttarganga River. It is known for its fertile land, irrigation systems, and cultural diversity. The settlement reflects the balance of agriculture and community life in western Nepal","From Kathmandu, drive southwest via Mahendra Highway and Bardiya District roads to Uttarganga.",123,Village with agricultural landscapes and rural tranquility.,Uttarganga\download (1).jpeg; Uttarganga\download (2).jpeg; Uttarganga\download (3).jpeg; Uttarganga\download (4).jpeg; Uttarganga\download.jpeg,4.2,31.3,Low
943,ranighat,bardiya,Oct–Dec,Rural,Village & Rural Tourism,Hiking,Moderate,Road,28.2300° N,81.7700° E,5,"Ranighat in Palpa District is famous for the Ranighat Palace, also called Nepal’s “Taj Mahal.” Built in the 19th century by Khadga Shamsher Rana, the palace sits on the banks of the Kali Gandaki River. Though in ruins today, it remains a majestic historical monument, attracting visitors for its architecture and romantic legacy.","From Kathmandu, drive west via Mahendra Highway to Ranighat in Nawalparasi District.",159,Historical site with ruins and scenic landscapes.,Ranighat\download (1).jpeg; Ranighat\download (2).jpeg; Ranighat\download (3).jpeg; Ranighat\download (4).jpeg; Ranighat\download.jpeg,4.4,26.4,Low
944,sunwal,nawalparasi,Oct–Dec,Urban,Urban & Modern Attractions,Sightseeing,Easy,Road,27.9500° N,83.5500° E,5,"Sunwal in Nawalparasi District is a municipal town and industrial hub. Located along the East-West Highway, it is a growing center for trade, manufacturing, and education. Sunwal blends modern development with rural traditions, making it a strategic urban settlement in western Nepal.","From Kathmandu, drive west via Prithvi Highway and Mahendra Highway to Sunwal in Nawalparasi District.",357,Town with cultural sites and access to nearby rivers.,Sunwal\download (1).jpeg; Sunwal\download (2).jpeg; Sunwal\download (3).jpeg; Sunwal\download (5).jpeg; Sunwal\download.jpeg,4.4,36,Moderate
945,siddharthanagar,kapilvastu,Oct–Dec,Urban,Urban & Modern Attractions,Sightseeing,Easy,Road,27.5231° N,83.4167° E,5,"Siddharthanagar, also known as Bhairahawa, is a major city near Lumbini, the birthplace of the Buddha. It serves as a gateway for pilgrims visiting Lumbini and is a bustling trade hub near the Indian border. Siddharthanagar is both a religious entry point and modern urban center.","From Kathmandu, drive west via Mahendra Highway to Siddharthanagar in Rupandehi District.",654,Gateway to Lumbini with commercial and cultural attractions.,Siddharthanagar\download (1).jpeg; Siddharthanagar\download (2).jpeg; Siddharthanagar\download (3).jpeg; Siddharthanagar\download (4).jpeg; Siddharthanagar\download.jpeg,4,40.7,Moderate
946,bisunpura,kapilvastu,Oct–Dec,Rural,Village & Rural Tourism,Hiking,Moderate,Road,27.5250° N,83.4200° E,5,"Bisunpura is a rural settlement in Nepal, characterized by fertile plains and traditional farming. It reflects the everyday rhythm of Terai life, where agriculture dominates and festivals bring communities together.","From Kathmandu, drive west via Mahendra Highway to Bisunpura in Bardiya District.",321,Quiet village with lush greenery and agricultural fields.,Bisunpura\download (1).jpeg; Bisunpura\download (2).jpeg; Bisunpura\download (3).jpeg; Bisunpura\download (5).jpeg; Bisunpura\download.jpeg,4.3,33.3,Low
947,rudrapur,kapilvastu,Oct–Dec,Rural,Village & Rural Tourism,Hiking,Moderate,Road,27.5300° N,83.4250° E,5,"Rudrapur in Rupandehi District is a rural municipality known for its agriculture and cultural diversity. It is surrounded by fertile land and rivers, making it suitable for farming. Rudrapur embodies the authentic lifestyle of Terai communities.","From Kathmandu, drive west via Mahendra Highway to reach Rudrapur in Bardiya District.",106,Riverside village with small temples and local markets.,Rudrapur\download (1).jpeg; Rudrapur\download (2).jpeg; Rudrapur\download (3).jpeg; Rudrapur\download (4).jpeg; Rudrapur\download.jpeg,4.6,26.6,Low
948,balarampur,kapilvastu,Oct–Dec,Rural,Village & Rural Tourism,Hiking,Moderate,Road,27.5350° N,83.4300° E,5,"Balarampur is a settlement named after Lord Balaram, reflecting its spiritual heritage. It is a quiet village where temples and rituals play a central role in community life. Balarampur blends faith with rural simplicity.","From Kathmandu, drive west via Mahendra Highway to Balarampur in Bardiya District.",138,Rural town with traditional lifestyle and hill views.,Balarampur\download (1).jpeg; Balarampur\download (2).jpeg; Balarampur\download (3).jpeg; Balarampur\download (5).jpeg; Balarampur\download.jpeg,4.3,34.6,Low
949,limi,humla,Jun–Sep,"Rural, Scenic",Natural Attractions,"Trekking, Cultural Exploration",Hard,"Foot, Helicopter",30.0921,81.4234,6,"The Limi Valley in Humla District is one of Nepal’s most remote and culturally unique regions. Influenced by Tibetan traditions, it is home to monasteries, prayer flags, and yak caravans. The valley offers breathtaking Himalayan views and is a living museum of Tibetan-Nepali culture.","From Kathmandu, fly to Simikot and trek northwest to reach Limi Valley.",125,Remote Himalayan valley with stunning landscapes and Tibetan culture.,Limi\download (1).jpeg; Limi\download (2).jpeg; Limi\download (3).jpeg; Limi\download (4).jpeg; Limi\download.jpeg,4.7,30.5,Low
950,hepka,humla,Jun–Sep,"Rural, Scenic",Natural Attractions,"Trekking, Cultural Exploration",Hard,Foot,30.0456,81.5123,6,"Hepka in Humla District is a high-altitude village surrounded by rugged mountains. It is known for its Tibetan-influenced culture, traditional farming, and yak herding. Hepka reflects the resilience of Himalayan communities living in isolation.","From Kathmandu, fly to Simikot and trek northwest through Limi to reach Hepka.",136,Small high-altitude village with traditional Tibetan lifestyle.,Hepka\download (1).jpeg; Hepka\download (2).jpeg; Hepka\download (3).jpeg; Hepka\download (5).jpeg; Hepka\download.jpeg,4.7,25.3,Low
951,muchu,humla,Jun–Sep,"Rural, Scenic",Natural Attractions,"Trekking, Cultural Exploration",Moderate,Foot,29.9765,81.5945,6,"Muchu in Humla is a remote settlement along the Karnali River. It is culturally rich, with Tibetan Buddhist traditions shaping daily life. Muchu serves as a gateway to the Limi Valley and embodies the fusion of spirituality and highland survival.","From Kathmandu, fly to Simikot and trek through Limi Valley to reach Muchu.",70,Remote settlement with trekking access and Himalayan scenery.,Muchu\download (1).jpeg; Muchu\download (2).jpeg; Muchu\download (3).jpeg; Muchu\download (4).jpeg; Muchu\download.jpeg,4.5,17.7,Low
952,simikot,humla,Mar–Oct,"Urbanic, Scenic",Natural Attractions,"Trekking, Cultural Exploration",Moderate,"Road, Air",29.9444,81.7861,6,"Simikot is the district headquarters of Humla and a gateway to Mount Kailash in Tibet. Located at 2,910 meters, it is a hub for trekking, trade, and cultural exchange. Simikot blends modern administration with traditional Himalayan lifestyles, making it a strategic and cultural center.","From Kathmandu, take a domestic flight to Simikot in Humla District.",250,Gateway to Humla trekking region with local markets and mountains.,Simikot\download (1).jpeg; Simikot\download (2).jpeg; Simikot\download (3).jpeg; Simikot\download (5).jpeg; Simikot\download.jpeg,4.3,33.4,Low
953,raha,dolpa,Mar–Nov,"Rural, Scenic",Natural Attractions,"Trekking, Cultural Exploration",Moderate,"Road, Foot",29.4381,82.8145,6,"Raha is a rural settlement in Humla, characterized by highland farming and Tibetan-influenced culture. It is a quiet village where agriculture and spirituality coexist, reflecting the authentic rhythm of Himalayan life","From Kathmandu, fly to Simikot and trek to Raha in Humla District.",350,Small Himalayan village with serene surroundings.,Bajraha\download (1).jpeg; Bajraha\download (2).jpeg; Bajraha\download (5).jpeg; Bajraha\download.jpeg; Bajraha\images.jpeg,4.4,43.3,Moderate
954,bhandarlek,jajarkot,Mar–Nov,"Rural, Scenic",Natural Attractions,"Trekking, Cultural Exploration",Moderate,"Road, Foot",28.1333,81.7333,6,"Bhandarlek in Humla is a remote highland settlement surrounded by mountains and rivers. It is known for its traditional lifestyles, yak herding, and cultural resilience. Bhandarlek embodies the isolation and beauty of Himalayan communities.","From Kathmandu, fly to Simikot and trek to Bhandarlek in Humla District.",330,"Village with rivers and farmland, ideal for rural exploration.",Bhandarlek\download (1).jpeg; Bhandarlek\download (2).jpeg; Bhandarlek\download (3).jpeg; Bhandarlek\download (5).jpeg; Bhandarlek\download.jpeg,4.2,37.8,Moderate
955,kharpunath,humla,Jun–Sep,"Religious, Scenic",Natural Attractions,"Pilgrimage, Trekking",Hard,Foot,30.075,81.5678,6,"Kharpunath in Humla is named after the Kharpunath Temple, a sacred Hindu site. It is a spiritual hub where pilgrims gather for rituals along the Karnali River. The area blends Hindu traditions with Himalayan culture, making it a unique religious settlement.","From Kathmandu, fly to Simikot and trek to Kharpunath area in Humla District.",62,Remote hilly settlement near the Tibetan border.,Kharpunath\download (1).jpeg; Kharpunath\download (2).jpeg; Kharpunath\download (3).jpeg; Kharpunath\download (4).jpeg; Kharpunath\download.jpeg,4.8,15.7,Low
956,mangri,mugu,Mar–Nov,"Rural, Scenic",Natural Attractions,"Trekking, Cultural Exploration",Moderate,"Road, Foot",29.4542,81.6303,6,"Mangri in Humla District is a rural settlement with strong Tibetan cultural influences. It is surrounded by mountains and valleys, offering scenic beauty and cultural depth. Mangri reflects the fusion of spirituality, tradition, and natural resilience in the Himalayas.","From Kathmandu, fly to Simikot and trek to Mangri in Humla District.",112,Peaceful village with traditional culture and mountain views.,Mangri\download (1).jpeg; Mangri\download (2).jpeg; Mangri\download (3).jpeg; Mangri\download (5).jpeg; Mangri\download.jpeg,4.3,28.2,Low
957,mugu,mugu,Mar–Nov,"Urbanic, Scenic",Natural Attractions,"Trekking, Cultural Exploration",Moderate,"Road, Foot",29.3328,81.6348,6,"Mugu District in Karnali Province is one of Nepal’s most remote and rugged regions. It is famous for its high-altitude landscapes, traditional villages, and the pristine Rara Lake. The district is sparsely populated, with communities relying on subsistence farming and yak herding. Mugu embodies the raw beauty and isolation of western Nepal, making it a destination for adventurous travelers.","From Kathmandu, drive or fly to Gamgadi and then travel locally to Mugu District.From Kathmandu, fly to Nepalgunj, then to Gamgadi or Talcha Airport and drive locally to Mugu District.",500,District known for Rara Lake and high-altitude landscapes. District headquarters near Rara Lake with local markets.,Mugu\Mugu 1.1.jpeg; Mugu\Mugu 1.10.jpeg; Mugu\Mugu 1.2.jpeg; Mugu\Mugu 1.3.jpeg; Mugu\Mugu 1.4.jpeg; Mugu\Mugu 1.5.jpeg; Mugu\Mugu 1.6.jpeg; Mugu\Mugu 1.7.jpeg; Mugu\Mugu 1.8.jpeg; Mugu\Mugu 1.9.jpeg,4.1,38,Moderate
958,shreenagar,surkhet,Sep–Nov,"Rural, Scenic",Natural Attractions,"Trekking, Cultural Exploration",Moderate,Road,28.5992,81.6223,6,"Shreenagar in Mugu is a hillside settlement offering panoramic views of Rara Lake and surrounding mountains. It serves as a base for trekkers and visitors exploring the region. The area is culturally vibrant, with local festivals and traditions reflecting the resilience of Himalayan communities.","From Kathmandu, drive or fly to Mugu District and then reach Shreenagar via local roads.",400,Rural settlement with local culture and farmland.,Shreenagar\download (1).jpeg; Shreenagar\download (2).jpeg; Shreenagar\download (3).jpeg; Shreenagar\download (4).jpeg; Shreenagar\download.jpeg,4,26.5,Low
959,maila,surkhet,Sep–Nov,"Rural, Scenic",Natural Attractions,"Trekking, Cultural Exploration",Moderate,Road,28.55,81.65,6,"Maila is a rural village in Mugu, characterized by traditional farming and highland lifestyles. It is surrounded by terraced fields and forests, offering scenic beauty alongside cultural depth. Maila reflects the authentic rhythm of Himalayan rural life","From Kathmandu, drive or fly to Mugu District and reach Maila via local trails.",450,Small village in hilly terrain with traditional lifestyle.,Maila\download (1).jpeg; Maila\download (2).jpeg; Maila\download (3).jpeg; Maila\download (5).jpeg; Maila\download.jpeg,4.3,39.3,Moderate
960,birat,dailekh,Mar–Nov,"Rural, Scenic",Natural Attractions,"Trekking, Cultural Exploration",Moderate,Road,29.05,81.5,6,Birat is a settlement in Mugu known for its agricultural practices and communal traditions. It is a quiet village where farming and livestock dominate daily life. Birat embodies the simplicity and resilience of mountain communities.,"From Kathmandu, drive or fly to Mugu District and then travel locally to Birat village.",650,Scenic village with agricultural landscapes.,Birat\download (1).jpeg; Birat\download (2).jpeg; Birat\download (3).jpeg; Birat\download (4).jpeg; Birat\download.jpeg,4.2,39.3,Moderate
961,kalai,dailekh,Mar–Nov,"Rural, Scenic",Natural Attractions,"Trekking, Cultural Exploration",Moderate,Road,29.1,81.55,6,"Kalai is a rural locality in Mugu, notable for its scenic landscapes and traditional Magar culture. Surrounded by hills and rivers, it offers a peaceful retreat for those seeking to experience authentic highland life.","From Kathmandu, drive or fly to Mugu District and reach Kalai via local roads.",117,Rural settlement with rivers and traditional culture.,Kalai\download (1).jpeg; Kalai\download (2).jpeg; Kalai\download (3).jpeg; Kalai\download (5).jpeg; Kalai\download.jpeg,4.5,29.3,Low
962,rara,mugu,Mar–Nov,"Scenic, Lakes",Natural Attractions,"Boating, Trekking",Moderate,Road,29.3775,81.5333,6,"Rara Lake, located in Mugu, is Nepal’s largest and deepest freshwater lake at an altitude of 2,990 meters. Surrounded by Rara National Park, it is a biodiversity hotspot with rare flora and fauna. The lake is often called the “Pearl of Nepal” for its breathtaking beauty, reflecting snow-capped peaks and lush forests. It is a premier destination for eco-tourism and trekking.","From Kathmandu, fly to Nepalgunj, then take a domestic flight to Talcha Airport to reach Rara Lake.From Kathmandu, fly to Nepalgunj, then take a domestic flight to Talcha Airport and drive or trek to Rara Lake.",2222,"Famous for Rara Lake, the largest lake in Nepal, and surrounding national park. Iconic lake with pristine beauty and surrounding national park.",Chhayanath Rara\download (1).jpeg; Chhayanath Rara\download (2).jpeg; Chhayanath Rara\download (3).jpeg; Chhayanath Rara\download (4).jpeg; Chhayanath Rara\download.jpeg,4.5,88.5,Very High
963,chandannath,dailekh,Mar–Nov,"Religious, Scenic",Natural Attractions,"Pilgrimage, Cultural Exploration",Moderate,Road,29.1,81.45,6,"Chandannath in Jumla District is famous for the Chandannath Temple, dedicated to Lord Shiva. The temple is a major pilgrimage site, attracting devotees during festivals like Shivaratri. Chandannath blends spirituality with Himalayan culture, making it a religious and cultural hub.","From Kathmandu, drive west via Mahendra Highway and Karnali Highway to reach Chandannath in Jumla District.",123,Town near Rara Lake with local market and traditional charm.,Chandannath Temple\Chandannath Temple 1.1.jpeg; Chandannath Temple\Chandannath Temple 1.10.jpeg; Chandannath Temple\Chandannath Temple 1.2.jpeg; Chandannath Temple\Chandannath Temple 1.3.jpeg; Chandannath Temple\Chandannath Temple 1.4.jpeg; Chandannath Temple\Chandannath Temple 1.5.jpeg; Chandannath Temple\Chandannath Temple 1.6.jpeg; Chandannath Temple\Chandannath Temple 1.7.jpeg; Chandannath Temple\Chandannath Temple 1.8.jpeg; Chandannath Temple\Chandannath Temple 1.9.jpeg,4.4,27.2,Low
964,shey phoksundo np,dolpa,Mar–Nov,"Scenic, Nature",Natural Attractions,"Trekking, Wildlife Viewing",Hard,"Road, Foot",28,82.8,6,"Shey Phoksundo National Park in Dolpa is Nepal’s largest national park, covering 3,555 square kilometers. It is home to Phoksundo Lake, snow leopards, blue sheep, and Tibetan-influenced communities. The park is renowned for its dramatic landscapes, monasteries, and biodiversity, making it a cultural and ecological treasure.","From Kathmandu, fly to Nepalgunj, then to Juphal Airport and trek to Shey Phoksundo National Park.",258,Stunning national park with turquoise lakes and Himalayan peaks.,,4.6,28.7,Low
965,kanjeralwa,dailekh,Mar–Nov,"Rural, Scenic",Natural Attractions,"Trekking, Cultural Exploration",Moderate,Road,29.2,81.6,6,"Kanjeralwa Himal is a peak in Dolpa, rising to 6,883 meters. It is part of the Dhaulagiri range and offers breathtaking views of surrounding valleys. The mountain is sacred to local communities and remains relatively unexplored, symbolizing the untouched grandeur of the Himalayas.","From Kathmandu, fly to Talcha Airport and trek to Kanjeralwa in Mugu District.",159,Remote area with traditional village life and mountain views.,Kanjeralwa\download (1).jpeg; Kanjeralwa\download (2).jpeg; Kanjeralwa\download (3).jpeg; Kanjeralwa\download (4).jpeg; Kanjeralwa\download.jpeg,4,26.5,Low
966,phoksundo,dolpa,Mar–Nov,"Scenic, Nature",Natural Attractions,"Trekking, Wildlife Viewing",Hard,"Road, Foot",28,82.8,6,"Phoksundo Lake in Dolpa is Nepal’s deepest lake, located at 3,611 meters. Its turquoise waters are surrounded by cliffs and forests, creating a surreal landscape. The lake is sacred to Buddhists and Bon practitioners, with monasteries nearby. Phoksundo is both a spiritual sanctuary and natural wonder.","From Kathmandu, fly to Nepalgunj, then Talcha Airport and trek to Phoksundo Lake.From Kathmandu, fly to Nepalgunj, then Talcha Airport and trek to Phoksundo Lake in Shey Phoksundo NP.",357,Beautiful lake area within Shey Phoksundo National Park. Crystal-clear lake within Shey Phoksundo National Park.,Shey Phoksundo Lake\Shey Phoksundo Lake 1.1.jpeg; Shey Phoksundo Lake\Shey Phoksundo Lake 1.10.jpeg; Shey Phoksundo Lake\Shey Phoksundo Lake 1.2.jpeg; Shey Phoksundo Lake\Shey Phoksundo Lake 1.3.jpeg; Shey Phoksundo Lake\Shey Phoksundo Lake 1.4.jpeg; Shey Phoksundo Lake\Shey Phoksundo Lake 1.5.jpeg; Shey Phoksundo Lake\Shey Phoksundo Lake 1.6.jpeg; Shey Phoksundo Lake\Shey Phoksundo Lake 1.7.jpeg; Shey Phoksundo Lake\Shey Phoksundo Lake 1.8.jpeg; Shey Phoksundo Lake\Shey Phoksundo Lake 1.9.jpeg,4.7,19,Low
967,dho,dolpa,Mar–Nov,"Rural, Scenic",Natural Attractions,"Trekking, Cultural Exploration",Moderate,"Road, Foot",28,82.8,6,"Dho Tarap in Dolpa is a high-altitude valley settlement at 4,080 meters. It is one of the highest human settlements in Nepal, known for its Tibetan Buddhist culture, monasteries, and yak caravans. Dho Tarap reflects the resilience of Himalayan communities living in isolation.","From Kathmandu, fly to Nepalgunj and then Talcha Airport, followed by trekking to Dho village.",134,Small village with scenic surroundings in Dolpa district.,Dho\download (1).jpeg; Dho\download (2).jpeg; Dho\download (3).jpeg; Dho\download (5).jpeg; Dho\download.jpeg,4.1,33.5,Low
968,lawan,humla,Jun–Sep,"Rural, Scenic",Natural Attractions,"Trekking, Cultural Exploration",Hard,Foot,30,81.5,6,"Lawan is a rural settlement in Dolpa, characterized by highland farming and Tibetan-influenced traditions. It is a quiet village where agriculture and spirituality coexist, reflecting the authentic rhythm of Himalayan life","From Kathmandu, fly to Nepalgunj, then Talcha Airport and trek to Lawan village.",321,Hilltop settlement with panoramic mountain views.,Lawan\download (1).jpeg; Lawan\download (2).jpeg; Lawan\download (3).jpeg; Lawan\download (4).jpeg; Lawan\download.jpeg,4.6,25,Low
969,jufai,humla,Jun–Sep,"Rural, Scenic",Natural Attractions,"Trekking, Cultural Exploration",Hard,Foot,30.05,81.55,6,"Jufai is a small settlement in Dolpa, notable for its traditional lifestyles and scenic landscapes. It is surrounded by mountains and valleys, offering cultural depth and natural beauty.","From Kathmandu, fly to Nepalgunj and Talcha Airport, then trek to Jufai village.",125,Quiet village surrounded by forests and hills.,Jufai\download (1).jpeg; Jufai\download (2).jpeg; Jufai\download (3).jpeg; Jufai\download (5).jpeg; Jufai\download.jpeg,4.6,31.3,Low
970,dunai,dolpa,Mar–Nov,"Rural, Scenic",Natural Attractions,"Trekking, Cultural Exploration",Moderate,Road,28,82.8,6,"Dunai is the district headquarters of Dolpa, located along the Thuli Bheri River. It serves as a gateway to Shey Phoksundo National Park and trekking routes. Dunai blends modern administration with traditional Himalayan culture, making it a strategic and cultural center.","From Kathmandu, fly to Dhangadhi or Nepalgunj, then travel by road to Dunai in Dolpa District.",87,District headquarters of Dolpa with cultural and natural attractions.,Dunai\download (1).jpeg; Dunai\download (2).jpeg; Dunai\download (3).jpeg; Dunai\download (4).jpeg; Dunai\download.jpeg,4.4,21.8,Low
971,hiunchuli,humla,Jun–Sep,"Scenic, Mountains",Natural Attractions,"Trekking, Mountaineering",Hard,Foot,30.1,81.6,6,"Hiunchuli is a peak in the Annapurna range, rising to 6,441 meters. It is part of the trekking circuit near Annapurna Base Camp. The mountain is challenging to climb and offers stunning views of Machhapuchhre and Annapurna South. Hiunchuli symbolizes the majesty of Nepal’s Himalayan peaks.","From Kathmandu, drive or trek via Pokhara to Annapurna Base Camp area to view Hiunchuli.",125,Himalayan peak offering trekking and mountaineering experiences.,Hiunchuli\download (1).jpeg; Hiunchuli\download (2).jpeg; Hiunchuli\download (3).jpeg; Hiunchuli\download (5).jpeg; Hiunchuli\download.jpeg,4.6,16.4,Low
972,sakala,humla,Jun–Sep,"Rural, Scenic",Natural Attractions,"Trekking, Cultural Exploration",Hard,Foot,30.15,81.65,6,"Sakala is a rural settlement in Dolpa, known for its traditional farming and Tibetan Buddhist culture. It is a quiet village surrounded by mountains, reflecting the resilience of highland communities.","From Kathmandu, drive west via Mahendra Highway and Karnali Highway to reach Sakala village.",136,Village with traditional lifestyle and natural scenery.,Sakala\download (1).jpeg; Sakala\download (2).jpeg; Sakala\download (3).jpeg; Sakala\download (4).jpeg; Sakala\download.jpeg,4.6,16.6,Low
973,guthichaur,dailekh,Mar–Nov,"Rural, Scenic",Natural Attractions,"Trekking, Cultural Exploration",Moderate,Road,29.2,81.7,6,"Guthichaur in Jumla District is a fertile valley famous for its apple orchards and agricultural productivity. It is a hub of Jumla’s economy, producing apples, beans, and barley. Guthichaur embodies the fusion of natural abundance and rural livelihoods.","From Kathmandu, drive west via Mahendra Highway and Karnali Highway to reach Guthichaur in Jumla District.",652,Rural settlement with hilly terrain and local culture.,Guthichaur\download (1).jpeg; Guthichaur\download (2).jpeg; Guthichaur\download (3).jpeg; Guthichaur\download (5).jpeg; Guthichaur\download.jpeg,4.5,43.6,Moderate
974,manma,kalikot,Mar–Nov,"Rural, Scenic",Natural Attractions,"Trekking, Cultural Exploration",Moderate,Road,29.3,81.8,6,"Manma is the district headquarters of Kalikot, perched on a hillside overlooking the Karnali River. It is a growing administrative and trade center, blending modern development with traditional culture. Manma serves as a gateway to Karnali’s remote districts.","From Kathmandu, fly to Nepalgunj and then to Talcha Airport or road to reach Manma in Kalikot District.",250,Administrative center of Kalikot district with markets and local services.,Manma\download (1).jpeg; Manma\download (2).jpeg; Manma\download (3).jpeg; Manma\download (4).jpeg; Manma\download.jpeg,4.4,22.7,Low
975,saldang,dolpa,Mar–Nov,"Rural, Scenic",Natural Attractions,"Trekking, Cultural Exploration",Moderate,Road,28,82.8,6,"Saldang in Dolpa is a high-altitude village at 3,620 meters, known for its Tibetan Buddhist monasteries and caravan trade routes. It is one of the largest villages in Upper Dolpa, reflecting the fusion of spirituality, tradition, and survival in the Himalayas.","From Kathmandu, fly to Nepalgunj, then drive and trek via Rara and Dolpa regions to Saldang.",350,Remote high-altitude village with Tibetan culture.,Dang\Dang 1.1.jpeg; Dang\Dang 1.10.jpeg; Dang\Dang 1.2.jpeg; Dang\Dang 1.3.jpeg; Dang\Dang 1.4.jpeg; Dang\Dang 1.5.jpeg; Dang\Dang 1.6.jpeg; Dang\Dang 1.7.jpeg; Dang\Dang 1.8.jpeg; Dang\Dang 1.9.jpeg,4.1,24.1,Low
976,tinje,dolpa,Mar–Nov,"Rural, Scenic",Natural Attractions,"Trekking, Cultural Exploration",Moderate,Road,28,82.8,6,"Tinje in Dolpa is a remote settlement surrounded by mountains and valleys. It is culturally rich, with Tibetan Buddhist traditions shaping daily life. Tinje embodies the isolation and beauty of Himalayan communities.","From Kathmandu, fly to Nepalgunj or Simikot and trek to Tinje in Dolpa District.",330,Himalayan village with trekking access and scenic landscapes.,Tinje\download (1).jpeg; Tinje\download (2).jpeg; Tinje\download (3).jpeg; Tinje\download (4).jpeg; Tinje\download.jpeg,4.4,38.5,Moderate
977,bhalu lek,dailekh,Mar–Nov,"Rural, Scenic",Natural Attractions,"Trekking, Cultural Exploration",Moderate,Road,29.25,81.75,6,"Bhalu Lek in Dailekh District is a scenic hilltop area offering panoramic views of the Himalayas and mid-hills. It is known for its forests, biodiversity, and cultural vibrancy. Bhalu Lek is a popular destination for trekking and local tourism.","From Kathmandu, fly to Nepalgunj, then to Talcha Airport, and trek to Bhalu Lek.",92,Small settlement with forests and mountain views.,Bhalu Lek\download (1).jpeg; Bhalu Lek\download (2).jpeg; Bhalu Lek\download (3).jpeg; Bhalu Lek\download (5).jpeg; Bhalu Lek\download.jpeg,4,23.1,Low
978,dullu,dailekh,Mar–Nov,"Rural, Scenic",Natural Attractions,"Trekking, Cultural Exploration",Moderate,Road,29.3,81.8,6,"Dullu in Dailekh District is a historic town known for its ancient temples and cultural heritage. It was once a capital of the Khas Malla Kingdom, with archaeological remains still visible. Dullu blends history with rural life, making it a living museum of western Nepal.","From Kathmandu, drive west via Prithvi Highway and Karnali Highway to Dullu in Dailekh District.",104,Historic town with cultural significance and hilltop views.,Dullu\download (1).jpeg; Dullu\download (2).jpeg; Dullu\download (3).jpeg; Dullu\download (4).jpeg; Dullu\download.jpeg,4.4,26,Low
979,narayan municipality,dailekh,Mar–Nov,"Urbanic, Scenic",Natural Attractions,"Trekking, Cultural Exploration",Moderate,Road,29.35,81.85,6,"Narayan Municipality in Dailekh is an administrative and cultural hub. It is home to temples, markets, and schools, serving as a center of governance for the district. Narayan reflects the blend of tradition and modernity in western Nepal","From Kathmandu, drive west via Prithvi Highway and Karnali Highway to reach Narayan Municipality in Dailekh District.",131,District headquarters with temples and local markets.,Narayan Municipality\download (1).jpeg; Narayan Municipality\download (2).jpeg; Narayan Municipality\download (3).jpeg; Narayan Municipality\download (5).jpeg; Narayan Municipality\download.jpeg,4.4,32.9,Low
980,daha,dailekh,Mar–Nov,"Rural, Scenic",Natural Attractions,"Trekking, Cultural Exploration",Moderate,Road,29.4,81.9,6,"Daha is a rural settlement in Dailekh, characterized by traditional farming and communal traditions. It is a quiet village where agriculture dominates daily life, reflecting the authentic rhythm of hill communities","From Kathmandu, drive west via Karnali Highway to reach Daha village.",980,Village with serene rural landscapes.,Badahara\download (1).jpeg; Badahara\download (2).jpeg; Badahara\download (4).jpeg; Badahara\download.jpeg; Badahara\images.jpeg,3.9,37.2,Moderate
981,hiunchuli patan,humla,Jun–Sep,"Scenic, Mountains",Natural Attractions,"Trekking, Mountaineering",Hard,Foot,30.2,81.7,6,"Hiunchuli Patan is a highland plateau near the Annapurna region, offering panoramic views of snow-capped peaks and valleys. It is a grazing area for livestock and a trekking destination, embodying the fusion of natural beauty and rural livelihoods.","From Kathmandu, drive or trek via Pokhara to Hiunchuli Patan near Annapurna region.",115,Scenic settlement near Hiunchuli peak.,Hiunchuli\download (1).jpeg; Hiunchuli\download (2).jpeg; Hiunchuli\download (3).jpeg; Hiunchuli\download (5).jpeg; Hiunchuli\download.jpeg,4.6,28.8,Low
982,khalanga,kalikot,Mar–Nov,"Rural, Scenic",Natural Attractions,"Trekking, Cultural Exploration",Moderate,Road,29.5,81.95,6,"Khalanga is the administrative center of districts like Jumla and Jajarkot in Karnali Province. It serves as a hub for governance, trade, and culture, surrounded by hills and rivers. Khalanga blends modern administration with traditional lifestyles, making it a gateway to remote Himalayan communities.","From Kathmandu, drive west via Mahendra Highway to reach Khalanga in Jumla District.",500,District headquarters with administrative and cultural importance.,Khalanga\download (1).jpeg; Khalanga\download (2).jpeg; Khalanga\download (3).jpeg; Khalanga\download (4).jpeg; Khalanga\download.jpeg,4.3,16.4,Low
983,jhula,kalikot,Mar–Nov,"Rural, Scenic",Natural Attractions,"Trekking, Cultural Exploration",Moderate,Road,29.55,81.95,6,Jhula is a locality often associated with suspension bridges (“jhula”) that connect villages across rivers. These bridges are vital for transportation in rugged terrain and symbolize resilience. Jhula reflects the engineering ingenuity and communal spirit of rural Nepal.,"From Kathmandu, drive west via Mahendra Highway and Karnali Highway to reach Jhula village.",109,Riverside village with scenic views and local life.,Banarjhula\download (1).jpeg; Banarjhula\download (2).jpeg; Banarjhula\download (3).jpeg; Banarjhula\download (4).jpeg; Banarjhula\download.jpeg,4.3,27.3,Low
984,sima,kalikot,Mar–Nov,"Rural, Scenic",Natural Attractions,"Trekking, Cultural Exploration",Moderate,Road,29.6,81.95,6,"Sima in Jumla District is a rural settlement characterized by traditional farming and highland culture. Surrounded by terraced fields and forests, it offers scenic beauty alongside cultural depth. Sima embodies the authentic rhythm of Himalayan rural life.","From Kathmandu, drive west via Mahendra Highway and Karnali Highway to Sima village.",369,Hilltop settlement with traditional Himalayan culture.,Sima\download (1).jpeg; Sima\download (2).jpeg; Sima\download (3).jpeg; Sima\download (4).jpeg; Sima\download.jpeg,4.1,41.2,Moderate
985,birendranagar,surkhet,Sep–Nov,"Urbanic, Scenic",Natural Attractions,"Trekking, Cultural Exploration",Moderate,Road,28.6,81.6167,6,"Birendranagar in Surkhet District is the provincial capital of Karnali Province. It is a planned city with modern infrastructure, educational institutions, and trade hubs. Birendranagar blends development with cultural diversity, serving as a strategic gateway to western Nepal.","From Kathmandu, drive west via Mahendra Highway and Surkhet Valley roads to reach Birendranagar.",61,Capital of Surkhet district with markets and access to hills.,Birendranagar\download (1).jpeg; Birendranagar\download (2).jpeg; Birendranagar\download (3).jpeg; Birendranagar\download (5).jpeg; Birendranagar\download.jpeg,4.2,15.3,Low
986,sharada,surkhet,Sep–Nov,"Rural, Scenic",Natural Attractions,"Trekking, Cultural Exploration",Moderate,Road,28.67,81.62,6,"Sharada Municipality in Salyan District is named after the goddess Saraswati (Sharada). It is a cultural and administrative hub, with temples, schools, and markets shaping community life. The area blends spirituality with rural traditions.","From Kathmandu, drive west via Mahendra Highway and Karnali Highway to reach Sharada in Jumla District.",400,"Village with forests, hills, and local culture.",,4.3,41.6,Moderate
987,bulbule lake,surkhet,Mar–Nov,"Scenic, Nature",Natural Attractions,"Boating, Photography",Moderate,Road,28.6,81.6,6,"Bulbule Lake in Surkhet is a spring-fed pond, famous for its bubbling water sources. It is a popular picnic spot and cultural landmark, surrounded by greenery. The lake symbolizes the fusion of nature and community recreation.","From Kathmandu, drive west via Mahendra Highway and Karnali Highway to reach Bulbule Lake.",450,Picturesque lake near Pokhara popular for relaxation.,Bulbule Lake\Bulbule Lake 1.1.jpeg; Bulbule Lake\Bulbule Lake 1.10.jpeg; Bulbule Lake\Bulbule Lake 1.2.jpeg; Bulbule Lake\Bulbule Lake 1.3.jpeg; Bulbule Lake\Bulbule Lake 1.4.jpeg; Bulbule Lake\Bulbule Lake 1.5.jpeg; Bulbule Lake\Bulbule Lake 1.6.jpeg; Bulbule Lake\Bulbule Lake 1.7.jpeg; Bulbule Lake\Bulbule Lake 1.8.jpeg; Bulbule Lake\Bulbule Lake 1.9.jpeg,4.1,44.5,Moderate
988,sinja valley,jumla,Apr–Oct,"Historical, Trekking",Trekking & Adventure,"Cultural Exploration, Trekking",Moderate,"Road, Foot",29.3,82.1,6,"Sinja Valley in Jumla is an archaeological and cultural treasure, recognized as the birthplace of the Nepali (Khas) language. Ancient ruins, temples, and inscriptions highlight its historical importance. Sinja Valley is a UNESCO tentative World Heritage Site, blending history with natural beauty.","From Kathmandu, drive west via Prithvi Highway and Karnali Highway to reach Sinja Valley in Jumla District.",650,Historic valley known as the birthplace of the Nepali language.,Sinja Valley\Sinja Valley 1.1.jpeg; Sinja Valley\Sinja Valley 1.10.jpeg; Sinja Valley\Sinja Valley 1.2.jpeg; Sinja Valley\Sinja Valley 1.3.jpeg; Sinja Valley\Sinja Valley 1.4.jpeg; Sinja Valley\Sinja Valley 1.5.jpeg; Sinja Valley\Sinja Valley 1.6.jpeg; Sinja Valley\Sinja Valley 1.7.jpeg; Sinja Valley\Sinja Valley 1.8.jpeg; Sinja Valley\Sinja Valley 1.9.jpeg,4.7,56.2,Moderate
989,panchakoshi area,surkhet,Mar–Nov,"Religious, Scenic",Natural Attractions,"Pilgrimage, Nature Walks",Moderate,Road,28.7,81.7,6,"The Panchakoshi pilgrimage area in Karnali is a sacred circuit of five temples dedicated to Hindu deities. Pilgrims walk the circuit during festivals, reflecting deep spiritual traditions. Panchakoshi embodies the fusion of faith, culture, and landscape.","From Kathmandu, drive west via Mahendra Highway and Karnali Highway to reach Panchakoshi area.",900,Sacred pilgrimage route with religious significance.,,3.9,44.5,Moderate
990,kakrebihar,surkhet,Mar–Nov,"Religious, Scenic",Natural Attractions,"Pilgrimage, Photography",Moderate,Road,28.65,81.75,6,Kakrebihar in Surkhet is a Buddhist monument dating back to the 12th century. The stone ruins of a pagoda-style temple highlight the region’s Buddhist heritage. Kakrebihar is both a historical site and spiritual landmark.,"From Kathmandu, drive west via Mahendra Highway and Karnali Highway to Kakrebihar Temple in Bajura.",74,Ancient Buddhist monastery with historic architecture.,,4.1,18.5,Low
991,bheri river,dailekh,Mar–Nov,"Adventure, Scenic",Natural Attractions,"Rafting, Fishing",Moderate,Road,29.4,81.6,6,"The Bheri River flows through Surkhet and Bardiya, joining the Karnali River. It is vital for irrigation, hydropower, and rafting tourism. The river is culturally significant, with settlements along its banks relying on its resources. Bheri represents the lifeline of western Nepal.","From Kathmandu, drive west via Mahendra Highway and Karnali Highway to reach the Bheri River in Surkhet/Jumla area.",123,Scenic river ideal for rafting and fishing.,Bheri River\download (1).jpeg; Bheri River\download (2).jpeg; Bheri River\download (3).jpeg; Bheri River\download (5).jpeg; Bheri River\download.jpeg,4.2,29.7,Low
992,chhayanath rara,jajarkot,Mar–Nov,"Scenic, Nature",Natural Attractions,"Boating, Trekking",Moderate,Road,29.25,81.5,6,"Chhayanath Rara Municipality in Mugu is named after Rara Lake and the Chhayanath Temple. It is a cultural and administrative hub, blending spirituality with natural beauty. The municipality serves as a gateway to Rara National Park.","From Kathmandu, fly to Nepalgunj and then take a domestic flight to Talcha Airport to access Chhayanath Rara region.",2220,Gateway area to Rara Lake with cultural and natural attractions.,Chhayanath Rara\download (1).jpeg; Chhayanath Rara\download (2).jpeg; Chhayanath Rara\download (3).jpeg; Chhayanath Rara\download (4).jpeg; Chhayanath Rara\download.jpeg,4.8,89.2,Very High
993,mount kanjiroba,dolpa,Apr–Oct,"Mountains, Scenic",Natural Attractions,"Trekking, Mountaineering",Hard,Foot,28.3,82.1,6,"Mount Kanjiroba in Dolpa rises to 6,883 meters and is part of the Dhaulagiri range. It is a striking peak offering breathtaking views of surrounding valleys. Kanjiroba is sacred to local communities and remains relatively unexplored, symbolizing the untouched grandeur of the Himalayas.","From Kathmandu, fly to Nepalgunj, then Talcha Airport and trek to Mount Kanjiroba in Dolpa District.",159,Majestic Himalayan peak popular among trekkers.,Kanjiroba\download (1).jpeg; Kanjiroba\download (2).jpeg; Kanjiroba\download (3).jpeg; Kanjiroba\download (4).jpeg; Kanjiroba\download.jpeg,4.6,28.3,Low
994,putha hiunchuli,dolpa,Apr–Oct,"Mountains, Scenic",Natural Attractions,"Trekking, Mountaineering",Hard,Foot,28.4,82.15,6,"Putha Hiunchuli in Dolpa is a 7,246-meter peak, part of the Dhaulagiri massif. It is considered one of the easier 7,000-meter peaks to climb, attracting mountaineers. The mountain offers stunning views and embodies the majesty of Nepal’s high Himalayas.","From Kathmandu, drive via Pokhara and trek through Annapurna region to Putha Hiunchuli.",357,Challenging Himalayan peak with stunning views.,Hiunchuli\download (1).jpeg; Hiunchuli\download (2).jpeg; Hiunchuli\download (3).jpeg; Hiunchuli\download (5).jpeg; Hiunchuli\download.jpeg,4.8,15.5,Low
995,kande hiun chuli,dolpa,Apr–Oct,"Mountains, Scenic",Natural Attractions,"Trekking, Mountaineering",Hard,Foot,28.1,82.2,6,"Kande Hiun Chuli is a peak in western Nepal, notable for its snow-covered ridges and trekking routes. It is less explored, offering opportunities for adventure tourism. The mountain reflects the raw beauty of Nepal’s remote ranges","From Kathmandu, drive via Pokhara and trek to Kande Hiun Chuli in Annapurna region.",120,Remote mountain peak with trekking opportunities.,Kande Hiun Chuli\download (1).jpeg; Kande Hiun Chuli\download (2).jpeg; Kande Hiun Chuli\download (3).jpeg; Kande Hiun Chuli\download (5).jpeg; Kande Hiun Chuli\download.jpeg,4.9,30.1,Low
996,chankheli peak,humla,Apr–Oct,"Mountains, Scenic",Natural Attractions,"Trekking, Mountaineering",Hard,Foot,30.05,81.55,6,"Chankheli Peak in Mugu rises to 5,005 meters and is part of the Chankheli range. It offers panoramic views of Rara Lake and surrounding valleys. The peak is culturally significant, with local legends tied to its name. Chankheli embodies the fusion of natural beauty and folklore.","From Kathmandu, fly to Nepalgunj, then Talcha Airport and trek to Chankheli Peak in Dolpa District.",321,Himalayan mountain peak offering adventure trekking.,Chankheli Peak\download (1).jpeg; Chankheli Peak\download (2).jpeg; Chankheli Peak\download (3).jpeg; Chankheli Peak\download (4).jpeg; Chankheli Peak\download.jpeg,4.8,15,Low
997,changdi (lalung),dolpa,Apr–Oct,"Mountains, Scenic",Natural Attractions,"Trekking, Mountaineering",Hard,Foot,28.2,82.25,6,"Changdi, also known as Lalung, is a highland settlement in Dolpa. It is culturally rich, with Tibetan Buddhist traditions shaping daily life. The area reflects the fusion of spirituality and survival in the Himalayas.","From Kathmandu, fly to Nepalgunj or Simikot, then trek to Changdi in Dolpa District.",119,Hilly settlement near trekking trails.,Changdi (Lalung)\download (1).jpeg; Changdi (Lalung)\download (2).jpeg; Changdi (Lalung)\download (3).jpeg; Changdi (Lalung)\download (5).jpeg; Changdi (Lalung)\download.jpeg,4.6,29.9,Low
998,kubi gangri (kanti himal),dolpa,Apr–Oct,"Mountains, Scenic",Natural Attractions,"Trekking, Mountaineering",Hard,Foot,28.35,82.3,6,"Kubi Gangri, also called Kanti Himal, is a peak in western Nepal. It is part of the Himalayan range and offers breathtaking views of surrounding valleys. The mountain is sacred to local communities, symbolizing the spiritual grandeur of the Himalayas.","From Kathmandu, fly to Nepalgunj or Simikot, then trek to Kubi Gangri in Dolpa District.",16,High-altitude Himalayan peak for mountaineering.,Kubi Gangri (Kanti Himal)\download (1).jpeg; Kubi Gangri (Kanti Himal)\download (2).jpeg; Kubi Gangri (Kanti Himal)\download (3).jpeg; Kubi Gangri (Kanti Himal)\download (4).jpeg; Kubi Gangri (Kanti Himal)\download.jpeg,4.7,13.5,Very Low
999,fimkof,dolpa,Apr–Oct,"Mountains, Scenic",Natural Attractions,"Trekking, Mountaineering",Hard,Foot,28.25,82.18,6,"Fimkof is a remote settlement in Dolpa, characterized by highland farming and Tibetan-influenced culture. It is a quiet village surrounded by mountains, reflecting the resilience of Himalayan communities.","From Kathmandu, fly to Nepalgunj, then Talcha Airport and trek to Fimkof in Mugu/Dolpa region.",125,Remote village in Dolpa with Tibetan influence.,Fimkof\download (1).jpeg; Fimkof\download (2).jpeg; Fimkof\download (3).jpeg; Fimkof\download (5).jpeg; Fimkof\download.jpeg,4.5,19.9,Low
1000,kanjiroba,dolpa,May–Oct,Mountain,Natural Attractions,"Trekking, Climbing",Challenging,Trail,29.3000° N,82.6000° E,6,"Kanjiroba Himal is a mountain massif in Dolpa, rising to nearly 6,800 meters. It is part of Shey Phoksundo National Park and offers stunning trekking routes. Kanjiroba represents the untamed beauty of Nepal’s western Himalayas.","From Kathmandu, fly to Nepalgunj, then take a local flight or drive to Talcha Airport and trek to Kanjiroba.",82,High-altitude region with rugged landscapes and trekking routes.,Kanjiroba\download (1).jpeg; Kanjiroba\download (2).jpeg; Kanjiroba\download (3).jpeg; Kanjiroba\download (4).jpeg; Kanjiroba\download.jpeg,4.7,20.5,Low
1001,patmara,jumla,May–Oct,Rural,Village & Rural Tourism,Hiking,Moderate,Trail,29.2833° N,82.1833° E,6,"Patmara in Jumla is a rural settlement known for its apple orchards and traditional farming. It is part of Jumla’s fertile valleys, contributing to the district’s reputation as Nepal’s apple capital. Patmara reflects the fusion of agriculture and culture","From Kathmandu, fly to Dhangadhi or drive west via Mahendra Highway and take local roads to Patmara.",250,Small village with traditional lifestyle.,Patmara\download (1).jpeg; Patmara\download (2).jpeg; Patmara\download (3).jpeg; Patmara\download (5).jpeg; Patmara\download.jpeg,4.3,25,Low
1002,chhoti hill viewpoint,kailali,Autumn/Winter,Hill View,Natural Attractions,Hiking/Sunset View,Easy,Roadside Trails,28.78,80.95,7,Chhoti Hill Viewpoint is a scenic spot offering panoramic views of surrounding valleys and peaks. It is popular among locals and visitors for sunrise and sunset views. The viewpoint reflects the fusion of natural beauty and community recreation,"From Kathmandu, drive west via Mahendra Highway and local roads to reach Chhoti Hill Viewpoint in Bajhang.From Kathmandu, drive west via Mahendra Highway to Bajhang District to revisit Chhoti Hill Viewpoint.",87,Hidden hilltop offering panoramic views. Historical western district with natural and cultural attractions.,Chhoti Hill Viewpoint\Chhoti Hill Viewpoint 1.1.jpeg; Chhoti Hill Viewpoint\Chhoti Hill Viewpoint 1.10.jpeg; Chhoti Hill Viewpoint\Chhoti Hill Viewpoint 1.2.jpeg; Chhoti Hill Viewpoint\Chhoti Hill Viewpoint 1.3.jpeg; Chhoti Hill Viewpoint\Chhoti Hill Viewpoint 1.4.jpeg; Chhoti Hill Viewpoint\Chhoti Hill Viewpoint 1.5.jpeg; Chhoti Hill Viewpoint\Chhoti Hill Viewpoint 1.6.jpeg; Chhoti Hill Viewpoint\Chhoti Hill Viewpoint 1.7.jpeg; Chhoti Hill Viewpoint\Chhoti Hill Viewpoint 1.8.jpeg; Chhoti Hill Viewpoint\Chhoti Hill Viewpoint 1.9.jpeg,4.3,21.8,Low
1003,bajhang offbeat villages,bajhang,All Year,Cultural/Offbeat,Cultural & Religious Sites,Village Walk/Homestay,Easy,Limited Road,29.6,81.2,7,"Bajhang District is home to remote, offbeat villages that preserve traditional lifestyles. These settlements are culturally rich, with temples, festivals, and communal traditions shaping daily life. Bajhang’s villages embody the authentic rhythm of western Nepal’s hills.","From Kathmandu, drive west via Mahendra Highway and take local roads to reach remote villages in Bajhang.From Kathmandu, drive west via Mahendra Highway and local roads to Bajhang to explore offbeat villages again.",750,Remote villages with untouched landscapes. Quiet Shiva temple in a peaceful hilly location.,Bajhang Offbeat Villages\Bajhang Offbeat Villages 1.1.jpeg; Bajhang Offbeat Villages\Bajhang Offbeat Villages 1.10.jpeg; Bajhang Offbeat Villages\Bajhang Offbeat Villages 1.2.jpeg; Bajhang Offbeat Villages\Bajhang Offbeat Villages 1.3.jpeg; Bajhang Offbeat Villages\Bajhang Offbeat Villages 1.4.jpeg; Bajhang Offbeat Villages\Bajhang Offbeat Villages 1.5.jpeg; Bajhang Offbeat Villages\Bajhang Offbeat Villages 1.6.jpeg; Bajhang Offbeat Villages\Bajhang Offbeat Villages 1.7.jpeg; Bajhang Offbeat Villages\Bajhang Offbeat Villages 1.8.jpeg; Bajhang Offbeat Villages\Bajhang Offbeat Villages 1.9.jpeg,4.3,35.7,Moderate
1004,malika historical sites,bajhang,Autumn/Spring,Historical/Heritage,Cultural & Religious Sites,Sightseeing/Study,Moderate,Trail & Road Access,29.55,81.1,7,"Malika in Myagdi District is known for its historical temples and cultural landmarks. The area is a pilgrimage site, attracting devotees during festivals. Malika blends spirituality with history, making it a living heritage site.","From Kathmandu, drive west via Mahendra Highway and local roads to Bajhang District to visit Malika historical sites.",100,Ancient monuments with cultural significance. Small marketplace catering to local trade and daily needs.,Malika Historical Sites\Malika Historical Sites 1.1.jpeg; Malika Historical Sites\Malika Historical Sites 1.10.jpeg; Malika Historical Sites\Malika Historical Sites 1.2.jpeg; Malika Historical Sites\Malika Historical Sites 1.3.jpeg; Malika Historical Sites\Malika Historical Sites 1.4.jpeg; Malika Historical Sites\Malika Historical Sites 1.5.jpeg; Malika Historical Sites\Malika Historical Sites 1.6.jpeg; Malika Historical Sites\Malika Historical Sites 1.7.jpeg; Malika Historical Sites\Malika Historical Sites 1.8.jpeg; Malika Historical Sites\Malika Historical Sites 1.9.jpeg,4.3,33.2,Low
1005,jhulaghat small temples,baitadi / darchula,All Year,Cultural/Temple,Cultural & Religious Sites,Pilgrimage/Photography,Easy,Nearby Road,29.7,80.4,7,"Jhulaghat, located along the Nepal-India border, is known for its small temples and cross-border trade. The temples serve as spiritual hubs for locals, while the town reflects cultural exchange between Nepal and India","From Kathmandu, drive west via Mahendra Highway to Jhulaghat near the Mahakali River on the India-Nepal border.From Kathmandu, drive west via Mahendra Highway to Jhulaghat to revisit small temples.",980,Riverside temples with spiritual importance. Forested park rich in biodiversity and scenic trails.,Jhula\download (1).jpeg; Jhula\download (2).jpeg; Jhula\download (3).jpeg; Jhula\download (5).jpeg; Jhula\download.jpeg,4.4,80.3,High
1006,chhoti shivalaya temple,kailali,All Year,Religious/Temple,Cultural & Religious Sites,Pilgrimage/Worship,Easy,Road Accessible,28.7,80.95,7,"Chhoti Shivalaya Temple is a small but significant Hindu shrine dedicated to Lord Shiva. It is a local pilgrimage site, where devotees gather during Shivaratri and other festivals. The temple reflects the fusion of faith and community life","From Kathmandu, drive west via Mahendra Highway and local roads to Bajhang District to reach Chhoti Shivalaya Temple.From Kathmandu, drive west via Mahendra Highway to Bajhang District to revisit Chhoti Shivalaya Temple.",900,Small Shiva temple amidst rural hills. Secluded trekking routes with scenic landscapes.,Chhoti Shivalaya Temple\Chhoti Shivalaya Temple 1.1.jpeg; Chhoti Shivalaya Temple\Chhoti Shivalaya Temple 1.10.jpeg; Chhoti Shivalaya Temple\Chhoti Shivalaya Temple 1.2.jpeg; Chhoti Shivalaya Temple\Chhoti Shivalaya Temple 1.3.jpeg; Chhoti Shivalaya Temple\Chhoti Shivalaya Temple 1.4.jpeg; Chhoti Shivalaya Temple\Chhoti Shivalaya Temple 1.5.jpeg; Chhoti Shivalaya Temple\Chhoti Shivalaya Temple 1.6.jpeg; Chhoti Shivalaya Temple\Chhoti Shivalaya Temple 1.7.jpeg; Chhoti Shivalaya Temple\Chhoti Shivalaya Temple 1.8.jpeg; Chhoti Shivalaya Temple\Chhoti Shivalaya Temple 1.9.jpeg,4.4,75,High
1007,gauriganga waterfall,bajhang,Monsoon/Autumn,Waterfall,Natural Attractions,Hiking/Photography,Moderate,Trail Access,29.583,81.05,7,"Gauriganga Waterfall in Kailali District is a scenic natural attraction. Surrounded by forests, it offers a peaceful retreat and is popular for picnics and local tourism. The waterfall symbolizes the beauty and ecological richness of the Terai-hill transition zone.","From Kathmandu, drive west via Mahendra Highway and local roads to Doti District to reach Gauriganga Waterfall.From Kathmandu, drive west via Mahendra Highway to Doti District to revisit Gauriganga Waterfall.",500,Scenic waterfall with lush greenery. Scenic riverside spot at the border area.,Gauriganga Waterfall\Gauriganga Waterfall 1.1.jpeg; Gauriganga Waterfall\Gauriganga Waterfall 1.10.jpeg; Gauriganga Waterfall\Gauriganga Waterfall 1.2.jpeg; Gauriganga Waterfall\Gauriganga Waterfall 1.3.jpeg; Gauriganga Waterfall\Gauriganga Waterfall 1.4.jpeg; Gauriganga Waterfall\Gauriganga Waterfall 1.5.jpeg; Gauriganga Waterfall\Gauriganga Waterfall 1.6.jpeg; Gauriganga Waterfall\Gauriganga Waterfall 1.7.jpeg; Gauriganga Waterfall\Gauriganga Waterfall 1.8.jpeg; Gauriganga Waterfall\Gauriganga Waterfall 1.9.jpeg,4,44.6,Moderate
1008,doti hidden trails,doti,Autumn/Spring,Trekking/Offbeat,Trekking & Adventure,Trekking/Hiking,Moderate,Trekking Trails,29.28,80.9,7,"The hidden trails of Doti in far-western Nepal are known for their untouched landscapes, terraced hills, and traditional villages. These trails connect remote hamlets and temples, offering trekkers a chance to experience authentic rural life. They are part of the Far Western Cultural Circuit, blending natural beauty with folklore and spirituality.","From Kathmandu, drive west via Mahendra Highway and local roads to explore hidden trails in Doti District.From Kathmandu, drive west via Mahendra Highway to Doti District to explore hidden trails again.",127,Remote trekking trails with natural beauty. Trekking along scenic riverbanks with Himalayan backdrops.,Doti Hidden Trails\Doti Hidden Trails 1.1.jpeg; Doti Hidden Trails\Doti Hidden Trails 1.10.jpeg; Doti Hidden Trails\Doti Hidden Trails 1.2.jpeg; Doti Hidden Trails\Doti Hidden Trails 1.3.jpeg; Doti Hidden Trails\Doti Hidden Trails 1.4.jpeg; Doti Hidden Trails\Doti Hidden Trails 1.5.jpeg; Doti Hidden Trails\Doti Hidden Trails 1.6.jpeg; Doti Hidden Trails\Doti Hidden Trails 1.7.jpeg; Doti Hidden Trails\Doti Hidden Trails 1.8.jpeg; Doti Hidden Trails\Doti Hidden Trails 1.9.jpeg,4.8,31.9,Low
1009,rauteli lake,darchula,Oct–Mar,Lake; Scenic; Nature; Trekking,Trekking & Adventure,Sightseeing; Photography; Trekking; Camping,Moderate,Road + Trek,29.85,80.5,7,"Rauteli Lake in Doti is a serene freshwater body surrounded by forests and hills. It is a local pilgrimage site, with communities gathering during festivals to perform rituals. The lake is also a habitat for birds and aquatic life, making it both a spiritual and ecological treasure.","From Kathmandu, drive west via Mahendra Highway and local roads to reach Rauteli Lake in Bajhang District.From Kathmandu, drive west via Mahendra Highway to Bajhang District and take local trails to Rauteli Lake.",369,"Serene lake in hilly terrain, perfect for relaxation. Remote hilly village with local culture.",Rauteli Lake\Rauteli Lake 1.1.jpeg; Rauteli Lake\Rauteli Lake 1.10.jpeg; Rauteli Lake\Rauteli Lake 1.2.jpeg; Rauteli Lake\Rauteli Lake 1.3.jpeg; Rauteli Lake\Rauteli Lake 1.4.jpeg; Rauteli Lake\Rauteli Lake 1.5.jpeg; Rauteli Lake\Rauteli Lake 1.6.jpeg; Rauteli Lake\Rauteli Lake 1.7.jpeg; Rauteli Lake\Rauteli Lake 1.8.jpeg; Rauteli Lake\Rauteli Lake 1.9.jpeg,4.9,37.6,Moderate
1010,kailali / rupandehi,kailali / rupandehi,Oct–Feb,"City, Nature",Natural Attractions,"Sightseeing, Photography",Easy,Road accessible,28.5,81.9,7,"Kailali in the far west and Rupandehi in the Terai plains are vibrant districts. Kailali is known for Shuklaphanta National Park, Tharu culture, and fertile plains, while Rupandehi is home to Lumbini, the birthplace of the Buddha. Together, they represent the cultural and ecological diversity of Nepal’s Terai belt.","From Kathmandu, drive west via Mahendra Highway to reach Kailali or Rupandehi Districts.From Kathmandu, drive west via Mahendra Highway to reach Kailali or Rupandehi again.",119,Terai districts with cultural diversity and markets. Hilltop viewpoint with panoramic vistas of the national park.,Kailali\Kailali 1.1.jpeg; Kailali\Kailali 1.10.jpeg; Kailali\Kailali 1.2.jpeg; Kailali\Kailali 1.3.jpeg; Kailali\Kailali 1.4.jpeg; Kailali\Kailali 1.5.jpeg; Kailali\Kailali 1.6.jpeg; Kailali\Kailali 1.7.jpeg; Kailali\Kailali 1.8.jpeg; Kailali\Kailali 1.9.jpeg,4,29.9,Low
1011,doti,doti,Oct–Nov,"Hills, Scenic",Natural Attractions,"Hiking, Photography",Moderate,Road + Trek,29.2,80.87,7,"Doti District is a historic region, once part of the Doti Kingdom during the medieval Baise-Chaubise era. It is culturally rich, with temples, hilltop viewpoints, and traditional farming communities. Doti embodies the heritage and resilience of western Nepal.","From Kathmandu, drive west via Mahendra Highway and local roads to Doti District.From Kathmandu, drive west via Mahendra Highway to Doti District again.",500,"Hilly district with rural charm and scenic landscapes. Cultural trail showcasing temples, villages, and traditions.",Doti Hidden Trails\Doti Hidden Trails 1.1.jpeg; Doti Hidden Trails\Doti Hidden Trails 1.10.jpeg; Doti Hidden Trails\Doti Hidden Trails 1.2.jpeg; Doti Hidden Trails\Doti Hidden Trails 1.3.jpeg; Doti Hidden Trails\Doti Hidden Trails 1.4.jpeg; Doti Hidden Trails\Doti Hidden Trails 1.5.jpeg; Doti Hidden Trails\Doti Hidden Trails 1.6.jpeg; Doti Hidden Trails\Doti Hidden Trails 1.7.jpeg; Doti Hidden Trails\Doti Hidden Trails 1.8.jpeg; Doti Hidden Trails\Doti Hidden Trails 1.9.jpeg,4.9,29.5,Low
1012,bajhang,bajhang,Oct–Nov,"Hills, Nature",Natural Attractions,"Trekking, Photography",Hard,Trek route,29.11,81.2,7,"Bajhang District is famous for its offbeat villages, hidden streams, and Himalayan trekking routes. It is culturally diverse, with temples and festivals shaping community life. Bajhang offers a mix of natural beauty and cultural depth, making it ideal for explorers seeking less-traveled paths.","From Kathmandu, drive west via Mahendra Highway and local roads to Bajhang District.",400,Remote Himalayan district with natural beauty. Remote villages with authentic local culture.,Bajhang Hidden Stream\Bajhang Hidden Stream 1.1.jpeg; Bajhang Hidden Stream\Bajhang Hidden Stream 1.10.jpeg; Bajhang Hidden Stream\Bajhang Hidden Stream 1.2.jpeg; Bajhang Hidden Stream\Bajhang Hidden Stream 1.3.jpeg; Bajhang Hidden Stream\Bajhang Hidden Stream 1.4.jpeg; Bajhang Hidden Stream\Bajhang Hidden Stream 1.5.jpeg; Bajhang Hidden Stream\Bajhang Hidden Stream 1.6.jpeg; Bajhang Hidden Stream\Bajhang Hidden Stream 1.7.jpeg; Bajhang Hidden Stream\Bajhang Hidden Stream 1.8.jpeg; Bajhang Hidden Stream\Bajhang Hidden Stream 1.9.jpeg,4.6,18.8,Low
1013,baitadi,baitadi,Oct–Nov,"Hills, Culture",Natural Attractions,"Temple Visit, Photography",Moderate,Road + Walk,29.542,80.525,7,"Baitadi District lies along the Mahakali River and is known for its micro temples, traditional villages, and cross-border trade with India. It is a cultural hub where Hindu traditions blend with rural lifestyles. Baitadi reflects the fusion of spirituality and everyday resilience.","From Kathmandu, drive west via Mahendra Highway and local roads to Baitadi District.From Kathmandu, drive west via Mahendra Highway to Baitadi District.",450,Western hill district with traditional lifestyle and scenery. Small local shrines with traditional architecture.,Baitadi Minor Temple\Baitadi Minor Temples 1.1.jpeg; Baitadi Minor Temple\Baitadi Minor Temples 1.10.jpeg; Baitadi Minor Temple\Baitadi Minor Temples 1.2.jpeg; Baitadi Minor Temple\Baitadi Minor Temples 1.3.jpeg; Baitadi Minor Temple\Baitadi Minor Temples 1.4.jpeg; Baitadi Minor Temple\Baitadi Minor Temples 1.5.jpeg; Baitadi Minor Temple\Baitadi Minor Temples 1.6.jpeg; Baitadi Minor Temple\Baitadi Minor Temples 1.7.jpeg; Baitadi Minor Temple\Baitadi Minor Temples 1.8.jpeg; Baitadi Minor Temple\Baitadi Minor Temples 1.9.jpeg,4.4,19.2,Low
1014,khaptad baba ashram,doti,Oct–Mar,Ashram; Hindu; Spiritual,Cultural & Religious Sites,Worship; Photography; Nature Walks,Moderate,Road + Short Trek,29.1,80.8,7,"Located in Khaptad National Park, the Khaptad Baba Ashram is a spiritual retreat dedicated to Khaptad Swami, a revered hermit and healer. The ashram attracts pilgrims and seekers of peace, offering meditation spaces amidst pristine forests. It is a center of spirituality and ecological harmony.","From Kathmandu, drive west via Mahendra Highway and local roads to reach Khaptad Baba Ashram in Doti District.From Kathmandu, drive west via Mahendra Highway to Doti District and then take local roads and trails to Khaptad Baba Ashram.",77,– Spiritual site amidst Khaptad National Park. Peaceful river areas perfect for relaxation and nature walks.,Khaptad Baba Ashram\Khaptad Baba Ashram 1.1.jpeg; Khaptad Baba Ashram\Khaptad Baba Ashram 1.10.jpeg; Khaptad Baba Ashram\Khaptad Baba Ashram 1.2.jpeg; Khaptad Baba Ashram\Khaptad Baba Ashram 1.3.jpeg; Khaptad Baba Ashram\Khaptad Baba Ashram 1.4.jpeg; Khaptad Baba Ashram\Khaptad Baba Ashram 1.5.jpeg; Khaptad Baba Ashram\Khaptad Baba Ashram 1.6.jpeg; Khaptad Baba Ashram\Khaptad Baba Ashram 1.7.jpeg; Khaptad Baba Ashram\Khaptad Baba Ashram 1.8.jpeg; Khaptad Baba Ashram\Khaptad Baba Ashram 1.9.jpeg,4.5,19.3,Low
1015,jhulaghat (mechinagar border area),baitadi/kailali border,All Year,"Border, Scenic",Natural Attractions,"Sightseeing, Local Markets",Easy,"Road, Easy",29.6,80.5,7,"Jhulaghat is a border town along the Mahakali River, connecting Nepal and India. It is known for its small temples, suspension bridges, and river viewpoints. The area reflects cross-border cultural exchange and trade, while serving as a gateway to remote villages.","From Kathmandu, drive west via Mahendra Highway to Jhulaghat on the western border near India.From Kathmandu, drive west via Mahendra Highway to Jhulaghat border area again.",132,Small town at the border with local trade. Terai districts with cultural diversity and fertile landscapes.,Jhula\download (1).jpeg; Jhula\download (2).jpeg; Jhula\download (3).jpeg; Jhula\download (5).jpeg; Jhula\download.jpeg,3.8,33,Low
1016,ghodaghodi tal,kailali,Oct-Mar,"Wetland, Birdwatching",Natural Attractions,"Birdwatching, Boating",Easy,"Road, Easy",28.8,80.6,7,"Ghodaghodi Lake in Kailali is a Ramsar-listed wetland, famous for its lotus blooms and birdlife. It is sacred to locals, with temples along its banks. The lake is both a spiritual pilgrimage site and biodiversity hotspot, attracting conservationists and devotees alike.","From Kathmandu, fly to Dhangadhi and drive locally to Ghodaghodi Tal in Kailali District.From Kathmandu, fly to Dhangadhi and drive locally to Ghodaghodi Tal in Kailali District again.",113,Large freshwater lake with diverse flora and fauna. Local temples with traditional architecture and serene surroundings.,Ghodaghodi Tal\Ghodaghodi Tal 1.1.jpeg; Ghodaghodi Tal\Ghodaghodi Tal 1.2.jpeg,4,28.3,Low
1017,ninglashaini temple,baitadi,Oct-Mar,"Religious, Cultural",Cultural & Religious Sites,"Pilgrimage, Festivals",Easy-Moderate,"Road, Moderate",29.428,80.395,7,"Ninglashaini Temple in Doti is a revered Hindu shrine dedicated to Goddess Ninglashaini. It is a major pilgrimage site during festivals, where devotees gather for rituals. The temple reflects the deep spiritual traditions of far-western Nepal","From Kathmandu, drive west via Mahendra Highway and local roads to Baitadi District to reach Ninglashaini Temple.From Kathmandu, drive west via Mahendra Highway to Baitadi District and follow local roads to Ninglashaini Temple.",984,Local temple with religious significance. Rural settlement with agricultural landscapes.,Ninglashaini\Ninglashaini Temple 1.1.jpeg; Ninglashaini\Ninglashaini Temple 1.10.jpeg; Ninglashaini\Ninglashaini Temple 1.2.jpeg; Ninglashaini\Ninglashaini Temple 1.3.jpeg; Ninglashaini\Ninglashaini Temple 1.4.jpeg; Ninglashaini\Ninglashaini Temple 1.5.jpeg; Ninglashaini\Ninglashaini Temple 1.6.jpeg; Ninglashaini\Ninglashaini Temple 1.7.jpeg; Ninglashaini\Ninglashaini Temple 1.8.jpeg; Ninglashaini\Ninglashaini Temple 1.9.jpeg,4.1,71.8,High
1018,badimalika temple,achham,Apr-Oct,"Religious, Pilgrimage",Cultural & Religious Sites,"Pilgrimage, Trekking",Moderate-High,"Road + Trek, Moderate",29,80.5,7,"Badimalika Temple in Bajura is perched at 4,200 meters, dedicated to Goddess Bhagwati. It is one of Nepal’s most important pilgrimage sites, attracting thousands during Janai Purnima. The temple offers panoramic Himalayan views, making it both a spiritual and natural landmark.","From Kathmandu, drive west via Mahendra Highway and local roads to Bajhang District to visit Badimalika Temple.From Kathmandu, drive west via Mahendra Highway to Bajhang District to revisit Badimalika Temple.",258,Sacred temple perched on a hilltop in western Nepal. Western hilly district with cultural heritage and natural beauty.,Badimalika\download (1).jpeg; Badimalika\download (2).jpeg; Badimalika\download (3).jpeg; Badimalika\download (5).jpeg; Badimalika\download.jpeg,4.8,54.1,Moderate
1019,khaptad top view,doti,Oct–Mar,Viewpoint; Scenic; Nature; Trekking,Trekking & Adventure,Photography; Trekking; Camping; Nature Walks,Moderate,Road + Trek,29.15,80.8,7,"Khaptad Top is a highland plateau in Khaptad National Park, offering panoramic views of the Himalayas and rolling meadows. It is a trekking highlight, blending natural beauty with spiritual significance. The area is dotted with monasteries and meditation sites.","From Kathmandu, drive west via Mahendra Highway and local roads to reach Khaptad National Park and climb to Khaptad Top View.From Kathmandu, drive west via Mahendra Highway to Doti District and hike to Khaptad Top View inside Khaptad National Park.",159,Hilltop viewpoint within Khaptad National Park. Sacred temple attracting local devotees.,Khaptad Top View\Khaptad Top View 1.1.jpeg; Khaptad Top View\Khaptad Top View 1.10.jpeg; Khaptad Top View\Khaptad Top View 1.2.jpeg; Khaptad Top View\Khaptad Top View 1.3.jpeg; Khaptad Top View\Khaptad Top View 1.4.jpeg; Khaptad Top View\Khaptad Top View 1.5.jpeg; Khaptad Top View\Khaptad Top View 1.6.jpeg; Khaptad Top View\Khaptad Top View 1.7.jpeg; Khaptad Top View\Khaptad Top View 1.8.jpeg; Khaptad Top View\Khaptad Top View 1.9.jpeg,4.8,36.8,Moderate
1020,jhulaghat river viewpoint,baitadi,Oct–Mar,River; Scenic; Nature,Natural Attractions,Sightseeing; Photography; Picnic; Short Trek,Easy,Road Accessible,29.45,80.55,7,"This viewpoint along the Mahakali River offers scenic vistas of the river and surrounding hills. It is a popular stop for travelers exploring the border area, reflecting the fusion of natural beauty and cultural exchange.","From Kathmandu, drive west via Mahendra Highway to Jhulaghat and visit the river viewpoint.From Kathmandu, drive west via Mahendra Highway to Jhulaghat to revisit river viewpoint.",357,Scenic riverside spot at the border. Spiritual site amidst Khaptad National Park’s natural beauty.,Jhula\download (1).jpeg; Jhula\download (2).jpeg; Jhula\download (3).jpeg; Jhula\download (5).jpeg; Jhula\download.jpeg,4,38,Moderate
1021,mahakali river minor spots,darchula/baitadi,Oct–Mar,River; Nature; Scenic,Natural Attractions,Photography; Sightseeing; Picnic,Easy,Road Accessible,29.6,80.55,7,"The Mahakali River flows along Nepal’s western border, with numerous minor spots for fishing, rituals, and local gatherings. These sites reflect the river’s role as both a lifeline and spiritual symbol for communities in Baitadi and Darchula.","From Kathmandu, drive west via Mahendra Highway to Mahakali River in Darchula/Baitadi area.From Kathmandu, drive west via Mahendra Highway to Darchula, Baitadi, or Doti to reach minor spots along Mahakali River.",654,Peaceful riverside locations for relaxation. District headquarters with local markets and scenic surroundings.,Mahakali\download (1).jpeg; Mahakali\download (2).jpeg; Mahakali\download (3).jpeg; Mahakali\download (5).jpeg; Mahakali\download.jpeg,4.2,39.7,Moderate
1022,doti tiny hilltop viewpoint,doti,Oct–Mar,Viewpoint; Nature; Offbeat,Natural Attractions,Photography; Short Trek; Nature Observation,Moderate,Road + Short Trek,29.1,80.8,7,"Small hilltop viewpoints in Doti offer sunrise and sunset panoramas over terraced fields and valleys. These spots are popular among locals and trekkers, symbolizing the quiet charm of rural landscapes.","From Kathmandu, drive west via Mahendra Highway and local roads to reach Doti hilltop viewpoint.From Kathmandu, drive west via Mahendra Highway to Doti District to revisit tiny hilltop viewpoint.",321,Small viewpoint offering panoramic hill views. Picturesque waterfall ideal for nature lovers.,Doti Tiny Hilltop Viewpoint\Doti Tiny Hilltop Viewpoint 1.1.jpeg; Doti Tiny Hilltop Viewpoint\Doti Tiny Hilltop Viewpoint 1.10.jpeg; Doti Tiny Hilltop Viewpoint\Doti Tiny Hilltop Viewpoint 1.2.jpeg; Doti Tiny Hilltop Viewpoint\Doti Tiny Hilltop Viewpoint 1.3.jpeg; Doti Tiny Hilltop Viewpoint\Doti Tiny Hilltop Viewpoint 1.4.jpeg; Doti Tiny Hilltop Viewpoint\Doti Tiny Hilltop Viewpoint 1.5.jpeg; Doti Tiny Hilltop Viewpoint\Doti Tiny Hilltop Viewpoint 1.6.jpeg; Doti Tiny Hilltop Viewpoint\Doti Tiny Hilltop Viewpoint 1.7.jpeg; Doti Tiny Hilltop Viewpoint\Doti Tiny Hilltop Viewpoint 1.8.jpeg; Doti Tiny Hilltop Viewpoint\Doti Tiny Hilltop Viewpoint 1.9.jpeg,4.8,26.4,Low
1023,gauriganga river upper trek sites,bajhang,Oct–Mar,River; Scenic; Nature; Trekking,Trekking & Adventure,Photography; Trekking; Camping; Nature Walks,Moderate,Road + Trek,29.15,81.05,7,"The upper reaches of the Gauriganga River in Kailali and Doti are trekking routes dotted with villages, waterfalls, and cultural landmarks. These sites blend natural beauty with traditional lifestyles, making them part of the Far Western trekking circuit.","From Kathmandu, drive west via Mahendra Highway to Doti District and trek along Gauriganga River upper sites.From Kathmandu, drive west via Mahendra Highway to Doti District and trek along Gauriganga River again.",120,Trekking route along Gauriganga River. Small border town with riverside and trade activity.,Gauriganga River Upper Trek Sites\Gauriganga River Upper Trek Sites 1.1.jpeg; Gauriganga River Upper Trek Sites\Gauriganga River Upper Trek Sites 1.10.jpeg; Gauriganga River Upper Trek Sites\Gauriganga River Upper Trek Sites 1.2.jpeg; Gauriganga River Upper Trek Sites\Gauriganga River Upper Trek Sites 1.3.jpeg; Gauriganga River Upper Trek Sites\Gauriganga River Upper Trek Sites 1.4.jpeg; Gauriganga River Upper Trek Sites\Gauriganga River Upper Trek Sites 1.5.jpeg; Gauriganga River Upper Trek Sites\Gauriganga River Upper Trek Sites 1.6.jpeg; Gauriganga River Upper Trek Sites\Gauriganga River Upper Trek Sites 1.7.jpeg; Gauriganga River Upper Trek Sites\Gauriganga River Upper Trek Sites 1.8.jpeg; Gauriganga River Upper Trek Sites\Gauriganga River Upper Trek Sites 1.9.jpeg,4.8,30.1,Low
1024,bajhang hidden stream,bajhang,Oct–Mar,River; Nature; Offbeat,Natural Attractions,Photography; Short Walk; Nature Observation,Moderate,Road + Short Trek,29.15,81.05,7,"Bajhang’s hidden streams are secluded watercourses surrounded by forests and villages. They are used for irrigation and rituals, reflecting the fusion of ecology and culture in rural Nepal.","From Kathmandu, drive west via Mahendra Highway and local roads to Bajhang District to reach hidden streams.From Kathmandu, drive west via Mahendra Highway to Bajhang and visit hidden streams again.",103,Secluded stream with natural beauty. Small hilltop offering panoramic views of the surroundings.,Bajhang Hidden Stream\Bajhang Hidden Stream 1.1.jpeg; Bajhang Hidden Stream\Bajhang Hidden Stream 1.10.jpeg; Bajhang Hidden Stream\Bajhang Hidden Stream 1.2.jpeg; Bajhang Hidden Stream\Bajhang Hidden Stream 1.3.jpeg; Bajhang Hidden Stream\Bajhang Hidden Stream 1.4.jpeg; Bajhang Hidden Stream\Bajhang Hidden Stream 1.5.jpeg; Bajhang Hidden Stream\Bajhang Hidden Stream 1.6.jpeg; Bajhang Hidden Stream\Bajhang Hidden Stream 1.7.jpeg; Bajhang Hidden Stream\Bajhang Hidden Stream 1.8.jpeg; Bajhang Hidden Stream\Bajhang Hidden Stream 1.9.jpeg,4.6,25.8,Low
1025,far western cultural circuit (doti/accham sites),doti/achham,Oct-Mar,"Cultural, Heritage",Cultural & Religious Sites,"Heritage Tours, Festivals",Easy-Moderate,"Road, Moderate",29.2,80.3,7,"This circuit connects temples, villages, and viewpoints across Doti and Accham. It highlights Hindu shrines, hilltop settlements, and traditional festivals, offering visitors a chance to experience the authentic cultural fabric of far-western Nepal.","From Kathmandu, drive west via Mahendra Highway and local roads to explore Doti and Accham cultural sites.From Kathmandu, drive west via Mahendra Highway to Doti and Accham to explore cultural circuit again.",125,Cultural trail showcasing heritage sites. Expansive freshwater lake with birdwatching opportunities.,Far Western Cultural Circuit\Far Western Cultural Circuit 1.1.jpeg; Far Western Cultural Circuit\Far Western Cultural Circuit 1.10.jpeg; Far Western Cultural Circuit\Far Western Cultural Circuit 1.2.jpeg; Far Western Cultural Circuit\Far Western Cultural Circuit 1.3.jpeg; Far Western Cultural Circuit\Far Western Cultural Circuit 1.4.jpeg; Far Western Cultural Circuit\Far Western Cultural Circuit 1.5.jpeg; Far Western Cultural Circuit\Far Western Cultural Circuit 1.6.jpeg; Far Western Cultural Circuit\Far Western Cultural Circuit 1.7.jpeg; Far Western Cultural Circuit\Far Western Cultural Circuit 1.8.jpeg; Far Western Cultural Circuit\Far Western Cultural Circuit 1.9.jpeg,4,37.1,Moderate
1026,api nampa conservation area,darchula/bajhang,May-Oct,"Conservation, Mountain",Natural Attractions,"Trekking, Cultural",High,"Remote Trek, Challenging",30,80,7,"Api Nampa Conservation Area in Darchula is a protected zone covering 1,903 sq km. It is home to Api Himal, Nampa Himal, and diverse wildlife including snow leopards and musk deer. The area blends Himalayan trekking with conservation and cultural heritage.","From Kathmandu, drive west via Mahendra Highway to Darchula/Bajhang and enter Api Nampa Conservation Area.From Kathmandu, drive west via Mahendra Highway to Bajhang/Darchula and explore Api Nampa Conservation Area.",136,Protected Himalayan area with rich biodiversity. Hilltop temple with spiritual significance and scenic surroundings.,Api Nampa Conservation\Api Nampa Conservation Area 1.1.jpeg; Api Nampa Conservation\Api Nampa Conservation Area 1.10.jpeg; Api Nampa Conservation\Api Nampa Conservation Area 1.2.jpeg; Api Nampa Conservation\Api Nampa Conservation Area 1.3.jpeg; Api Nampa Conservation\Api Nampa Conservation Area 1.4.jpeg; Api Nampa Conservation\Api Nampa Conservation Area 1.5.jpeg; Api Nampa Conservation\Api Nampa Conservation Area 1.6.jpeg; Api Nampa Conservation\Api Nampa Conservation Area 1.7.jpeg; Api Nampa Conservation\Api Nampa Conservation Area 1.8.jpeg; Api Nampa Conservation\Api Nampa Conservation Area 1.9.jpeg,4.5,15.9,Low
1027,shuklaphanta national park,kanchanpur,Oct-Mar,"Wildlife, Grassland",Wildlife & Conservation,"Wildlife Safari, Birdwatching",Easy-Moderate,"Road, Moderate",28.9167,80.5167,7,"Shuklaphanta in Kailali is famous for its largest herd of swamp deer in the world. The park is a biodiversity hotspot, home to tigers, elephants, and migratory birds. It is both a wildlife sanctuary and eco-tourism destination.","From Kathmandu, fly to Dhangadhi and drive locally to Shuklaphanta National Park in Kanchanpur.From Kathmandu, fly to Dhangadhi and drive locally to Shuklaphanta National Park in Kanchanpur District.",2197,Wildlife sanctuary with grasslands and rare species. Scenic village with agricultural surroundings.,Shuklaphanta National Park\Shuklaphanta National Park 1.1.jpeg; Shuklaphanta National Park\Shuklaphanta National Park 1.10.jpeg; Shuklaphanta National Park\Shuklaphanta National Park 1.2.jpeg; Shuklaphanta National Park\Shuklaphanta National Park 1.3.jpeg; Shuklaphanta National Park\Shuklaphanta National Park 1.4.jpeg; Shuklaphanta National Park\Shuklaphanta National Park 1.5.jpeg; Shuklaphanta National Park\Shuklaphanta National Park 1.6.jpeg; Shuklaphanta National Park\Shuklaphanta National Park 1.7.jpeg; Shuklaphanta National Park\Shuklaphanta National Park 1.8.jpeg; Shuklaphanta National Park\Shuklaphanta National Park 1.9.jpeg,4.5,97.5,Very High
1028,khaptad national park (western edge),doti/kailali area,Oct-Mar,"National Park, Hiking",Natural Attractions,"Hiking, Nature",Moderate,"Road + Trek, Moderate",29.02,80.36,7,"The western edge of Khaptad National Park is known for its rolling meadows, forests, and spiritual sites. It is a trekking paradise, blending natural beauty with meditation centers and temples. The area reflects the fusion of ecology and spirituality","From Kathmandu, drive west via Mahendra Highway to reach the western edge of Khaptad National Park in Doti District.From Kathmandu, drive west via Mahendra Highway to Doti District and follow trails to the western edge of Khaptad National Park.",250,"Forested park with diverse flora, fauna, and cultural sites. Ancient monuments reflecting local history and heritage.",Khaptad National Park\Khaptad National Park 1.1.jpeg; Khaptad National Park\Khaptad National Park 1.10.jpeg; Khaptad National Park\Khaptad National Park 1.2.jpeg; Khaptad National Park\Khaptad National Park 1.3.jpeg; Khaptad National Park\Khaptad National Park 1.4.jpeg; Khaptad National Park\Khaptad National Park 1.5.jpeg; Khaptad National Park\Khaptad National Park 1.6.jpeg; Khaptad National Park\Khaptad National Park 1.7.jpeg; Khaptad National Park\Khaptad National Park 1.8.jpeg; Khaptad National Park\Khaptad National Park 1.9.jpeg,4.8,53,Moderate
1029,api himal base camp,darchula,"Spring, Autumn","Trekking, Mountains",Trekking & Adventure,"Trekking, Camping",Hard,Remote Trek,30.0667,81.25,7,"Api Himal Base Camp in Darchula offers breathtaking views of Api Himal (7,132 m). It is a remote trekking destination, surrounded by glaciers, rivers, and traditional villages. The base camp is a highlight of the Api Nampa trekking circuit.","From Kathmandu, drive west via Mahendra Highway to Darchula or Bajhang, then trek to Api Himal Base Camp.From Kathmandu, drive west via Mahendra Highway and trek from Darchula/Bajhang to Api Himal Base Camp.",350,"Remote Himalayan base camp with breathtaking mountain views. Protected Himalayan region rich in flora, fauna, and trekking routes.",Api Himal Base\Api Himal Base Camp 1.1.jpeg; Api Himal Base\Api Himal Base Camp 1.10.jpeg; Api Himal Base\Api Himal Base Camp 1.2.jpeg; Api Himal Base\Api Himal Base Camp 1.3.jpeg; Api Himal Base\Api Himal Base Camp 1.4.jpeg; Api Himal Base\Api Himal Base Camp 1.5.jpeg; Api Himal Base\Api Himal Base Camp 1.6.jpeg; Api Himal Base\Api Himal Base Camp 1.7.jpeg; Api Himal Base\Api Himal Base Camp 1.8.jpeg; Api Himal Base\Api Himal Base Camp 1.9.jpeg,4.7,39.1,Moderate
1030,baitadi micro temple,baitadi,Oct–Mar,Temple; Local; Offbeat,Cultural & Religious Sites,Worship; Photography; Short Walk,Easy,Road Accessible,29.45,80.55,7,"Baitadi is dotted with small temples dedicated to local deities. These micro temples are central to community rituals and festivals, reflecting the intimate spirituality of rural Nepal.","From Kathmandu, drive west via Mahendra Highway to Baitadi District and visit local micro temples.From Kathmandu, drive west via Mahendra Highway to Baitadi District to revisit micro temples.",958,Small local temple reflecting traditional Baitadi culture. Remote district with rugged terrain and Himalayan scenery.,,4.2,77.4,High
1031,lesser tributaries & streams,kailali / doti / bajhang,Monsoon/Autumn,Nature/Water,Natural Attractions,Exploration/Hiking,Moderate,Local Trails,29.15,80.85,7,"The far-western hills are crisscrossed by minor tributaries of the Mahakali and Karnali rivers. These streams sustain agriculture and serve as ritual sites, embodying the lifeline role of water in rural communities.","From Kathmandu, drive west via Mahendra Highway and local roads to explore small rivers and streams in Far Western districts.From Kathmandu, drive west via Mahendra Highway through Doti and Bajhang Districts to explore small rivers and streams.",700,"Serene natural waterways ideal for peaceful exploration. Wildlife sanctuary with grasslands, forests, and rare species.",,3.9,42.1,Moderate
1032,tripura sundari temple,baitadi,"Spring, Autumn","Religious, Cultural",Cultural & Religious Sites,"Pilgrimage, Sightseeing",Easy,Road,29.5167,80.55,7,"Tripura Sundari Temple in Baitadi is a revered shrine dedicated to Goddess Tripura Sundari. It is a major pilgrimage site, attracting devotees during Dashain and other festivals. The temple blends faith, history, and cultural vibrancy.","From Kathmandu, drive west via Mahendra Highway to Bajhang District to visit Tripura Sundari Temple.",750,Sacred Hindu temple attracting devotees and pilgrims. Hilltop village with stunning Himalayan views.,Tripur\download (1).jpeg; Tripur\download (2).jpeg; Tripur\download (3).jpeg; Tripur\download (4).jpeg; Tripur\download.jpeg,4.4,73.4,High
1033,ramaroshan,achham,"Spring, Summer","Nature, Lakes, Meadows",Natural Attractions,"Hiking, Sightseeing",Moderate,Road + Trek,29.25,81.25,7,"Ramaroshan in Achham is a scenic plateau famous for its 12 lakes and 18 meadows. It is a biodiversity hotspot and cultural landmark, offering panoramic Himalayan views. Ramaroshan is both a trekking destination and ecological treasure.","From Kathmandu, drive west via Mahendra Highway to Achham District and local roads to Ramaroshan area.From Kathmandu, drive west via Mahendra Highway to Achham District and follow local roads to Ramaroshan area.",100,Scenic lake and plateau area with rich biodiversity. Peaceful village with traditional rural lifestyle.,Ramaroshan\Ramaroshan 1.1.jpeg; Ramaroshan\Ramaroshan 1.10.jpeg; Ramaroshan\Ramaroshan 1.2.jpeg; Ramaroshan\Ramaroshan 1.3.jpeg; Ramaroshan\Ramaroshan 1.4.jpeg; Ramaroshan\Ramaroshan 1.5.jpeg; Ramaroshan\Ramaroshan 1.6.jpeg; Ramaroshan\Ramaroshan 1.7.jpeg; Ramaroshan\Ramaroshan 1.8.jpeg; Ramaroshan\Ramaroshan 1.9.jpeg,4.9,29.6,Low
1034,khaptad waterfalls,doti,Oct–Mar,Waterfall; Nature; Scenic,Natural Attractions,Photography; Trekking; Nature Walks; Camping,Moderate,Road + Trek,29.1,80.8,7,"Khaptad National Park is dotted with waterfalls cascading through forests and meadows. These waterfalls are popular among trekkers and pilgrims, symbolizing the fusion of natural beauty and spirituality.","From Kathmandu, drive west via Mahendra Highway to Khaptad National Park and hike to the waterfalls.From Kathmandu, drive west via Mahendra Highway to Doti District and trek locally to Khaptad Waterfalls.",120,"Beautiful waterfalls within Khaptad National Park. Tranquil lake surrounded by hills, ideal for picnics and photography.",Khaptad Waterfall\Khaptad Waterfalls 1.1.jpeg; Khaptad Waterfall\Khaptad Waterfalls 1.10.jpeg; Khaptad Waterfall\Khaptad Waterfalls 1.2.jpeg; Khaptad Waterfall\Khaptad Waterfalls 1.3.jpeg; Khaptad Waterfall\Khaptad Waterfalls 1.4.jpeg; Khaptad Waterfall\Khaptad Waterfalls 1.5.jpeg; Khaptad Waterfall\Khaptad Waterfalls 1.6.jpeg; Khaptad Waterfall\Khaptad Waterfalls 1.7.jpeg; Khaptad Waterfall\Khaptad Waterfalls 1.8.jpeg; Khaptad Waterfall\Khaptad Waterfalls 1.9.jpeg,4.6,30.1,Low
1035,dhangadhi,kailali,Oct–Feb,"City, Cultural",Cultural & Religious Sites,Sightseeing,Easy,Road accessible,28.707,80.594,7,"Dhangadhi in Kailali is a major urban center of far-western Nepal. It is a hub for trade, education, and culture, connecting rural districts with national markets. Dhangadhi represents the modern face of far-western Nepal.","From Kathmandu, drive west via Mahendra Highway to reach Dhangadhi in Kailali District.From Kathmandu, drive west via Mahendra Highway to Dhangadhi in Kailali District again.",900,Major city in Far-Western Nepal with urban amenities. Compact viewpoint with sweeping valley views.,Dhangadhi\Dhangadhi 1.1.jpeg; Dhangadhi\Dhangadhi 1.10.jpeg; Dhangadhi\Dhangadhi 1.2.jpeg; Dhangadhi\Dhangadhi 1.3.jpeg; Dhangadhi\Dhangadhi 1.4.jpeg; Dhangadhi\Dhangadhi 1.5.jpeg; Dhangadhi\Dhangadhi 1.6.jpeg; Dhangadhi\Dhangadhi 1.7.jpeg; Dhangadhi\Dhangadhi 1.8.jpeg; Dhangadhi\Dhangadhi 1.9.jpeg,4.4,35.5,Moderate
1036,baitadi minor temples,baitadi,All Year,Religious/Local,Cultural & Religious Sites,Pilgrimage/Photography,Easy,Road & Footpath,29.52,80.65,7,"Scattered across Baitadi are small temples dedicated to local deities and Hindu gods. These micro shrines are central to community rituals, serving as gathering points during festivals. They embody the intimate spirituality of rural Nepal, where faith is woven into everyday life.","From Kathmandu, drive west via Mahendra Highway to Baitadi District to visit minor temples.",973,Secluded stream amidst untouched nature.,Baitadi Minor Temple\Baitadi Minor Temples 1.1.jpeg; Baitadi Minor Temple\Baitadi Minor Temples 1.10.jpeg; Baitadi Minor Temple\Baitadi Minor Temples 1.2.jpeg; Baitadi Minor Temple\Baitadi Minor Temples 1.3.jpeg; Baitadi Minor Temple\Baitadi Minor Temples 1.4.jpeg; Baitadi Minor Temple\Baitadi Minor Temples 1.5.jpeg; Baitadi Minor Temple\Baitadi Minor Temples 1.6.jpeg; Baitadi Minor Temple\Baitadi Minor Temples 1.7.jpeg; Baitadi Minor Temple\Baitadi Minor Temples 1.8.jpeg; Baitadi Minor Temple\Baitadi Minor Temples 1.9.jpeg,4.3,72.8,High
1037,dipayal silgadhi,doti,Oct–Dec,"Urban, Scenic",Natural Attractions,"Sightseeing, Hiking",Moderate,Road,29.2600° N,80.9400° E,7,"The historic administrative headquarters of Doti district, situated along the beautiful banks of the Seti River featuring cultural temples.","From Kathmandu, drive west via Mahendra Highway to reach Dipayal Silgadhi in Doti District.",450,Village with temples and rural charm.,Dipayal Silgadhi\download (1).jpeg; Dipayal Silgadhi\download (2).jpeg; Dipayal Silgadhi\download (3).jpeg; Dipayal Silgadhi\download (5).jpeg; Dipayal Silgadhi\download.jpeg,4.4,24.9,Low
1038,gobghat bazzar,doti,Oct–Dec,"Market, Cultural",Cultural & Religious Sites,"Local Trade, Walk",Easy,Road,29.2650° N,80.9450° E,7,"A lively local commercial riverside marketplace in Doti, serving as an essential transit center for surrounding rural mountain communities.","From Kathmandu, drive west via Mahendra Highway and local roads to reach Gobghat Bazzar in Far Western Nepal.",86,Small settlement with traditional lifestyle and farmland.,Gobghat Bazzar\download (1).jpeg; Gobghat Bazzar\download (2).jpeg; Gobghat Bazzar\download (3).jpeg; Gobghat Bazzar\download (4).jpeg; Gobghat Bazzar\download.jpeg,4,21.7,Low
1039,mathbora,doti,Oct–Dec,Rural,Village & Rural Tourism,Hiking,Moderate,Road,29.2700° N,80.9500° E,7,"A quiet traditional village settlement in Doti district, showcasing authentic far-western lifestyles and scenic terraced farmlands.","From Kathmandu, drive west via Mahendra Highway and local roads to reach Mathbora village in Doti or Bajhang area.",105,Administrative center with local markets and services.,Mathbora\download (1).jpeg; Mathbora\download (2).jpeg; Mathbora\download (3).jpeg; Mathbora\download (5).jpeg; Mathbora\download.jpeg,4.4,26.4,Low
1040,latamandau,doti,Oct–Dec,Rural,Village & Rural Tourism,Hiking,Moderate,Road,29.2750° N,80.9550° E,7,A scenic regional hillside village area in Doti known for its peaceful rural community atmosphere and traditional houses.,"From Kathmandu, drive west via Mahendra Highway and take local roads to Latamandau in Bajhang District.",875,Eastern town with commercial activity and cultural sites.,Latamandau\download (1).jpeg; Latamandau\download (2).jpeg; Latamandau\download (3).jpeg; Latamandau\download (4).jpeg; Latamandau\download.jpeg,4.5,42,Moderate
1041,banedugri sain,doti,Oct–Dec,Hills,Natural Attractions,Trekking,Challenging,Trail,29.2800° N,80.9600° E,7,"A panoramic high-altitude meadow and grassy clearing in Doti, offering vast green pasture vistas surrounded by local forests.","From Kathmandu, drive west via Mahendra Highway and local roads to Banedugri Sain in Doti District.",123,Hilly settlement with peaceful surroundings.,Banedugri Sain\download (1).jpeg; Banedugri Sain\download (2).jpeg; Banedugri Sain\download (3).jpeg; Banedugri Sain\download (5).jpeg; Banedugri Sain\download.jpeg,4.8,25.3,Low
1042,moi,doti,Oct–Dec,Village,Village & Rural Tourism,Cultural Visit,Easy,Road,29.2850° N,80.9650° E,7,"A small rural mountain community settlement in Doti district, focused on local traditional agriculture and livestock husbandry.","From Kathmandu, drive west via Mahendra Highway and local roads to reach Moi village in Bajhang or Doti District.",258,Major river in western Nepal with scenic banks.,Moi\download (1).jpeg; Moi\download (2).jpeg; Moi\download (3).jpeg; Moi\download (4).jpeg; Moi\download.jpeg,4.7,52.8,Moderate
1043,kailpalmandu,doti,Oct–Dec,Village,Village & Rural Tourism,Sightseeing,Easy,Road,29.2900° N,80.9700° E,7,"A sacred pilgrimage flatland area in Doti, dedicated to the revered local deity Kailpal and surrounded by ancient trees.","From Kathmandu, drive west via Mahendra Highway to reach Kailpalmandu near Darchula/Bajhang District.",159,Sacred riverside area with religious importance.,Kailpalmandu\download (1).jpeg; Kailpalmandu\download (2).jpeg; Kailpalmandu\download (3).jpeg; Kailpalmandu\download (5).jpeg; Kailpalmandu\download.jpeg,4.6,48.4,Moderate
1044,malma,doti,Oct–Dec,Rural,Village & Rural Tourism,Hiking,Moderate,Road,29.3000° N,80.9800° E,7,"An offbeat mountain village in Doti district, offering tranquil valley views and showing traditional cultural architecture.","From Kathmandu, drive west via Mahendra Highway and take local roads to Malma village in Bajhang District.",654,Local village with serene natural surroundings.,Malma\download (1).jpeg; Malma\download (2).jpeg; Malma\download (3).jpeg; Malma\download (5).jpeg; Malma\download.jpeg,4.3,38.3,Moderate
1045,amargadhi,dadeldhura,Oct–Dec,Urban,Urban & Modern Attractions,Sightseeing,Easy,Road,29.3000° N,80.5800° E,7,"A historical hilltop fort town in Dadeldhura district, built by the Gorkha commanders featuring preserved stone fortresses.","From Kathmandu, drive west via Mahendra Highway to Amargadhi in Dadeldhura District.",321,Majestic Himalayan peak ideal for trekking and mountaineering.,Amargadhi\download (1).jpeg; Amargadhi\download (2).jpeg; Amargadhi\download (3).jpeg; Amargadhi\download (4).jpeg; Amargadhi\download.jpeg,4.5,30.1,Low
1046,bhadrapur,dadeldhura,Oct–Dec,Village,Village & Rural Tourism,Cultural Visit,Easy,Road,29.3100° N,80.5900° E,7,"A scenic settlement located in Dadeldhura district, featuring a blend of rural hillside farming and cultural traditions.","From Kathmandu, drive west via Mahendra Highway to Bhadrapur in Far Western Nepal.",987,Remote lake area surrounded by hills.,Bhadrapur\download (1).jpeg; Bhadrapur\download (2).jpeg; Bhadrapur\download (3).jpeg; Bhadrapur\download (5).jpeg; Bhadrapur\download.jpeg,4.5,52.9,Moderate
1047,chipur,dadeldhura,Oct–Dec,Rural,Village & Rural Tourism,Hiking,Moderate,Road,29.3200° N,80.6000° E,7,"A quiet traditional village in Dadeldhura, showcasing authentic far-western community values and terraced hills.","From Kathmandu, drive west via Mahendra Highway and local roads to Chipur in Bajhang District.",138,Sacred hilltop temple with panoramic mountain views.,Chipur\download (1).jpeg; Chipur\download (2).jpeg; Chipur\download (3).jpeg; Chipur\download (4).jpeg; Chipur\download.jpeg,4.6,34.7,Low
1048,mahakali,darchula,Oct–Dec,"River, Religious",Natural Attractions,Sightseeing,Easy,Road,29.8400° N,80.5500° E,7,"A high-altitude mountainous border region along the pristine Mahakali River, presenting raw wilderness views and rugged terrains.","From Kathmandu, drive west via Mahendra Highway to Mahakali River area in Darchula/Baitadi District.",125,High-altitude region with strategic and scenic importance.,Mahakali\download (1).jpeg; Mahakali\download (2).jpeg; Mahakali\download (3).jpeg; Mahakali\download (5).jpeg; Mahakali\download.jpeg,4,28,Low
1049,pancheshwar,darchula,Oct–Dec,Religious,Cultural & Religious Sites,Pilgrimage,Easy,Road,29.9000° N,80.5500° E,7,"The famous confluence point of the Mahakali and Sarju rivers, slated for a major hydro project and deeply sacred to pilgrims.","From Kathmandu, drive west via Mahendra Highway to Pancheshwar on the Mahakali River border area.",136,Famous for the snow pattern resembling “Om” on the peak.,Pancheshwar\download (1).jpeg; Pancheshwar\download (2).jpeg; Pancheshwar\download (3).jpeg; Pancheshwar\download (4).jpeg; Pancheshwar\download.jpeg,4.4,40.8,Moderate
1050,kailpal temple,doti,Oct–Dec,Temple,Cultural & Religious Sites,Religious Visit,Easy,Road,29.2800° N,80.9700° E,7,"A highly revered Hindu temple complex in Doti, dedicated to the guardian deity Kailpal and visited during grand local festivals.","From Kathmandu, drive west via Mahendra Highway to reach Kailpal Temple in Bajhang/Darchula District.",652,"Historic cave associated with sage Vyas, a spiritual pilgrimage site",Kailpal Temple\download (1).jpeg; Kailpal Temple\download (2).jpeg; Kailpal Temple\download (3).jpeg; Kailpal Temple\download (5).jpeg; Kailpal Temple\download.jpeg,4,75.6,High
1051,shibanath,baitadi,Oct–Dec,Temple,Cultural & Religious Sites,Pilgrimage,Easy,Road,29.5400° N,80.7200° E,7,"A religious shrine area located in Baitadi district, hosting local Hindu rituals and traditional far-western cultural heritage.","From Kathmandu, drive west via Mahendra Highway and local roads to Shibanath village in Bajhang District.",250,Local village with serene natural surroundings.,Shibanath\download (1).jpeg; Shibanath\download (2).jpeg; Shibanath\download (3).jpeg; Shibanath\download (4).jpeg; Shibanath\download.jpeg,4,39.3,Moderate
1052,saipal,bajhang,May–Oct,"Mountain, Trekking",Trekking & Adventure,Expedition,Challenging,Trail,30.0500° N,81.2200° E,7,"A magnificent, towering Himalayan peak in Bajhang district, attracting alpine mountaineers and offering elite glacial vistas.","From Kathmandu, drive west via Mahendra Highway and local roads, then trek to Saipal Mountain area in Bajhang District.",350,Majestic Himalayan peak ideal for trekking and mountaineering.,Saipal\download (1).jpeg; Saipal\download (2).jpeg; Saipal\download (3).jpeg; Saipal\download (5).jpeg; Saipal\download.jpeg,4.6,43.1,Moderate
1053,khunka daha,bajura,May–Oct,Lake,Natural Attractions,Hiking,Moderate,Trail,29.5000° N,81.6000° E,7,"A mystical high-altitude natural lake in Bajura, hidden deep within local forests and rich in native folklore and biodiversity.","From Kathmandu, drive west via Mahendra Highway and local roads to Khunka Daha in Doti District.",330,Remote lake area surrounded by hills.,Daha\download (1).jpeg; Daha\download (2).jpeg; Daha\download (3).jpeg; Daha\download (4).jpeg; Daha\download.jpeg,4.4,37.1,Moderate
1054,badimalika,bajura,May–Oct,"Temple, Hill",Natural Attractions,"Pilgrimage, Hiking",Moderate,Trail,29.5500° N,81.6500° E,7,"A legendary holy hilltop temple complex in Bajura, situated amidst spectacular high-altitude alpine meadows at 4,200m.","From Kathmandu, drive west via Mahendra Highway and local roads to reach Badimalika Temple in Bajhang District.",700,Sacred hilltop temple with panoramic mountain views.,Badimalika\download (1).jpeg; Badimalika\download (2).jpeg; Badimalika\download (3).jpeg; Badimalika\download (5).jpeg; Badimalika\download.jpeg,4.3,42.4,Moderate
1055,kalapani,darchula,May–Oct,Mountain Viewpoint,Natural Attractions,"Sightseeing, Trekking",Challenging,Trail,30.2000° N,80.9000° E,7,"Duplicate entry or adjacent shrine area for the sacred Badimalika temple complex, renowned for vast emerald green hills.","From Kathmandu, drive west via Mahendra Highway and local roads to Kalapani in Darchula District near the India-Nepal border.",110,High-altitude region with strategic and scenic importance.,Kalapani\download (1).jpeg; Kalapani\download (2).jpeg; Kalapani\download (3).jpeg; Kalapani\download (4).jpeg; Kalapani\download.jpeg,4.8,27.5,Low
1056,om parvat viewpoint,darchula,May–Oct,Mountain,Natural Attractions,Sightseeing,Moderate,Trail,30.2100° N,80.9100° E,7,"A stunning, strategically vital high-altitude alpine valley in Darchula district, offering direct views of the border ranges.","From Kathmandu, drive west via Mahendra Highway to Darchula District and trek locally to Om Parvat viewpoint.",128,Famous for the snow pattern resembling “Om” on the peak.,Om Parvat Viewpoint\download (1).jpeg; Om Parvat Viewpoint\download (2).jpeg; Om Parvat Viewpoint\download (3).jpeg; Om Parvat Viewpoint\download (5).jpeg; Om Parvat Viewpoint\download.jpeg,4.2,32,Low
1057,vyas cave,darchula,May–Oct,"Cave, Religious",Natural Attractions,Pilgrimage,Moderate,Trail,30.2200° N,80.9200° E,7,"A highly sacred mountain peak viewpoint in Darchula, where the natural snow accumulation pattern forms the sacred Hindu symbol 'Om'.","From Kathmandu, drive west via Mahendra Highway and local roads to reach Vyas Cave near the Mahakali River.",980,"Historic cave associated with sage Vyas, a spiritual pilgrimage site",,4.3,37.2,Moderate
